id,text,label,language,style,is_neutral_or_safe,speaker_role
SAATHI_00001,divorce and child custody ke legal aspects samajhne hain aur fir...,REQUEST_COUNSELLING_LEGAL_MEDICAL,hinglish,incomplete_hesitant,False,caller
SAATHI_00002,"Unstable dynamic with fluctuating danger levels every few moments, I am urgently asking for intervention.",CONTRADICTORY_CHANGING_SITUATION,en,compound_dialogue,False,caller
SAATHI_00003,प्लीज 112 को अलर्ट करिए मुझे तुरंत पुलिस सुरक्षा चाहिए,REQUEST_POLICE_EMERGENCY_HELP,hi,standard,False,caller
SAATHI_00004,urgent patrol car send karein to my address right now,REQUEST_POLICE_EMERGENCY_HELP,hinglish,standard,False,caller
SAATHI_00005,My spouse assaults me in front of our minor children regularly,DOMESTIC_FAMILY_VIOLENCE,en,spelling_variation,False,caller
SAATHI_00006,ghabra gayi hoon samajh nahi aa raha kya karoon,FEAR_DISTRESS_PANIC,hinglish,short,False,caller
SAATHI_00007,"meri life ka koi meaning nahi bacha i want to die, please kuch jaldi kijiye.",SELF_HARM_CONCERN,hinglish,compound_dialogue,False,caller
SAATHI_00008,मैडम... दिव्यांग होने के कारण मैं अपनी रक्षा खुद नहीं कर पा रहा हूं,CHILD_ELDERLY_DISABILITY_VULNERABILITY,hi,conversational,False,caller
SAATHI_00009,"He calls me from dozens of virtual numbers whenever I block him, I am urgently asking for intervention.",STALKING_FOLLOWING,en,compound_dialogue,False,caller
SAATHI_00010,tv serial mein thriller climax scene dekh rahe the hum log,NEUTRAL_NO_INDICATOR,hinglish,short,True,caller
SAATHI_00011,उसने मेरे साथ जबरदस्ती करने की कोशिश की और कपड़े फाड़ दिए,SEXUAL_VIOLENCE_HARASSMENT,hi,standard,False,caller
SAATHI_00012,कृपया ध्यान दें... मेरी सास मुझे भूखा रखती है और मानसिक रूप से टॉर्चर करती है,DOMESTIC_FAMILY_VIOLENCE,hi,spelling_variation,False,caller
SAATHI_00013,कभी कहता है प्यार करता है,CONTRADICTORY_CHANGING_SITUATION,hi,short,False,caller
SAATHI_00014,He slapped me so violently that my eardrum started ringing and bleeding,PHYSICAL_VIOLENCE_INJURY,en,incomplete_hesitant,False,caller
SAATHI_00015,bike se follow karta hai roz office se aate waqt,STALKING_FOLLOWING,hinglish,spelling_variation,False,caller
SAATHI_00016,Influential village groups are attacking our hamlet using casteist abuse,DISCRIMINATION_CASTE_VULNERABILITY,en,spelling_variation,False,caller
SAATHI_00017,"evicted from house in dark lonely street right now, please kuch jaldi kijiye.",NO_SAFE_PLACE_HOMELESSNESS,hinglish,compound_dialogue,False,caller
SAATHI_00018,He warned me that going to court will cost my life aur fir...,THREAT_INTIMIDATION,en,incomplete_hesitant,False,caller
SAATHI_00019,laga tha truce ho gaya settlement but fir assault shuru,CONTRADICTORY_CHANGING_SITUATION,hinglish,conversational,False,caller
SAATHI_00020,मैं अलमारी के पीछे छुपी हूं वो ढूंढ रहा है मुझे pata nahi...,IMMEDIATE_PHYSICAL_DANGER,hi,incomplete_hesitant,False,caller
SAATHI_00021,He warned me that going to court will cost my life suno na...,THREAT_INTIMIDATION,en,incomplete_hesitant,False,caller
SAATHI_00022,मैं बाथरूम में बंद हूं वो बाहर कुल्हाड़ी लेकर खड़ा है,IMMEDIATE_PHYSICAL_DANGER,hi,short,False,caller
SAATHI_00023,case wapas lene ke liye coercion aur pressure create kar raha,COERCION_BLACKMAIL,hinglish,short,False,caller
SAATHI_00024,"I don't know the exact street address, everything is disorienting",UNCERTAINTY_UNCLEAR_INFO,en,short,False,caller
SAATHI_00025,I noticed the same man following on foot whenever I walk my dog,STALKING_FOLLOWING,en,standard,False,caller
SAATHI_00026,"caste and community backlash face kar rahe hain hum, please kuch jaldi kijiye.",SOCIAL_COMMUNITY_PRESSURE,hinglish,compound_dialogue,False,caller
SAATHI_00027,प्लीज... मैंने नींद की बहुत सारी गोलियां हाथ में ली हुई हैं,SELF_HARM_CONCERN,hi,conversational,False,caller
SAATHI_00028,I am completely in panic mode and cannot breathe properly,FEAR_DISTRESS_PANIC,en,spelling_variation,False,caller
SAATHI_00029,कृपया ध्यान दें... मेरा हाथ मरोड़ कर तोड़ दिया है बहुत तेज दर्द हो रहा है,PHYSICAL_VIOLENCE_INJURY,hi,spelling_variation,False,caller
SAATHI_00030,"He is using compromising screenshots to extort compliance from me, I am urgently asking for intervention.",COERCION_BLACKMAIL,en,compound_dialogue,False,caller
SAATHI_00031,मैं अपने पड़ोसियों के घर आ गई हूं यहां सब ठीक है jaldi...,CURRENT_SAFETY_REASSURANCE,hi,incomplete_hesitant,True,caller
SAATHI_00032,everything feels blurry not sure what happened exactly please...,UNCERTAINTY_UNCLEAR_INFO,hinglish,incomplete_hesitant,False,caller
SAATHI_00033,roz threatening messages bhej raha hai call pe jaldi...,THREAT_INTIMIDATION,hinglish,incomplete_hesitant,False,caller
SAATHI_00034,वो मेरी हर लोकेशन ट्रैक कर रहा है और जहां जाती हूं पहुंच जाता है suno na...,STALKING_FOLLOWING,hi,incomplete_hesitant,False,caller
SAATHI_00035,case wapas lene ke liye coercion aur pressure create kar raha,COERCION_BLACKMAIL,hinglish,short,False,caller
SAATHI_00036,कृपया ध्यान दें... मेंटल हेल्थ के लिए किसी मनोवैज्ञानिक से परामर्श लेना चाहती हूं,REQUEST_COUNSELLING_LEGAL_MEDICAL,hi,spelling_variation,False,caller
SAATHI_00037,"casteist slurs dekar public tap se paani nahi lene diya, please kuch jaldi kijiye.",DISCRIMINATION_CASTE_VULNERABILITY,hinglish,compound_dialogue,False,caller
SAATHI_00038,I wanted to know the address of the district collectorate office please...,NEUTRAL_NO_INDICATOR,en,incomplete_hesitant,True,caller
SAATHI_00039,ghar mein sirf minor children hain severe safety vulnerability,CHILD_ELDERLY_DISABILITY_VULNERABILITY,hinglish,short,False,caller
SAATHI_00040,situation normal ho gayi hai wo chala gaya,CURRENT_SAFETY_REASSURANCE,hinglish,short,True,caller
SAATHI_00041,उसने मुझे कमरे में बंद करके अश्लील हरकतें कीं,SEXUAL_VIOLENCE_HARASSMENT,hi,standard,False,caller
SAATHI_00042,कृपया ध्यान दें... बुजुर्ग महिला अकेली रहती है उसकी देखभाल करने वाला कोई नहीं,CHILD_ELDERLY_DISABILITY_VULNERABILITY,hi,spelling_variation,False,caller
SAATHI_00043,husband ne aadhi raat ko ghar se nikal diya road par hoon,NO_SAFE_PLACE_HOMELESSNESS,hinglish,incomplete_hesitant,False,caller
SAATHI_00044,sir... he is outside right now with an iron rod kicking the door,IMMEDIATE_PHYSICAL_DANGER,hinglish,conversational,False,caller
SAATHI_00045,zabardasti pakad ke intimacy force karne laga,SEXUAL_VIOLENCE_HARASSMENT,hinglish,spelling_variation,False,caller
SAATHI_00046,उसने धक्का दिया मैं सीढ़ियों से नीचे गिर गई,PHYSICAL_VIOLENCE_INJURY,hi,conversational,False,caller
SAATHI_00047,"My heart is racing, I feel paralyzed with fear",FEAR_DISTRESS_PANIC,en,spelling_variation,False,caller
SAATHI_00048,"पहले दरवाजा पीटना बंद कर दिया था अब कुल्हाड़ी लेकर आ गया, मुझे बहुत चिंता हो रही है।",CONTRADICTORY_CHANGING_SITUATION,hi,compound_dialogue,False,caller
SAATHI_00049,कृपया ध्यान दें... जातिसूचक अपमान करके मुझे जमीन से बेदखल करने की साजिश हो रही है,DISCRIMINATION_CASTE_VULNERABILITY,hi,spelling_variation,False,caller
SAATHI_00050,अब स्थिति सामान्य है उसने माफी मांग ली,CURRENT_SAFETY_REASSURANCE,hi,short,True,caller
SAATHI_00051,"Suffering severe poisoning symptoms, rapid medical dispatch required",MEDICAL_EMERGENCY,en,standard,False,caller
SAATHI_00052,My husband confiscated my phone,DOMESTIC_FAMILY_VIOLENCE,en,short,False,caller
SAATHI_00053,Hello... He calls me from dozens of virtual numbers whenever I block him,STALKING_FOLLOWING,en,conversational,False,caller
SAATHI_00054,"He changes his narrative constantly, making contradictory declarations, I am urgently asking for intervention.",CONTRADICTORY_CHANGING_SITUATION,en,compound_dialogue,False,caller
SAATHI_00055,mob gathering ho rahi hai house ke bahar group intimidation suno na...,SOCIAL_COMMUNITY_PRESSURE,hinglish,incomplete_hesitant,False,caller
SAATHI_00056,Help me... I am hiding in the closet and he is searching for me with a weapon,IMMEDIATE_PHYSICAL_DANGER,en,conversational,False,caller
SAATHI_00057,मुझे घरेलू हिंसा कानून के तहत अपने अधिकारों की जानकारी चाहिए,REQUEST_COUNSELLING_LEGAL_MEDICAL,hi,standard,False,caller
SAATHI_00058,iron rod se mara hai usne leg par chal nahi pa rahi pata nahi...,PHYSICAL_VIOLENCE_INJURY,hinglish,incomplete_hesitant,False,caller
SAATHI_00059,ऑफिस के बाहर खड़े होकर मेरा इंतजार करता है और घूरता रहता है jaldi...,STALKING_FOLLOWING,hi,incomplete_hesitant,False,caller
SAATHI_00060,सब कुछ धुंधला लग रहा है याददाश्त साथ नहीं दे रही pata nahi...,UNCERTAINTY_UNCLEAR_INFO,hi,incomplete_hesitant,False,caller
SAATHI_00061,उसने पहले धमकी दी फिर रोने लगा और माफी मांगने लगा jaldi...,CONTRADICTORY_CHANGING_SITUATION,hi,incomplete_hesitant,False,caller
SAATHI_00062,जातिगत अत्याचार हो रहा है हमारे मोहल्ले में,DISCRIMINATION_CASTE_VULNERABILITY,hi,incomplete_hesitant,False,caller
SAATHI_00063,"Officer... Emergency ambulance required, pulse fading rapidly",MEDICAL_EMERGENCY,en,conversational,False,caller
SAATHI_00064,Enormous collective pressure from the clan to drop the complaint,SOCIAL_COMMUNITY_PRESSURE,en,standard,False,caller
SAATHI_00065,bathroom mein chhipi hoon wo bahar darwaza peet raha hai,IMMEDIATE_PHYSICAL_DANGER,hinglish,conversational,False,caller
SAATHI_00066,Please listen... He severed all my connections with my friends and childhood family,ISOLATION_NO_SUPPORT,en,conversational,False,caller
SAATHI_00067,छोटे मासूम बच्चे हैं उनको छुपा कर बैठी हूं,CHILD_ELDERLY_DISABILITY_VULNERABILITY,hi,short,False,caller
SAATHI_00068,कोई शेल्टर होम बताइए मुझे शरण चाहिए आज रात के लिए,NO_SAFE_PLACE_HOMELESSNESS,hi,short,False,caller
SAATHI_00069,कृपया ध्यान दें... किसी को मेरी परवाह नहीं है मैं अकेली कैसे सामना करूं,ISOLATION_NO_SUPPORT,hi,spelling_variation,False,caller
SAATHI_00070,severe burn injuries skin peel ho gayi hai crying in agony,MEDICAL_EMERGENCY,hinglish,spelling_variation,False,caller
SAATHI_00071,A pregnant woman subjected to violence and in critical vulnerability please...,CHILD_ELDERLY_DISABILITY_VULNERABILITY,en,incomplete_hesitant,False,caller
SAATHI_00072,usne zabardasti karne ki koshish ki aur kapde phad diye,SEXUAL_VIOLENCE_HARASSMENT,hinglish,incomplete_hesitant,False,caller
SAATHI_00073,samaj ke log village chhodne ka pressure daal rahe hain,SOCIAL_COMMUNITY_PRESSURE,hinglish,short,False,caller
SAATHI_00074,सांस नहीं आ रही बहुत खून बह रहा है तुरंत एम्बुलेंस भेजो,MEDICAL_EMERGENCY,hi,standard,False,caller
SAATHI_00075,Facing village-wide excommunication and honor violence threats,SOCIAL_COMMUNITY_PRESSURE,en,standard,False,caller
SAATHI_00076,mob gathering ho rahi hai house ke bahar group intimidation,SOCIAL_COMMUNITY_PRESSURE,hinglish,incomplete_hesitant,False,caller
SAATHI_00077,रात भर खुले आसमान के नीचे रहने को मजबूर हूं jaldi...,NO_SAFE_PLACE_HOMELESSNESS,hi,incomplete_hesitant,False,caller
SAATHI_00078,"घर से बेदखल कर दिया रात के अंधेरे में सुनसान सड़क पर हूं, मुझे बहुत चिंता हो रही है।",NO_SAFE_PLACE_HOMELESSNESS,hi,compound_dialogue,False,caller
SAATHI_00079,kisi ka support nahi hai completely alone in this city,ISOLATION_NO_SUPPORT,hinglish,spelling_variation,False,caller
SAATHI_00080,he is stalking me everywhere i go he appears there,STALKING_FOLLOWING,hinglish,standard,False,caller
SAATHI_00081,"He lingers outside my apartment gate for hours watching my window, I am urgently asking for intervention.",STALKING_FOLLOWING,en,compound_dialogue,False,caller
SAATHI_00082,"इस दर्द से अच्छा है कि मैं मर जाऊं हमेशा के लिए, मुझे बहुत चिंता हो रही है।",SELF_HARM_CONCERN,hi,compound_dialogue,False,caller
SAATHI_00083,He said he will finish my entire family if I step outside,THREAT_INTIMIDATION,en,spelling_variation,False,caller
SAATHI_00084,arre... in-laws khana nahi dete aur abuse karte hain mental aur physical,DOMESTIC_FAMILY_VIOLENCE,hinglish,conversational,False,caller
SAATHI_00085,Seeking professional counseling for prolonged emotional distress,REQUEST_COUNSELLING_LEGAL_MEDICAL,en,standard,False,caller
SAATHI_00086,"I don't know the exact street address, everything is disorienting",UNCERTAINTY_UNCLEAR_INFO,en,spelling_variation,False,caller
SAATHI_00087,"thana se police force bhejo arms leke khade hain log, please kuch jaldi kijiye.",REQUEST_POLICE_EMERGENCY_HELP,hinglish,compound_dialogue,False,caller
SAATHI_00088,dhamki de raha hai ki pure parivar ko khatam kar dunga please...,THREAT_INTIMIDATION,hinglish,incomplete_hesitant,False,caller
SAATHI_00089,A stranger has been trailing behind my car for the past forty minutes,STALKING_FOLLOWING,en,spelling_variation,False,caller
SAATHI_00090,"My mother-in-law and husband coordinate physical attacks against me, I am urgently asking for intervention.",DOMESTIC_FAMILY_VIOLENCE,en,compound_dialogue,False,caller
SAATHI_00091,pcr van bhej do meri location par urgent police assistance needed,REQUEST_POLICE_EMERGENCY_HELP,hinglish,spelling_variation,False,caller
SAATHI_00092,Officer... He sent someone to deliver an open death threat,THREAT_INTIMIDATION,en,conversational,False,caller
SAATHI_00093,My daughter has severe mobility disabilities and cannot run away pata nahi...,CHILD_ELDERLY_DISABILITY_VULNERABILITY,en,incomplete_hesitant,False,caller
SAATHI_00094,I have safely reached the local police station and I am secure now aur fir...,CURRENT_SAFETY_REASSURANCE,en,incomplete_hesitant,True,caller
SAATHI_00095,"I am visually impaired and living alone without any assistance, I am urgently asking for intervention.",CHILD_ELDERLY_DISABILITY_VULNERABILITY,en,compound_dialogue,False,caller
SAATHI_00096,He confiscated my documents and trapped me in total isolation,ISOLATION_NO_SUPPORT,en,standard,False,caller
SAATHI_00097,उसके हाथ में चाकू है और वो अंदर घुसने की कोशिश कर रहा है,IMMEDIATE_PHYSICAL_DANGER,hi,standard,False,caller
SAATHI_00098,सर... बहुत रोना आ रहा है डर के मारे पसीने छूट रहे हैं,FEAR_DISTRESS_PANIC,hi,conversational,False,caller
SAATHI_00099,दहेज में गाड़ी और पैसे मांगने के लिए मुझ पर अत्याचार हो रहा है,DOMESTIC_FAMILY_VIOLENCE,hi,standard,False,caller
SAATHI_00100,He physically threw me out against the wall and injured my spine,PHYSICAL_VIOLENCE_INJURY,en,spelling_variation,False,caller
SAATHI_00101,urgent patrol car send karein to my address right now jaldi...,REQUEST_POLICE_EMERGENCY_HELP,hinglish,incomplete_hesitant,False,caller
SAATHI_00102,sir... roz call karke dhamki deta hai bahar nikal,THREAT_INTIMIDATION,hinglish,conversational,False,caller
SAATHI_00103,listen... right now wo mere samne khada hai chaku leke,IMMEDIATE_PHYSICAL_DANGER,hinglish,conversational,False,caller
SAATHI_00104,counsellor se baat karne ka number provide kar sakte hain kya,REQUEST_COUNSELLING_LEGAL_MEDICAL,hinglish,conversational,False,caller
SAATHI_00105,उसने चाकू से कट मार दिया है हाथ पर गहरा घाव है,PHYSICAL_VIOLENCE_INJURY,hi,standard,False,caller
SAATHI_00106,प्लीज... वो कह रहा है कि तुझे बर्बाद कर दूंगा कोर्ट मत जाना,THREAT_INTIMIDATION,hi,conversational,False,caller
SAATHI_00107,"He is pouring kerosene at the door right now, please hurry",IMMEDIATE_PHYSICAL_DANGER,en,short,False,caller
SAATHI_00108,कृपया ध्यान दें... मेरी चैट लीक करने की धमकी देकर गलत काम करने के लिए मजबूर कर रहा,COERCION_BLACKMAIL,hi,spelling_variation,False,caller
SAATHI_00109,Denial of healthcare treatment after inquiring about our caste identity,DISCRIMINATION_CASTE_VULNERABILITY,en,spelling_variation,False,caller
SAATHI_00110,मुझे लात मारी पेट में बहुत भयानक दर्द हो रहा है,PHYSICAL_VIOLENCE_INJURY,hi,short,False,caller
SAATHI_00111,"पुलिस को भेजिए ताकि हमलावर को पकड़ा जा सके, मुझे बहुत चिंता हो रही है।",REQUEST_POLICE_EMERGENCY_HELP,hi,compound_dialogue,False,caller
SAATHI_00112,डॉक्टर साहब अस्पताल में मरीज की पुरानी चोट की पट्टी बदल रहे हैं,NEUTRAL_NO_INDICATOR,hi,short,True,caller
SAATHI_00113,"Police have apprehended the suspect, immediate risk is over, I am urgently asking for intervention.",CURRENT_SAFETY_REASSURANCE,en,compound_dialogue,True,caller
SAATHI_00114,unpredictable behavior hai kabhi friendly kabhi threatening,CONTRADICTORY_CHANGING_SITUATION,hinglish,short,False,caller
SAATHI_00115,कृपया ध्यान दें... रेस्क्यू टीम और पुलिस की सख्त आवश्यकता है तुरंत,REQUEST_POLICE_EMERGENCY_HELP,hi,spelling_variation,False,caller
SAATHI_00116,मेरी बात सुनिए... मुफ्त विधिक सहायता (लीगल एड) कहां से मिलेगी?,REQUEST_COUNSELLING_LEGAL_MEDICAL,hi,conversational,False,caller
SAATHI_00117,I have suffered years of domestic cruelty,DOMESTIC_FAMILY_VIOLENCE,en,short,False,caller
SAATHI_00118,roz threatening messages bhej raha hai call pe suno na...,THREAT_INTIMIDATION,hinglish,incomplete_hesitant,False,caller
SAATHI_00119,gaon ki panchayat ne social boycott kar diya hai family ka,SOCIAL_COMMUNITY_PRESSURE,hinglish,conversational,False,caller
SAATHI_00120,please... darr ke mare main roye ja rahi hoon control nahi ho raha,FEAR_DISTRESS_PANIC,hinglish,conversational,False,caller
SAATHI_00121,"meri halat kharab ho rahi hai ghabrahat ki wajah se, please kuch jaldi kijiye.",FEAR_DISTRESS_PANIC,hinglish,compound_dialogue,False,caller
SAATHI_00122,electricity bill payment process verify karna tha,NEUTRAL_NO_INDICATOR,hinglish,standard,True,caller
SAATHI_00123,"We were just joking and laughing among friends, no dispute took place",NEUTRAL_NO_INDICATOR,en,standard,True,caller
SAATHI_00124,उसने मारपीट करके मुझे कमरे में बंद कर दिया था,PHYSICAL_VIOLENCE_INJURY,hi,standard,False,caller
SAATHI_00125,प्लीज... कोई रोज मेरे घर के बाहर खड़ा होकर खिड़की में झांकता है,STALKING_FOLLOWING,hi,conversational,False,caller
SAATHI_00126,doctor hospital mein old wound ki routine dressing kar rahe hain,NEUTRAL_NO_INDICATOR,hinglish,short,True,caller
SAATHI_00127,bohot ghabrahat ho rahi hai panic attack jaisa lag raha,FEAR_DISTRESS_PANIC,hinglish,standard,False,caller
SAATHI_00128,"Call the police PCR van right now, we are under active siege",REQUEST_POLICE_EMERGENCY_HELP,en,standard,False,caller
SAATHI_00129,कृपया ध्यान दें... मैं बिल्कुल बेसहारा हूं मुझे कोई रास्ता नहीं दिख रहा,ISOLATION_NO_SUPPORT,hi,spelling_variation,False,caller
SAATHI_00130,वो अनजान नंबरों से दिन में पचास बार कॉल और मैसेज करता है,STALKING_FOLLOWING,hi,conversational,False,caller
SAATHI_00131,"मकान मालिक ने ताला लगा दिया मेरा सामान सड़क पर फेंक दिया, मुझे बहुत चिंता हो रही है।",NO_SAFE_PLACE_HOMELESSNESS,hi,compound_dialogue,False,caller
SAATHI_00132,lower caste bol kar school mein bacche ke sath discrimination kiya,DISCRIMINATION_CASTE_VULNERABILITY,hinglish,conversational,False,caller
SAATHI_00133,"मुफ्त विधिक सहायता (लीगल एड) कहां से मिलेगी?, मुझे बहुत चिंता हो रही है।",REQUEST_COUNSELLING_LEGAL_MEDICAL,hi,compound_dialogue,False,caller
SAATHI_00134,Ma'am... Our college is hosting a martial arts and self-defense sports competition,NEUTRAL_NO_INDICATOR,en,conversational,True,caller
SAATHI_00135,अरे... उसने मेरी स्कूटी में जीपीएस ट्रैकर लगा दिया है शायद,STALKING_FOLLOWING,hi,conversational,False,caller
SAATHI_00136,I have been battered brutally and require immediate medical trauma care pata nahi...,PHYSICAL_VIOLENCE_INJURY,en,incomplete_hesitant,False,caller
SAATHI_00137,"पूरी दुनिया से कट गई हूं बिल्कुल तन्हाई और लाचारी है, मुझे बहुत चिंता हो रही है।",ISOLATION_NO_SUPPORT,hi,compound_dialogue,False,caller
SAATHI_00138,मेरे साथ छेड़छाड़ हुई है रास्ते में घेर लिया था,SEXUAL_VIOLENCE_HARASSMENT,hi,conversational,False,caller
SAATHI_00139,"blackmail karke keh raha hai relatives ko photo bhej dunga, please kuch jaldi kijiye.",COERCION_BLACKMAIL,hinglish,compound_dialogue,False,caller
SAATHI_00140,police bhejo jaldi varna wo injury kar dega,REQUEST_POLICE_EMERGENCY_HELP,hinglish,spelling_variation,False,caller
SAATHI_00141,"शायद वो कोई सफेद गाड़ी थी या काली ठीक से नहीं देखा, मुझे बहुत चिंता हो रही है।",UNCERTAINTY_UNCLEAR_INFO,hi,compound_dialogue,False,caller
SAATHI_00142,"I am friendless, helpless,",ISOLATION_NO_SUPPORT,en,short,False,caller
SAATHI_00143,"dynamic fluctuating situation cannot anticipate next move, please kuch jaldi kijiye.",CONTRADICTORY_CHANGING_SITUATION,hinglish,compound_dialogue,False,caller
SAATHI_00144,"blackmail karke keh raha hai relatives ko photo bhej dunga, please kuch jaldi kijiye.",COERCION_BLACKMAIL,hinglish,compound_dialogue,False,caller
SAATHI_00145,उसने मुझे जमीन पर पटक कर लात-घूंसों से मारा,PHYSICAL_VIOLENCE_INJURY,hi,standard,False,caller
SAATHI_00146,He has an iron rod and is walking aggressively towards me,IMMEDIATE_PHYSICAL_DANGER,en,standard,False,caller
SAATHI_00147,वो सोशल मीडिया पर फेक आईडी बनाकर मेरी फोटो पर कमेंट करता है,STALKING_FOLLOWING,hi,short,False,caller
SAATHI_00148,Prolonged domestic abuse and spousal battery taking place daily,DOMESTIC_FAMILY_VIOLENCE,en,incomplete_hesitant,False,caller
SAATHI_00149,मुझसे जबरन खाली स्टांप पेपर पर दस्तखत करवाए जा रहे हैं,COERCION_BLACKMAIL,hi,incomplete_hesitant,False,caller
SAATHI_00150,exact location nahi pata road ka naam yaad nahi aa raha,UNCERTAINTY_UNCLEAR_INFO,hinglish,spelling_variation,False,caller
SAATHI_00151,socially totally isolated kar diya hai mujhe pata nahi...,ISOLATION_NO_SUPPORT,hinglish,incomplete_hesitant,False,caller
SAATHI_00152,कृपया ध्यान दें... यौन उत्पीड़न किया गया है मेरे साथ ऑफिस में,SEXUAL_VIOLENCE_HARASSMENT,hi,spelling_variation,False,caller
SAATHI_00153,"I don't see any reason to live anymore, I want to end my life",SELF_HARM_CONCERN,en,standard,False,caller
SAATHI_00154,गंदे फोटो दिखाकर मुझे डरा रहा है और ब्लैकमेल कर रहा है...,COERCION_BLACKMAIL,hi,incomplete_hesitant,False,caller
SAATHI_00155,rehney ki koi jagah nahi hai railway station par bethi hoon,NO_SAFE_PLACE_HOMELESSNESS,hinglish,spelling_variation,False,caller
SAATHI_00156,मैडम... वो पेट्रोल की बोतल लेकर दरवाजे पर आ गया है,IMMEDIATE_PHYSICAL_DANGER,hi,conversational,False,caller
SAATHI_00157,उसने कहा कि वो पुलिस बुलाएगा फिर खुद ही भागने की बात करने लगा aur fir...,CONTRADICTORY_CHANGING_SITUATION,hi,incomplete_hesitant,False,caller
SAATHI_00158,गहरी चोट लगी है खून रुक नहीं रहा पट्टी भी नहीं है,MEDICAL_EMERGENCY,hi,short,False,caller
SAATHI_00159,sir... trauma counselling session schedule karwa dijiye,REQUEST_COUNSELLING_LEGAL_MEDICAL,hinglish,conversational,False,caller
SAATHI_00160,मैं सुन और बोल नहीं सकती मुझे लिखित में मदद चाहिए,CHILD_ELDERLY_DISABILITY_VULNERABILITY,hi,conversational,False,caller
SAATHI_00161,Please listen... Can you connect me with a licensed psychological counselor for support?,REQUEST_COUNSELLING_LEGAL_MEDICAL,en,conversational,False,caller
SAATHI_00162,कृपया ध्यान दें... पुलिस विभाग ने महिला सुरक्षा जागरूकता कार्यक्रम आयोजित किया है,NEUTRAL_NO_INDICATOR,hi,spelling_variation,True,caller
SAATHI_00163,सुनिए... सड़क के किनारे फुटपाथ पर बैठी हूं बहुत असुरक्षित महसूस हो रहा,NO_SAFE_PLACE_HOMELESSNESS,hi,conversational,False,caller
SAATHI_00164,"one moment safe lagta hai next moment danger erupt ho jata, please kuch jaldi kijiye.",CONTRADICTORY_CHANGING_SITUATION,hinglish,compound_dialogue,False,caller
SAATHI_00165,"operator: hello erss control room aapko kis prakar ki sahayata chahiye, please kuch jaldi kijiye.",NEUTRAL_NO_INDICATOR,hinglish,compound_dialogue,True,operator
SAATHI_00166,मैं अपने पड़ोसियों के घर आ गई हूं यहां सब ठीक है,CURRENT_SAFETY_REASSURANCE,hi,standard,True,caller
SAATHI_00167,"I'm not sure if the vehicle was blue or grey, it happened so fast, I am urgently asking for intervention.",UNCERTAINTY_UNCLEAR_INFO,en,compound_dialogue,False,caller
SAATHI_00168,कृपया ध्यान दें... हमारे स्कूल में सड़क सुरक्षा और ट्रैफिक नियमों की वर्कशॉप थी,NEUTRAL_NO_INDICATOR,hi,spelling_variation,True,caller
SAATHI_00169,My husband,DOMESTIC_FAMILY_VIOLENCE,en,short,False,caller
SAATHI_00170,"Help me... Everything is hazy and confusing, I cannot give precise details",UNCERTAINTY_UNCLEAR_INFO,en,conversational,False,caller
SAATHI_00171,"घबराहट के मारे चक्कर आ रहे हैं मुझे, मुझे बहुत चिंता हो रही है।",FEAR_DISTRESS_PANIC,hi,compound_dialogue,False,caller
SAATHI_00172,turant police ki gaadi bhejiye yahan bada jhagda chal raha please...,REQUEST_POLICE_EMERGENCY_HELP,hinglish,incomplete_hesitant,False,caller
SAATHI_00173,मेरे साथ अस्सी साल की बुजुर्ग मां हैं जो चल-फिर नहीं सकतीं,CHILD_ELDERLY_DISABILITY_VULNERABILITY,hi,short,False,caller
SAATHI_00174,"हमारे कॉलेज में कराटे और आत्मरक्षा का खेल प्रशिक्षण चल रहा था, मुझे बहुत चिंता हो रही है।",NEUTRAL_NO_INDICATOR,hi,compound_dialogue,True,caller
SAATHI_00175,मुझे इमरजेंसी पुलिस सहायता चाहिए यहां कानून व्यवस्था बिगड़ गई है,REQUEST_POLICE_EMERGENCY_HELP,hi,short,False,caller
SAATHI_00176,"hukka pani band karne ka farman sunaya gaya hai biradari dwara, please kuch jaldi kijiye.",SOCIAL_COMMUNITY_PRESSURE,hinglish,compound_dialogue,False,caller
SAATHI_00177,"उसने चाय का गर्म पानी फेंक दिया मुझ पर जल गई हूं, मुझे बहुत चिंता हो रही है।",PHYSICAL_VIOLENCE_INJURY,hi,compound_dialogue,False,caller
SAATHI_00178,I'm crying and petrified right now,FEAR_DISTRESS_PANIC,en,spelling_variation,False,caller
SAATHI_00179,"caste based exclusion face kar rahe hain public road use karne par, please kuch jaldi kijiye.",DISCRIMINATION_CASTE_VULNERABILITY,hinglish,compound_dialogue,False,caller
SAATHI_00180,He is armed and actively attempting to break into my apartment,IMMEDIATE_PHYSICAL_DANGER,en,spelling_variation,False,caller
SAATHI_00181,drama rehearsal chal raha tha theater performance ke liye,NEUTRAL_NO_INDICATOR,hinglish,spelling_variation,True,caller
SAATHI_00182,suniye... warning de raha hai ki tu pachtayegi bohot,THREAT_INTIMIDATION,hinglish,conversational,False,caller
SAATHI_00183,please... everything under control now thank you so much,CURRENT_SAFETY_REASSURANCE,hinglish,conversational,True,caller
SAATHI_00184,He fluctuates between begging for forgiveness and violent screaming fits,CONTRADICTORY_CHANGING_SITUATION,en,spelling_variation,False,caller
SAATHI_00185,मैं केवल हेल्पलाइन के काम करने का समय जानने के लिए फोन कर रहा था,NEUTRAL_NO_INDICATOR,hi,standard,True,caller
SAATHI_00186,कृपया ध्यान दें... मेरे साथ अस्सी साल की बुजुर्ग मां हैं जो चल-फिर नहीं सकतीं,CHILD_ELDERLY_DISABILITY_VULNERABILITY,hi,spelling_variation,False,caller
SAATHI_00187,"The person's face was concealed, I cannot verify their identity",UNCERTAINTY_UNCLEAR_INFO,en,short,False,caller
SAATHI_00188,मेरे साथ अस्सी साल की बुजुर्ग मां हैं जो चल-फिर नहीं सकतीं,CHILD_ELDERLY_DISABILITY_VULNERABILITY,hi,short,False,caller
SAATHI_00189,"He has broken the window and is climbing inside the house right now, I am urgently asking for intervention.",IMMEDIATE_PHYSICAL_DANGER,en,compound_dialogue,False,caller
SAATHI_00190,उसने फोन करके बोला कि तुझे देख लूंगा बाहर निकल,THREAT_INTIMIDATION,hi,short,False,caller
SAATHI_00191,"मेरी बुजुर्ग दादी बिस्तर पर हैं और गुंडे घर में तोड़फोड़ कर रहे हैं, मुझे बहुत चिंता हो रही है।",CHILD_ELDERLY_DISABILITY_VULNERABILITY,hi,compound_dialogue,False,caller
SAATHI_00192,"वो रोज मेरे जिम के बाहर खड़ा रहता है मुझे बहुत घबराहट होती है, मुझे बहुत चिंता हो रही है।",STALKING_FOLLOWING,hi,compound_dialogue,False,caller
SAATHI_00193,mere bina sab khush rahenge main khatam kar rahi hoon sab,SELF_HARM_CONCERN,hinglish,short,False,caller
SAATHI_00194,"He has collapsed on the floor, barely breathing and unresponsive",MEDICAL_EMERGENCY,en,spelling_variation,False,caller
SAATHI_00195,sir... kuch yaad nahi aa raha shock ki wajah se,UNCERTAINTY_UNCLEAR_INFO,hinglish,conversational,False,caller
SAATHI_00196,I am receiving continuous death threats on my phone aur fir...,THREAT_INTIMIDATION,en,incomplete_hesitant,False,caller
SAATHI_00197,मुझे लगता है कि मेरे मरने से ही सबको शांति मिलेगी jaldi...,SELF_HARM_CONCERN,hi,incomplete_hesitant,False,caller
SAATHI_00198,attacker bhag gaya hai ab koi threat nahi hai yahan,CURRENT_SAFETY_REASSURANCE,hinglish,short,True,caller
SAATHI_00199,dar ke mare heart beat bahut tez chal rahi hai,FEAR_DISTRESS_PANIC,hinglish,spelling_variation,False,caller
SAATHI_00200,kuch galat hone ka bohot darr lag raha hai mujhe,FEAR_DISTRESS_PANIC,hinglish,standard,False,caller
SAATHI_00201,chhat pe khadi hoon neeche koodne ka dil kar raha hai,SELF_HARM_CONCERN,hinglish,short,False,caller
SAATHI_00202,arre... hukka pani band karne ka farman sunaya gaya hai biradari dwara,SOCIAL_COMMUNITY_PRESSURE,hinglish,conversational,False,caller
SAATHI_00203,मेरे माता-पिता की मृत्यु हो चुकी है मेरा कोई अपना नहीं है इस दुनिया में,ISOLATION_NO_SUPPORT,hi,short,False,caller
SAATHI_00204,मेरे पति ने मुझे घर के सभी खर्चे से वंचित कर रखा है,DOMESTIC_FAMILY_VIOLENCE,hi,short,False,caller
SAATHI_00205,meri daughter disabled hai wheelchair par hum bhaag nahi sakte,CHILD_ELDERLY_DISABILITY_VULNERABILITY,hinglish,incomplete_hesitant,False,caller
SAATHI_00206,bohot confused hoon mind blank ho gaya hai,UNCERTAINTY_UNCLEAR_INFO,hinglish,standard,False,caller
SAATHI_00207,He burnt my hand with a cigarette and hit me with a wooden stick,PHYSICAL_VIOLENCE_INJURY,en,standard,False,caller
SAATHI_00208,He physically overpowered me trying to force sexual intimacy suno na...,SEXUAL_VIOLENCE_HARASSMENT,en,incomplete_hesitant,False,caller
SAATHI_00209,inappropriate body touch kiya aur chup rehne ko bola,SEXUAL_VIOLENCE_HARASSMENT,hinglish,spelling_variation,False,caller
SAATHI_00210,धमकी देके बोला कि आवाज मत निकालना,THREAT_INTIMIDATION,hi,conversational,False,caller
SAATHI_00211,Help me... The caste panchayat passed an illegal diktat against our family,SOCIAL_COMMUNITY_PRESSURE,en,conversational,False,caller
SAATHI_00212,madam... khap panchayat illegal order pass karke hume isolate kar rahi,SOCIAL_COMMUNITY_PRESSURE,hinglish,conversational,False,caller
SAATHI_00213,"I lost track of time, could be thirty minutes or two hours ago",UNCERTAINTY_UNCLEAR_INFO,en,short,False,caller
SAATHI_00214,"उसने मुझे ब्लैकमेल करके गलत संबंध बनाने को मजबूर किया, मुझे बहुत चिंता हो रही है।",SEXUAL_VIOLENCE_HARASSMENT,hi,compound_dialogue,False,caller
SAATHI_00215,इतना खौफ है कि बोल भी नहीं पा रही,FEAR_DISTRESS_PANIC,hi,standard,False,caller
SAATHI_00216,कृपया ध्यान दें... कभी बहुत अच्छा बन जाता है कभी भयानक हिंसक हो जाता है,CONTRADICTORY_CHANGING_SITUATION,hi,spelling_variation,False,caller
SAATHI_00217,कोई दोस्त नहीं कोई सहारा नहीं किससे मदद मांगू समझ नहीं आ रहा aur fir...,ISOLATION_NO_SUPPORT,hi,incomplete_hesitant,False,caller
SAATHI_00218,husband ne aadhi raat ko ghar se nikal diya road par hoon,NO_SAFE_PLACE_HOMELESSNESS,hinglish,standard,False,caller
SAATHI_00219,"accidental tha ya intentional not confident to say, please kuch jaldi kijiye.",UNCERTAINTY_UNCLEAR_INFO,hinglish,compound_dialogue,False,caller
SAATHI_00220,मुझे समझ नहीं आ रहा वो दोस्त है या दुश्मन अजीब बर्ताव कर रहा,CONTRADICTORY_CHANGING_SITUATION,hi,short,False,caller
SAATHI_00221,"I read in the morning newspaper that law enforcement solved the robbery, I am urgently asking for intervention.",NEUTRAL_NO_INDICATOR,en,compound_dialogue,True,caller
SAATHI_00222,"धमकी देके बोला कि आवाज मत निकालना, मुझे बहुत चिंता हो रही है।",THREAT_INTIMIDATION,hi,compound_dialogue,False,caller
SAATHI_00223,please... college mein self defense martial arts practice chal rahi thi,NEUTRAL_NO_INDICATOR,hinglish,conversational,True,caller
SAATHI_00224,आरक्षण और जाति को लेकर मुझे कार्यस्थल पर प्रताड़ित किया जा रहा है,DISCRIMINATION_CASTE_VULNERABILITY,hi,standard,False,caller
SAATHI_00225,agar aisi hi life rahi toh main zinda nahi rahungi suicide kar lungi...,SELF_HARM_CONCERN,hinglish,incomplete_hesitant,False,caller
SAATHI_00226,सरकारी वकील की सुविधा कैसे प्राप्त करें?,REQUEST_COUNSELLING_LEGAL_MEDICAL,hi,incomplete_hesitant,False,caller
SAATHI_00227,ab sab theek hai police is present at spot,CURRENT_SAFETY_REASSURANCE,hinglish,standard,True,caller
SAATHI_00228,samaj ke log village chhodne ka pressure daal rahe hain,SOCIAL_COMMUNITY_PRESSURE,hinglish,short,False,caller
SAATHI_00229,Attacked and beaten for entering a place of worship due to my Dalit identity,DISCRIMINATION_CASTE_VULNERABILITY,en,standard,False,caller
SAATHI_00230,"सड़क के किनारे फुटपाथ पर बैठी हूं बहुत असुरक्षित महसूस हो रहा, मुझे बहुत चिंता हो रही है।",NO_SAFE_PLACE_HOMELESSNESS,hi,compound_dialogue,False,caller
SAATHI_00231,अरे... बहुत रोना आ रहा है डर के मारे पसीने छूट रहे हैं,FEAR_DISTRESS_PANIC,hi,conversational,False,caller
SAATHI_00232,उसने मारपीट करके मुझे कमरे में बंद कर दिया था...,PHYSICAL_VIOLENCE_INJURY,hi,incomplete_hesitant,False,caller
SAATHI_00233,I am calling to inquire about the working hours of your grievance cell,NEUTRAL_NO_INDICATOR,en,standard,True,caller
SAATHI_00234,I feel hopeless and completely suicidal right now,SELF_HARM_CONCERN,en,standard,False,caller
SAATHI_00235,unpredictable behavior hai kabhi friendly kabhi threatening,CONTRADICTORY_CHANGING_SITUATION,hinglish,short,False,caller
SAATHI_00236,सात महीने का गर्भ है और मेरे ऊपर हाथ उठाया गया है,CHILD_ELDERLY_DISABILITY_VULNERABILITY,hi,standard,False,caller
SAATHI_00237,मैं छत पर खड़ी हूं,SELF_HARM_CONCERN,hi,short,False,caller
SAATHI_00238,My spouse assaults me in front of our minor children regularly,DOMESTIC_FAMILY_VIOLENCE,en,spelling_variation,False,caller
SAATHI_00239,The physician is performing a routine post-surgical checkup at the clinic,NEUTRAL_NO_INDICATOR,en,spelling_variation,True,caller
SAATHI_00240,"Immediate danger, someone is trying to violently enter my premises",IMMEDIATE_PHYSICAL_DANGER,en,spelling_variation,False,caller
SAATHI_00241,"college mein self defense martial arts practice chal rahi thi, please kuch jaldi kijiye.",NEUTRAL_NO_INDICATOR,hinglish,compound_dialogue,True,caller
SAATHI_00242,suniye... sexual assault attempt hua hai mere against please help,SEXUAL_VIOLENCE_HARASSMENT,hinglish,conversational,False,caller
SAATHI_00243,poison consume kar liya hai mouth se foam nikal raha hai ambulance jaldi,MEDICAL_EMERGENCY,hinglish,standard,False,caller
SAATHI_00244,"obscene gestures kar raha hai aur dirty baatein bolta hai, please kuch jaldi kijiye.",SEXUAL_VIOLENCE_HARASSMENT,hinglish,compound_dialogue,False,caller
SAATHI_00245,"वो कह रहा है कि तुझे बर्बाद कर दूंगा कोर्ट मत जाना, मुझे बहुत चिंता हो रही है।",THREAT_INTIMIDATION,hi,compound_dialogue,False,caller
SAATHI_00246,समाज के लोग हमारे बच्चों को स्कूल नहीं जाने दे रहे...,SOCIAL_COMMUNITY_PRESSURE,hi,incomplete_hesitant,False,caller
SAATHI_00247,I do not have a single friend or family member to turn to for help,ISOLATION_NO_SUPPORT,en,spelling_variation,False,caller
SAATHI_00248,sir fat gaya hai continuous blood flow unconscious hone laga hai,MEDICAL_EMERGENCY,hinglish,short,False,caller
SAATHI_00249,I am completely isolated and cut off from the outside world pata nahi...,ISOLATION_NO_SUPPORT,en,incomplete_hesitant,False,caller
SAATHI_00250,I managed to escape into my neighbor's house and I am safe here,CURRENT_SAFETY_REASSURANCE,en,standard,True,caller
SAATHI_00251,"ब्लैकमेल कर रहा है कि तेरे परिवार को सब बता दूंगा, मुझे बहुत चिंता हो रही है।",COERCION_BLACKMAIL,hi,compound_dialogue,False,caller
SAATHI_00252,madam... cheetah mobile ya interceptor vehicle turant send kijiye,REQUEST_POLICE_EMERGENCY_HELP,hinglish,conversational,False,caller
SAATHI_00253,I have safely reached the local police station and I am secure now,CURRENT_SAFETY_REASSURANCE,en,standard,True,caller
SAATHI_00254,just calling to inquire about helpline operational timings,NEUTRAL_NO_INDICATOR,hinglish,standard,True,caller
SAATHI_00255,workplace par casteist comments pass karke mental torture kar rahe aur fir...,DISCRIMINATION_CASTE_VULNERABILITY,hinglish,incomplete_hesitant,False,caller
SAATHI_00256,"I have nowhere to run, he is blocking the only exit jaldi...",IMMEDIATE_PHYSICAL_DANGER,en,incomplete_hesitant,False,caller
SAATHI_00257,public place mein chedkhani ki aur molest kiya suno na...,SEXUAL_VIOLENCE_HARASSMENT,hinglish,incomplete_hesitant,False,caller
SAATHI_00258,banduk dikha kar dara raha hai dhamki di...,THREAT_INTIMIDATION,hinglish,incomplete_hesitant,False,caller
SAATHI_00259,blood vomit ho raha hai acute emergency condition,MEDICAL_EMERGENCY,hinglish,standard,False,caller
SAATHI_00260,he is stalking me everywhere i go he appears there suno na...,STALKING_FOLLOWING,hinglish,incomplete_hesitant,False,caller
SAATHI_00261,सर... मोहल्ले की सभा में हमें बदनाम और प्रताड़ित किया गया,SOCIAL_COMMUNITY_PRESSURE,hi,conversational,False,caller
SAATHI_00262,मैं खुद को खत्म कर लेना चाहती हूं प्लीज,SELF_HARM_CONCERN,hi,standard,False,caller
SAATHI_00263,Three minor children are trapped inside the room with nowhere to go,CHILD_ELDERLY_DISABILITY_VULNERABILITY,en,spelling_variation,False,caller
SAATHI_00264,अरे... पता नहीं कि उसने मुझे जानबूझकर धक्का दिया या गलती से,UNCERTAINTY_UNCLEAR_INFO,hi,conversational,False,caller
SAATHI_00265,कृपया ध्यान दें... अब सांस लेने की भी इच्छा नहीं है सब खत्म हो जाए बस,SELF_HARM_CONCERN,hi,spelling_variation,False,caller
SAATHI_00266,कृपया ध्यान दें... जातिसूचक अपमान करके मुझे जमीन से बेदखल करने की साजिश हो रही है,DISCRIMINATION_CASTE_VULNERABILITY,hi,spelling_variation,False,caller
SAATHI_00267,pata nahi kon tha face covered tha identity unknown,UNCERTAINTY_UNCLEAR_INFO,hinglish,spelling_variation,False,caller
SAATHI_00268,सर... लगातार अश्लील इशारे और यौन फब्तियां कसता है,SEXUAL_VIOLENCE_HARASSMENT,hi,conversational,False,caller
SAATHI_00269,rehney ki koi jagah nahi hai railway station par bethi hoon,NO_SAFE_PLACE_HOMELESSNESS,hinglish,short,False,caller
SAATHI_00270,He demanded sexual favors under threat of job termination,SEXUAL_VIOLENCE_HARASSMENT,en,short,False,caller
SAATHI_00271,अब मैं पुलिस स्टेशन पहुंच गई हूं बिल्कुल सुरक्षित हूं aur fir...,CURRENT_SAFETY_REASSURANCE,hi,incomplete_hesitant,True,caller
SAATHI_00272,उसने चाय का गर्म पानी फेंक दिया मुझ पर जल गई हूं,PHYSICAL_VIOLENCE_INJURY,hi,conversational,False,caller
SAATHI_00273,Send immediate police reinforcements before someone gets killed,REQUEST_POLICE_EMERGENCY_HELP,en,standard,False,caller
SAATHI_00274,Ma'am... He is using compromising screenshots to extort compliance from me,COERCION_BLACKMAIL,en,conversational,False,caller
SAATHI_00275,मैं अपने पड़ोसियों के घर आ गई हूं यहां सब ठीक है,CURRENT_SAFETY_REASSURANCE,hi,standard,True,caller
SAATHI_00276,dominant caste ke log basti mein aakar galiyan aur dhamki dete hain,DISCRIMINATION_CASTE_VULNERABILITY,hinglish,short,False,caller
SAATHI_00277,The police department is conducting a women safety awareness rally,NEUTRAL_NO_INDICATOR,en,short,True,caller
SAATHI_00278,मुझसे जबरन खाली स्टांप पेपर पर दस्तखत करवाए जा रहे हैं,COERCION_BLACKMAIL,hi,standard,False,caller
SAATHI_00279,i feel like killing myself right now please...,SELF_HARM_CONCERN,hinglish,incomplete_hesitant,False,caller
SAATHI_00280,caste atrocities ho rahi hain hamare family ke against,DISCRIMINATION_CASTE_VULNERABILITY,hinglish,short,False,caller
SAATHI_00281,He touched me in an obscene manner and threatened retaliation,SEXUAL_VIOLENCE_HARASSMENT,en,conversational,False,caller
SAATHI_00282,deaf and mute person hoon need urgent emergency intervention,CHILD_ELDERLY_DISABILITY_VULNERABILITY,hinglish,conversational,False,caller
SAATHI_00283,scooty ke peeche bike laga ke follow karta hai continuously,STALKING_FOLLOWING,hinglish,short,False,caller
SAATHI_00284,स्टॉकिंग हो रही है मेरे साथ रोज रास्ते में रोकता है,STALKING_FOLLOWING,hi,short,False,caller
SAATHI_00285,"He is pounding on my door right now trying to break it down, I am urgently asking for intervention.",IMMEDIATE_PHYSICAL_DANGER,en,compound_dialogue,False,caller
SAATHI_00286,chote bacche rote hue terrace par baithe hain shivering,CHILD_ELDERLY_DISABILITY_VULNERABILITY,hinglish,short,False,caller
SAATHI_00287,My in-laws starve me and lock me in a room without food or water aur fir...,DOMESTIC_FAMILY_VIOLENCE,en,incomplete_hesitant,False,caller
SAATHI_00288,कृपया ध्यान दें... रो-रो कर बुरा हाल है बहुत डर है दिल में,FEAR_DISTRESS_PANIC,hi,spelling_variation,False,caller
SAATHI_00289,I am being coerced into signing blank property deeds under intense duress,COERCION_BLACKMAIL,en,standard,False,caller
SAATHI_00290,वो मेरे पड़ोसियों से मेरे बारे में पूछताछ कर रहा था,STALKING_FOLLOWING,hi,short,False,caller
SAATHI_00291,mera hath marod diya fracture lag raha hai severe pain,PHYSICAL_VIOLENCE_INJURY,hinglish,spelling_variation,False,caller
SAATHI_00292,मेरा इस शहर में कोई नहीं है बिल्कुल अकेली हूं कोई रिश्तेदार नहीं...,ISOLATION_NO_SUPPORT,hi,incomplete_hesitant,False,caller
SAATHI_00293,The perpetrator has fled the area and there is no immediate danger now,CURRENT_SAFETY_REASSURANCE,en,spelling_variation,True,caller
SAATHI_00294,"Nobody would care if I died tonight, I want to end everything, I am urgently asking for intervention.",SELF_HARM_CONCERN,en,compound_dialogue,False,caller
SAATHI_00295,"suffocation ho raha hai lips blue ho gaye oxygen needed, please kuch jaldi kijiye.",MEDICAL_EMERGENCY,hinglish,compound_dialogue,False,caller
SAATHI_00296,everything feels blurry not sure what happened exactly,UNCERTAINTY_UNCLEAR_INFO,hinglish,standard,False,caller
SAATHI_00297,"sho ko boliye team dispatched kare spot par, please kuch jaldi kijiye.",REQUEST_POLICE_EMERGENCY_HELP,hinglish,compound_dialogue,False,caller
SAATHI_00298,I am entirely on my own with zero emotional or financial support pata nahi...,ISOLATION_NO_SUPPORT,en,incomplete_hesitant,False,caller
SAATHI_00299,"I have nowhere to run, he is blocking the only exit please...",IMMEDIATE_PHYSICAL_DANGER,en,incomplete_hesitant,False,caller
SAATHI_00300,I am too terrified to even look out of the peephole,FEAR_DISTRESS_PANIC,en,short,False,caller
SAATHI_00301,safe location par hoon currently no immediate danger,CURRENT_SAFETY_REASSURANCE,hinglish,conversational,True,caller
SAATHI_00302,"लीगल एडवाइजर से बात करवा दीजिए प्लीज, मुझे बहुत चिंता हो रही है।",REQUEST_COUNSELLING_LEGAL_MEDICAL,hi,compound_dialogue,False,caller
SAATHI_00303,vague information hai mere paas confirm nahi bol sakti suno na...,UNCERTAINTY_UNCLEAR_INFO,hinglish,incomplete_hesitant,False,caller
SAATHI_00304,कृपया ध्यान दें... यह एक नाटक का रिहर्सल चल रहा था रंगमंच के कलाकार हैं हम,NEUTRAL_NO_INDICATOR,hi,spelling_variation,True,caller
SAATHI_00305,private photos viral karne ki dhamki deke blackmail kar raha hai,COERCION_BLACKMAIL,hinglish,short,False,caller
SAATHI_00306,कृपया ध्यान दें... मुझे समझ नहीं आ रहा वो दोस्त है या दुश्मन अजीब बर्ताव कर रहा,CONTRADICTORY_CHANGING_SITUATION,hi,spelling_variation,False,caller
SAATHI_00307,मनोचिकित्सक से संपर्क करने का तरीका बताइए please...,REQUEST_COUNSELLING_LEGAL_MEDICAL,hi,incomplete_hesitant,False,caller
SAATHI_00308,"wedding procession par attack kiya caste prejudice ki wajah se, please kuch jaldi kijiye.",DISCRIMINATION_CASTE_VULNERABILITY,hinglish,compound_dialogue,False,caller
SAATHI_00309,heart patient old grandmother hai unki tabiyat critical hai,CHILD_ELDERLY_DISABILITY_VULNERABILITY,hinglish,standard,False,caller
SAATHI_00310,I am feeling extreme panic and dread jaldi...,FEAR_DISTRESS_PANIC,en,incomplete_hesitant,False,caller
SAATHI_00311,alone elderly citizen target kiya ja raha hai property ke liye,CHILD_ELDERLY_DISABILITY_VULNERABILITY,hinglish,spelling_variation,False,caller
SAATHI_00312,I experienced severe sexual harassment and physical groping,SEXUAL_VIOLENCE_HARASSMENT,en,conversational,False,caller
SAATHI_00313,public place mein chedkhani ki aur molest kiya,SEXUAL_VIOLENCE_HARASSMENT,hinglish,standard,False,caller
SAATHI_00314,"लीगल एडवाइजर से बात करवा दीजिए प्लीज, मुझे बहुत चिंता हो रही है।",REQUEST_COUNSELLING_LEGAL_MEDICAL,hi,compound_dialogue,False,caller
SAATHI_00315,सर... पुलिस की पेट्रोलिंग गाड़ी भेजिए वो गेट तोड़ रहे हैं,REQUEST_POLICE_EMERGENCY_HELP,hi,conversational,False,caller
SAATHI_00316,अरे... वो दरवाजे के बाहर खड़ा है और गेट तोड़ने की कोशिश कर रहा है,IMMEDIATE_PHYSICAL_DANGER,hi,conversational,False,caller
SAATHI_00317,He is compelling me under duress to perform unlawful activities,COERCION_BLACKMAIL,en,spelling_variation,False,caller
SAATHI_00318,"अभी इसी वक्त वो घर के अंदर आ गया है प्लीज बचाओ, मुझे बहुत चिंता हो रही है।",IMMEDIATE_PHYSICAL_DANGER,hi,compound_dialogue,False,caller
SAATHI_00319,please... just testing whether this emergency number is working or not,NEUTRAL_NO_INDICATOR,hinglish,conversational,True,caller
SAATHI_00320,He is demanding sexual favors in exchange for deleting the sensitive video please...,COERCION_BLACKMAIL,en,incomplete_hesitant,False,caller
SAATHI_00321,ab main police station aa gayi hoon safe hoon bilkul jaldi...,CURRENT_SAFETY_REASSURANCE,hinglish,incomplete_hesitant,True,caller
SAATHI_00322,listen... thana se police force bhejo arms leke khade hain log,REQUEST_POLICE_EMERGENCY_HELP,hinglish,conversational,False,caller
SAATHI_00323,mental health support ke liye psychologist counselling chahiye,REQUEST_COUNSELLING_LEGAL_MEDICAL,hinglish,short,False,caller
SAATHI_00324,Ma'am... Send patrol officers right now to secure the premises,REQUEST_POLICE_EMERGENCY_HELP,en,conversational,False,caller
SAATHI_00325,Coordinated harassment campaign organized by local influential figures please...,SOCIAL_COMMUNITY_PRESSURE,en,incomplete_hesitant,False,caller
SAATHI_00326,Help me... I just dialed to verify if this toll-free helpline number is active,NEUTRAL_NO_INDICATOR,en,conversational,True,caller
SAATHI_00327,He said there will be severe consequences if I call the helpline,THREAT_INTIMIDATION,en,short,False,caller
SAATHI_00328,phone karke bol raha hai dekh lunga tujhe,THREAT_INTIMIDATION,hinglish,short,False,caller
SAATHI_00329,"Pure panic has taken over, I don't know what to do",FEAR_DISTRESS_PANIC,en,standard,False,caller
SAATHI_00330,My husband,DOMESTIC_FAMILY_VIOLENCE,en,short,False,caller
SAATHI_00331,mera yahan koi nahi hai bilkul akeli hoon no relatives,ISOLATION_NO_SUPPORT,hinglish,standard,False,caller
SAATHI_00332,mental health support ke liye psychologist counselling chahiye,REQUEST_COUNSELLING_LEGAL_MEDICAL,hinglish,spelling_variation,False,caller
SAATHI_00333,सुनिए... ससुराल वाले खाना नहीं देते और कमरे में बंद रखते हैं,DOMESTIC_FAMILY_VIOLENCE,hi,conversational,False,caller
SAATHI_00334,वो छत से कूदकर अंदर घुस आया है जान बचाओ aur fir...,IMMEDIATE_PHYSICAL_DANGER,hi,incomplete_hesitant,False,caller
SAATHI_00335,सुनिए... खून की धार बह रही है मरीज की आंखें पलट रही हैं,MEDICAL_EMERGENCY,hi,conversational,False,caller
SAATHI_00336,कल रात उसने मुझे बंदूक दिखाकर धमकाया,THREAT_INTIMIDATION,hi,short,False,caller
SAATHI_00337,"He has collapsed on the floor, barely breathing and unresponsive",MEDICAL_EMERGENCY,en,spelling_variation,False,caller
SAATHI_00338,scooty ke peeche bike laga ke follow karta hai continuously,STALKING_FOLLOWING,hinglish,short,False,caller
SAATHI_00339,मैं बहुत घबरा गई हूं कुछ समझ नहीं आ रहा please...,FEAR_DISTRESS_PANIC,hi,incomplete_hesitant,False,caller
SAATHI_00340,blackmail kar raha hai continuous money extortion chal raha,COERCION_BLACKMAIL,hinglish,spelling_variation,False,caller
SAATHI_00341,bohot khauf ka mahol hai main kaanp rahi hoon please...,FEAR_DISTRESS_PANIC,hinglish,incomplete_hesitant,False,caller
SAATHI_00342,सर... पारिवारिक कलह और हिंसा से मेरी जान आफत में आ गई है,DOMESTIC_FAMILY_VIOLENCE,hi,conversational,False,caller
SAATHI_00343,I am feeling extreme panic and dread,FEAR_DISTRESS_PANIC,en,standard,False,caller
SAATHI_00344,He harassed me sexually in the stairwell,SEXUAL_VIOLENCE_HARASSMENT,en,short,False,caller
SAATHI_00345,main room mein locked hoon wo darwaza kick kar raha hai,IMMEDIATE_PHYSICAL_DANGER,hinglish,short,False,caller
SAATHI_00346,Senior citizen couple being harassed,CHILD_ELDERLY_DISABILITY_VULNERABILITY,en,short,False,caller
SAATHI_00347,उसने मेरे साथ जबरदस्ती करने की कोशिश की और कपड़े फाड़ दिए pata nahi...,SEXUAL_VIOLENCE_HARASSMENT,hi,incomplete_hesitant,False,caller
SAATHI_00348,I received threatening letters demanding that I drop the case,THREAT_INTIMIDATION,en,conversational,False,caller
SAATHI_00349,I received threatening letters demanding that I drop the case,THREAT_INTIMIDATION,en,conversational,False,caller
SAATHI_00350,baal pakad ke deewar pe maara sar khoon nikal raha,PHYSICAL_VIOLENCE_INJURY,hinglish,short,False,caller
SAATHI_00351,legal counseling and documentation help provide hoti hai kya,REQUEST_COUNSELLING_LEGAL_MEDICAL,hinglish,spelling_variation,False,caller
SAATHI_00352,कृपया ध्यान दें... अब सांस लेने की भी इच्छा नहीं है सब खत्म हो जाए बस,SELF_HARM_CONCERN,hi,spelling_variation,False,caller
SAATHI_00353,jaati pooch kar room rent par dene se mana kiya aur insult ki,DISCRIMINATION_CASTE_VULNERABILITY,hinglish,short,False,caller
SAATHI_00354,ab wo andar aa gaya hai mujhe maarne dauda hai,IMMEDIATE_PHYSICAL_DANGER,hinglish,spelling_variation,False,caller
SAATHI_00355,उसने मुझे बहुत बुरी तरह पीटा है मेरे चेहरे पर नीले निशान हैं,PHYSICAL_VIOLENCE_INJURY,hi,short,False,caller
SAATHI_00356,बस स्टैंड पर बैठी हूं अनजान लोग मुझे घूर रहे हैं कोई आसरा नहीं,NO_SAFE_PLACE_HOMELESSNESS,hi,standard,False,caller
SAATHI_00357,"He is physically cornering me right this minute, I am urgently asking for intervention.",IMMEDIATE_PHYSICAL_DANGER,en,compound_dialogue,False,caller
SAATHI_00358,I read in the morning newspaper that law enforcement solved the robbery,NEUTRAL_NO_INDICATOR,en,conversational,True,caller
SAATHI_00359,Grievous open fracture with heavy arterial bleeding at the scene,MEDICAL_EMERGENCY,en,short,False,caller
SAATHI_00360,Help me... Sitting at the desolate bus depot feeling extremely unsafe and exposed,NO_SAFE_PLACE_HOMELESSNESS,en,conversational,False,caller
SAATHI_00361,sir... physically assault kiya hai mujhe bohot chotein aayi hain,PHYSICAL_VIOLENCE_INJURY,hinglish,conversational,False,caller
SAATHI_00362,"We were just joking and laughing among friends, no dispute took place",NEUTRAL_NO_INDICATOR,en,incomplete_hesitant,True,caller
SAATHI_00363,He cornered me and touched my private areas forcefully please...,SEXUAL_VIOLENCE_HARASSMENT,en,incomplete_hesitant,False,caller
SAATHI_00364,"मुझसे जबरदस्ती पैसे ऐंठ रहा है ब्लैकमेलिंग करके, मुझे बहुत चिंता हो रही है।",COERCION_BLACKMAIL,hi,compound_dialogue,False,caller
SAATHI_00365,समय का अंदाजा नहीं है शायद एक घंटा पहले या दो घंटे पहले,UNCERTAINTY_UNCLEAR_INFO,hi,short,False,caller
SAATHI_00366,सात महीने का गर्भ है और मेरे ऊपर हाथ उठाया गया है pata nahi...,CHILD_ELDERLY_DISABILITY_VULNERABILITY,hi,incomplete_hesitant,False,caller
SAATHI_00367,zehar peene ka khayal aa raha hai baar baar,SELF_HARM_CONCERN,hinglish,standard,False,caller
SAATHI_00368,usne zabardasti karne ki koshish ki aur kapde phad diye,SEXUAL_VIOLENCE_HARASSMENT,hinglish,standard,False,caller
SAATHI_00369,अरे... कोई रोज मेरे घर के बाहर खड़ा होकर खिड़की में झांकता है,STALKING_FOLLOWING,hi,conversational,False,caller
SAATHI_00370,parents expire ho chuke hain koi apna nahi bacha,ISOLATION_NO_SUPPORT,hinglish,short,False,caller
SAATHI_00371,"Everything is hazy and confusing, I cannot give precise details",UNCERTAINTY_UNCLEAR_INFO,en,conversational,False,caller
SAATHI_00372,सुनिए... मैं सिर्फ यह चेक कर रही थी कि यह नंबर चालू है या नहीं,NEUTRAL_NO_INDICATOR,hi,conversational,True,caller
SAATHI_00373,jaati ka naam leke abuse kiya aur job se nikal diya,DISCRIMINATION_CASTE_VULNERABILITY,hinglish,short,False,caller
SAATHI_00374,आंख में गंभीर चोट लगी है दिखाई देना बंद हो गया है,MEDICAL_EMERGENCY,hi,standard,False,caller
SAATHI_00375,"I want to murder myself, the agony is completely unbearable",SELF_HARM_CONCERN,en,spelling_variation,False,caller
SAATHI_00376,बाहर जाने पर पाबंदी है घर में अकेली बंद रहती हूं...,ISOLATION_NO_SUPPORT,hi,incomplete_hesitant,False,caller
SAATHI_00377,He is blackmailing me threatening to leak my private intimate photos,COERCION_BLACKMAIL,en,spelling_variation,False,caller
SAATHI_00378,"Severe crushing chest pain, difficulty breathing, possible heart attack",MEDICAL_EMERGENCY,en,conversational,False,caller
SAATHI_00379,"sexual harassment kiya hai mere sath room mein lock karke, please kuch jaldi kijiye.",SEXUAL_VIOLENCE_HARASSMENT,hinglish,compound_dialogue,False,caller
SAATHI_00380,"isolation itna hai ki depression mein chali gayi hoon akelapan se, please kuch jaldi kijiye.",ISOLATION_NO_SUPPORT,hinglish,compound_dialogue,False,caller
SAATHI_00381,kal hum sab action movie dekhne gaye the theater mein...,NEUTRAL_NO_INDICATOR,hinglish,incomplete_hesitant,True,caller
SAATHI_00382,hum dost log prank kar rahe the serious kuch nahi hai,NEUTRAL_NO_INDICATOR,hinglish,incomplete_hesitant,True,caller
SAATHI_00383,"zindagi se thak chuki hoon apni jaan de dungi, please kuch jaldi kijiye.",SELF_HARM_CONCERN,hinglish,compound_dialogue,False,caller
SAATHI_00384,कृपया ध्यान दें... गाड़ी से मेरा पीछा किया जा रहा है बार-बार हॉर्न बजाता है,STALKING_FOLLOWING,hi,spelling_variation,False,caller
SAATHI_00385,kabhi bolta hai care karta hai fir achanak violent ho jata hai,CONTRADICTORY_CHANGING_SITUATION,hinglish,spelling_variation,False,caller
SAATHI_00386,darwaza tootne wala hai please save me right now,IMMEDIATE_PHYSICAL_DANGER,hinglish,spelling_variation,False,caller
SAATHI_00387,situation normal ho gayi hai wo chala gaya,CURRENT_SAFETY_REASSURANCE,hinglish,short,True,caller
SAATHI_00388,भागने का कोई रास्ता नहीं है वो बाहर रास्ता रोके खड़ा है suno na...,IMMEDIATE_PHYSICAL_DANGER,hi,incomplete_hesitant,False,caller
SAATHI_00389,मेरी बात सुनिए... उसने चाय का गर्म पानी फेंक दिया मुझ पर जल गई हूं,PHYSICAL_VIOLENCE_INJURY,hi,conversational,False,caller
SAATHI_00390,अरे... धर्मशाला वालों ने भी मना कर दिया अब कहां जाऊं इस वक्त,NO_SAFE_PLACE_HOMELESSNESS,hi,conversational,False,caller
SAATHI_00391,"He stopped kicking the door, only to return with a heavy wooden club, I am urgently asking for intervention.",CONTRADICTORY_CHANGING_SITUATION,en,compound_dialogue,False,caller
SAATHI_00392,पेट में तेज दर्द है और खून की उल्टियां हो रही हैं pata nahi...,MEDICAL_EMERGENCY,hi,incomplete_hesitant,False,caller
SAATHI_00393,madam... main visually impaired hoon mujhe kuch dikh nahi raha,CHILD_ELDERLY_DISABILITY_VULNERABILITY,hinglish,conversational,False,caller
SAATHI_00394,मैडम... हमारे कॉलेज में कराटे और आत्मरक्षा का खेल प्रशिक्षण चल रहा था,NEUTRAL_NO_INDICATOR,hi,conversational,True,caller
SAATHI_00395,He threatened to throw acid on me over a domestic dispute please...,DOMESTIC_FAMILY_VIOLENCE,en,incomplete_hesitant,False,caller
SAATHI_00396,attacker bhag gaya hai ab koi threat nahi hai yahan,CURRENT_SAFETY_REASSURANCE,hinglish,spelling_variation,True,caller
SAATHI_00397,"आसपास कोई बोर्ड या लैंडमार्क नहीं दिख रहा सुनसान रास्ता है, मुझे बहुत चिंता हो रही है।",UNCERTAINTY_UNCLEAR_INFO,hi,compound_dialogue,False,caller
SAATHI_00398,धमकी दे रहा है कि पूरे परिवार को खत्म कर देगा,THREAT_INTIMIDATION,hi,standard,False,caller
SAATHI_00399,मुझे अकेले रहने में बहुत खौफ लग रहा है please...,FEAR_DISTRESS_PANIC,hi,incomplete_hesitant,False,caller
SAATHI_00400,dhamkee di hai ki aisi halat karunga koi pehchan nahi payega,THREAT_INTIMIDATION,hinglish,spelling_variation,False,caller
SAATHI_00401,listen... wo car leke nikal gaya hai mohalla shant hai,CURRENT_SAFETY_REASSURANCE,hinglish,conversational,True,caller
SAATHI_00402,"He tried to strangle me with his hands, my throat is bruised and swollen, I am urgently asking for intervention.",PHYSICAL_VIOLENCE_INJURY,en,compound_dialogue,False,caller
SAATHI_00403,"I am holding a handful of sleeping pills and want to swallow them all, I am urgently asking for intervention.",SELF_HARM_CONCERN,en,compound_dialogue,False,caller
SAATHI_00404,अभी के लिए शांति है हम सेफ जगह पर शिफ्ट हो गए हैं,CURRENT_SAFETY_REASSURANCE,hi,short,True,caller
SAATHI_00405,He is demanding sexual favors in exchange for deleting the sensitive video,COERCION_BLACKMAIL,en,standard,False,caller
SAATHI_00406,I am too terrified to even look out of the peephole,FEAR_DISTRESS_PANIC,en,spelling_variation,False,caller
SAATHI_00407,पुलिस विभाग ने महिला सुरक्षा जागरूकता कार्यक्रम आयोजित किया है,NEUTRAL_NO_INDICATOR,hi,short,True,caller
SAATHI_00408,banduk dikha kar dara raha hai dhamki di suno na...,THREAT_INTIMIDATION,hinglish,incomplete_hesitant,False,caller
SAATHI_00409,कृपया ध्यान दें... कल रात टीवी सीरियल में बहुत रोमांचक सस्पेंस वाला सीन था,NEUTRAL_NO_INDICATOR,hi,spelling_variation,True,caller
SAATHI_00410,marpeet hoti hai roz ghar pe in-laws ke dwara...,DOMESTIC_FAMILY_VIOLENCE,hinglish,incomplete_hesitant,False,caller
SAATHI_00411,"bathroom mein chhipi hoon wo bahar darwaza peet raha hai, please kuch jaldi kijiye.",IMMEDIATE_PHYSICAL_DANGER,hinglish,compound_dialogue,False,caller
SAATHI_00412,Prolonged domestic abuse and spousal battery taking place daily jaldi...,DOMESTIC_FAMILY_VIOLENCE,en,incomplete_hesitant,False,caller
SAATHI_00413,वो मेरी पर्सनल ऑडियो रिकॉर्डिंग वायरल करने की धमकी दे रहा है,COERCION_BLACKMAIL,hi,short,False,caller
SAATHI_00414,"I am so frightened that I cannot think clearly right now, I am urgently asking for intervention.",FEAR_DISTRESS_PANIC,en,compound_dialogue,False,caller
SAATHI_00415,"Officer... Please help me, I am fighting severe urges to commit suicide",SELF_HARM_CONCERN,en,conversational,False,caller
SAATHI_00416,backward class se belong karne par physical assault kiya gaya,DISCRIMINATION_CASTE_VULNERABILITY,hinglish,incomplete_hesitant,False,caller
SAATHI_00417,मेरी बात सुनिए... उसने मेरी स्कूटी में जीपीएस ट्रैकर लगा दिया है शायद,STALKING_FOLLOWING,hi,conversational,False,caller
SAATHI_00418,listen... caste and community backlash face kar rahe hain hum,SOCIAL_COMMUNITY_PRESSURE,hinglish,conversational,False,caller
SAATHI_00419,मेरे सिर पर कोई छत नहीं है मैं कहां जाऊं रात काटने के लिए please...,NO_SAFE_PLACE_HOMELESSNESS,hi,incomplete_hesitant,False,caller
SAATHI_00420,pehle he said police bulaega then khud bhaagne laga please...,CONTRADICTORY_CHANGING_SITUATION,hinglish,incomplete_hesitant,False,caller
SAATHI_00421,दरवाजा ज्यादा देर नहीं टिकेगा वो तोड़ देगा,IMMEDIATE_PHYSICAL_DANGER,hi,conversational,False,caller
SAATHI_00422,homeless ho chuki hoon nowhere to sleep tonight,NO_SAFE_PLACE_HOMELESSNESS,hinglish,spelling_variation,False,caller
SAATHI_00423,कृपया ध्यान दें... मैं सहम गई हूं... बिल्कुल हिम्मत नहीं हो रही,FEAR_DISTRESS_PANIC,hi,spelling_variation,False,caller
SAATHI_00424,social pressure ki wajah se relatives bhi baat nahi kar rahe,SOCIAL_COMMUNITY_PRESSURE,hinglish,short,False,caller
SAATHI_00425,मुझे बेघर कर दिया गया है मेरे पास एक रुपया भी नहीं है,NO_SAFE_PLACE_HOMELESSNESS,hi,short,False,caller
SAATHI_00426,कृपया ध्यान दें... मुझे मेडिकल एग्जामिनेशन (एमएलसी) की प्रक्रिया समझनी है,REQUEST_COUNSELLING_LEGAL_MEDICAL,hi,spelling_variation,False,caller
SAATHI_00427,He waited outside my gym,STALKING_FOLLOWING,en,short,False,caller
SAATHI_00428,I am holding a handful of sleeping pills and want to swallow them all,SELF_HARM_CONCERN,en,conversational,False,caller
SAATHI_00429,apni jaan lene ka mann kar raha hai sab khatam ho jaye,SELF_HARM_CONCERN,hinglish,short,False,caller
SAATHI_00430,darwaza tootne wala hai please save me right now,IMMEDIATE_PHYSICAL_DANGER,hinglish,spelling_variation,False,caller
SAATHI_00431,"वो रोज मेरे जिम के बाहर खड़ा रहता है मुझे बहुत घबराहट होती है, मुझे बहुत चिंता हो रही है।",STALKING_FOLLOWING,hi,compound_dialogue,False,caller
SAATHI_00432,कृपया ध्यान दें... स्टॉकिंग हो रही है मेरे साथ रोज रास्ते में रोकता है,STALKING_FOLLOWING,hi,spelling_variation,False,caller
SAATHI_00433,sasural wale roz torture karte hain phone cheen liya,DOMESTIC_FAMILY_VIOLENCE,hinglish,standard,False,caller
SAATHI_00434,Seeking professional counseling for prolonged emotional distress please...,REQUEST_COUNSELLING_LEGAL_MEDICAL,en,incomplete_hesitant,False,caller
SAATHI_00435,Local authorities refuse to register our complaint due to dominant caste clout suno na...,DISCRIMINATION_CASTE_VULNERABILITY,en,incomplete_hesitant,False,caller
SAATHI_00436,धमकी दे रहा है कि पूरे परिवार को खत्म कर देगा please...,THREAT_INTIMIDATION,hi,incomplete_hesitant,False,caller
SAATHI_00437,"मेरे साथ छेड़छाड़ हुई है रास्ते में घेर लिया था, मुझे बहुत चिंता हो रही है।",SEXUAL_VIOLENCE_HARASSMENT,hi,compound_dialogue,False,caller
SAATHI_00438,मुझे ठीक से नहीं पता मैं कहां हूं सड़क का नाम याद नहीं आ रहा,UNCERTAINTY_UNCLEAR_INFO,hi,short,False,caller
SAATHI_00439,ab main police station aa gayi hoon safe hoon bilkul,CURRENT_SAFETY_REASSURANCE,hinglish,standard,True,caller
SAATHI_00440,"casteist slurs dekar public tap se paani nahi lene diya, please kuch jaldi kijiye.",DISCRIMINATION_CASTE_VULNERABILITY,hinglish,compound_dialogue,False,caller
SAATHI_00441,"cheetah mobile ya interceptor vehicle turant send kijiye, please kuch jaldi kijiye.",REQUEST_POLICE_EMERGENCY_HELP,hinglish,compound_dialogue,False,caller
SAATHI_00442,कृपया ध्यान दें... वो सोशल मीडिया पर फेक आईडी बनाकर मेरी फोटो पर कमेंट करता है,STALKING_FOLLOWING,hi,spelling_variation,False,caller
SAATHI_00443,"he threatened me saying zinda nahi chodega, please kuch jaldi kijiye.",THREAT_INTIMIDATION,hinglish,compound_dialogue,False,caller
SAATHI_00444,fake profiles bana ke online aur offline follow kar raha hai,STALKING_FOLLOWING,hinglish,incomplete_hesitant,False,caller
SAATHI_00445,Please guide me to an emergency women's shelter or safe house immediately,NO_SAFE_PLACE_HOMELESSNESS,en,spelling_variation,False,caller
SAATHI_00446,मुझे अकेले रहने में बहुत खौफ लग रहा है,FEAR_DISTRESS_PANIC,hi,standard,False,caller
SAATHI_00447,mera peecha karke raste mein rokne ki koshish ki usne,STALKING_FOLLOWING,hinglish,short,False,caller
SAATHI_00448,suniye... suicidal thoughts aa rahe hain continue mujhse tolerate nahi ho raha,SELF_HARM_CONCERN,hinglish,conversational,False,caller
SAATHI_00449,"पहले दरवाजा पीटना बंद कर दिया था अब कुल्हाड़ी लेकर आ गया, मुझे बहुत चिंता हो रही है।",CONTRADICTORY_CHANGING_SITUATION,hi,compound_dialogue,False,caller
SAATHI_00450,Community elders are forcing us under threat of violence to leave town,SOCIAL_COMMUNITY_PRESSURE,en,spelling_variation,False,caller
SAATHI_00451,police bhejo jaldi varna wo injury kar dega,REQUEST_POLICE_EMERGENCY_HELP,hinglish,short,False,caller
SAATHI_00452,Enormous collective pressure from the clan to drop the complaint aur fir...,SOCIAL_COMMUNITY_PRESSURE,en,incomplete_hesitant,False,caller
SAATHI_00453,apne hi statements se contradict kar raha hai person,CONTRADICTORY_CHANGING_SITUATION,hinglish,short,False,caller
SAATHI_00454,usne pushed me down the stairs chot lag gayi,PHYSICAL_VIOLENCE_INJURY,hinglish,conversational,False,caller
SAATHI_00455,Escaped violent situation,NO_SAFE_PLACE_HOMELESSNESS,en,short,False,caller
SAATHI_00456,"disability ki wajah se main physically resist nahi kar pa raha, please kuch jaldi kijiye.",CHILD_ELDERLY_DISABILITY_VULNERABILITY,hinglish,compound_dialogue,False,caller
SAATHI_00457,I want information about filing under the Domestic Violence Act pata nahi...,REQUEST_COUNSELLING_LEGAL_MEDICAL,en,incomplete_hesitant,False,caller
SAATHI_00458,mood swings extreme hain kabhi sweet kabhi brutally abusive,CONTRADICTORY_CHANGING_SITUATION,hinglish,spelling_variation,False,caller
SAATHI_00459,advanced pregnancy stage mein physically assaulted pata nahi...,CHILD_ELDERLY_DISABILITY_VULNERABILITY,hinglish,incomplete_hesitant,False,caller
SAATHI_00460,just testing whether this emergency number is working or not,NEUTRAL_NO_INDICATOR,hinglish,conversational,True,caller
SAATHI_00461,i am feeling safe now danger has passed,CURRENT_SAFETY_REASSURANCE,hinglish,spelling_variation,True,caller
SAATHI_00462,The neighborhood council ordered us to pay a punitive community fine,SOCIAL_COMMUNITY_PRESSURE,en,spelling_variation,False,caller
SAATHI_00463,pregnant woman heavy bleeding emergency delivery stage,MEDICAL_EMERGENCY,hinglish,spelling_variation,False,caller
SAATHI_00464,अगर मेरी तकलीफ खत्म नहीं हुई तो मैं अपनी जान ले लूंगी pata nahi...,SELF_HARM_CONCERN,hi,incomplete_hesitant,False,caller
SAATHI_00465,"One minute the confrontation de-escalates, the next minute weapons come out",CONTRADICTORY_CHANGING_SITUATION,en,spelling_variation,False,caller
SAATHI_00466,"sho ko boliye team dispatched kare spot par, please kuch jaldi kijiye.",REQUEST_POLICE_EMERGENCY_HELP,hinglish,compound_dialogue,False,caller
SAATHI_00467,Seeking clinical psychologist consultation for chronic stress,REQUEST_COUNSELLING_LEGAL_MEDICAL,en,standard,False,caller
SAATHI_00468,mental health support ke liye psychologist counselling chahiye,REQUEST_COUNSELLING_LEGAL_MEDICAL,hinglish,short,False,caller
SAATHI_00469,madam... laga tha truce ho gaya settlement but fir assault shuru,CONTRADICTORY_CHANGING_SITUATION,hinglish,conversational,False,caller
SAATHI_00470,husband aur saas milke roz dowry ke liye torture karte hain,DOMESTIC_FAMILY_VIOLENCE,hinglish,spelling_variation,False,caller
SAATHI_00471,I have no support system whatsoever in this remote district,ISOLATION_NO_SUPPORT,en,incomplete_hesitant,False,caller
SAATHI_00472,Completely displaced,NO_SAFE_PLACE_HOMELESSNESS,en,short,False,caller
SAATHI_00473,"ब्लैकमेल कर रहा है कि तेरे परिवार को सब बता दूंगा, मुझे बहुत चिंता हो रही है।",COERCION_BLACKMAIL,hi,compound_dialogue,False,caller
SAATHI_00474,कृपया ध्यान दें... डर के मारे दरवाजा नहीं खोल पा रही हूं,FEAR_DISTRESS_PANIC,hi,spelling_variation,False,caller
SAATHI_00475,"Severe crushing chest pain, difficulty breathing, possible heart attack",MEDICAL_EMERGENCY,en,conversational,False,caller
SAATHI_00476,"The victim has passed out from extensive blood loss and trauma, I am urgently asking for intervention.",MEDICAL_EMERGENCY,en,compound_dialogue,False,caller
SAATHI_00477,मेरे भाई लोग आ गए हैं अब कोई खतरा नहीं बचा aur fir...,CURRENT_SAFETY_REASSURANCE,hi,incomplete_hesitant,True,caller
SAATHI_00478,He said there will be severe consequences if I call the helpline,THREAT_INTIMIDATION,en,spelling_variation,False,caller
SAATHI_00479,जातिवादी सोच के तहत हमारे पूरे समुदाय को निशाना बनाया जा रहा है,DISCRIMINATION_CASTE_VULNERABILITY,hi,short,False,caller
SAATHI_00480,"वो फर्श पर गिर पड़े हैं नब्ज बहुत कमजोर चल रही है, मुझे बहुत चिंता हो रही है।",MEDICAL_EMERGENCY,hi,compound_dialogue,False,caller
SAATHI_00481,"No longer in danger, perpetrator is far away and police are on site, I am urgently asking for intervention.",CURRENT_SAFETY_REASSURANCE,en,compound_dialogue,True,caller
SAATHI_00482,mohalle mein wedding reception chal raha hai music baj raha hai please...,NEUTRAL_NO_INDICATOR,hinglish,incomplete_hesitant,True,caller
SAATHI_00483,listen... overdose incident patient breathing is very faint,MEDICAL_EMERGENCY,hinglish,conversational,False,caller
SAATHI_00484,darr ke mare heart beat bohot tez chal rahi hai,FEAR_DISTRESS_PANIC,hinglish,short,False,caller
SAATHI_00485,उसने गाली देकर बोला कि तुझे काट के फेंक दूंगा...,THREAT_INTIMIDATION,hi,incomplete_hesitant,False,caller
SAATHI_00486,personal data misuse karne ki threat deke harass kar raha,COERCION_BLACKMAIL,hinglish,standard,False,caller
SAATHI_00487,zabardasti pakad ke intimacy force karne laga,SEXUAL_VIOLENCE_HARASSMENT,hinglish,short,False,caller
SAATHI_00488,Help me... I am facing severe domestic violence and physical assault from my spouse,DOMESTIC_FAMILY_VIOLENCE,en,conversational,False,caller
SAATHI_00489,jaati pooch kar room rent par dene se mana kiya aur insult ki,DISCRIMINATION_CASTE_VULNERABILITY,hinglish,short,False,caller
SAATHI_00490,family members sab milkar mujhe target aur torture kar rahe hain jaldi...,DOMESTIC_FAMILY_VIOLENCE,hinglish,incomplete_hesitant,False,caller
SAATHI_00491,madam... news mein dekha tha police caught criminals successfully,NEUTRAL_NO_INDICATOR,hinglish,conversational,True,caller
SAATHI_00492,Deploy a quick response team to our coordinates right now,REQUEST_POLICE_EMERGENCY_HELP,en,spelling_variation,False,caller
SAATHI_00493,community elders pressurize kar rahe hain case wapas lene ke liye,SOCIAL_COMMUNITY_PRESSURE,hinglish,standard,False,caller
SAATHI_00494,"isolation itna hai ki depression mein chali gayi hoon akelapan se, please kuch jaldi kijiye.",ISOLATION_NO_SUPPORT,hinglish,compound_dialogue,False,caller
SAATHI_00495,"I am completely homeless, wandering in an unfamiliar area in the dark",NO_SAFE_PLACE_HOMELESSNESS,en,standard,False,caller
SAATHI_00496,deep wound hai bleeding stop nahi ho rahi no first aid,MEDICAL_EMERGENCY,hinglish,short,False,caller
SAATHI_00497,petrol leke aaya hai aag lagane ki koshish kar raha,IMMEDIATE_PHYSICAL_DANGER,hinglish,spelling_variation,False,caller
SAATHI_00498,pehle dhamki di fir rone laga apology mangne laga aur fir...,CONTRADICTORY_CHANGING_SITUATION,hinglish,incomplete_hesitant,False,caller
SAATHI_00499,He demanded sexual favors under threat of job termination,SEXUAL_VIOLENCE_HARASSMENT,en,spelling_variation,False,caller
SAATHI_00500,"लिफ्ट में उसने मुझे कॉर्नर करके हैरास किया, मुझे बहुत चिंता हो रही है।",SEXUAL_VIOLENCE_HARASSMENT,hi,compound_dialogue,False,caller
SAATHI_00501,कृपया ध्यान दें... उसने मुझे थप्पड़ मारे और गला दबाने की कोशिश की,PHYSICAL_VIOLENCE_INJURY,hi,spelling_variation,False,caller
SAATHI_00502,I do not have a single friend or family member to turn to for help,ISOLATION_NO_SUPPORT,en,spelling_variation,False,caller
SAATHI_00503,"I don't want to wake up tomorrow morning, I want to die...",SELF_HARM_CONCERN,en,incomplete_hesitant,False,caller
SAATHI_00504,doctor se medical checkup ke liye routine assistance chahiye please...,REQUEST_COUNSELLING_LEGAL_MEDICAL,hinglish,incomplete_hesitant,False,caller
SAATHI_00505,"I was targeted with casteist slurs and assaulted at the public well, I am urgently asking for intervention.",DISCRIMINATION_CASTE_VULNERABILITY,en,compound_dialogue,False,caller
SAATHI_00506,sasural wale roz torture karte hain phone cheen liya,DOMESTIC_FAMILY_VIOLENCE,hinglish,standard,False,caller
SAATHI_00507,I was targeted with casteist slurs and assaulted at the public well,DISCRIMINATION_CASTE_VULNERABILITY,en,conversational,False,caller
SAATHI_00508,Violent attacks on a wedding celebration because of caste discrimination,DISCRIMINATION_CASTE_VULNERABILITY,en,standard,False,caller
SAATHI_00509,"mujhe bohot darr lag raha hai hath pair kaamp rahe hain, please kuch jaldi kijiye.",FEAR_DISTRESS_PANIC,hinglish,compound_dialogue,False,caller
SAATHI_00510,"shanti thi abhi tak but suddenly shouting started again, please kuch jaldi kijiye.",CONTRADICTORY_CHANGING_SITUATION,hinglish,compound_dialogue,False,caller
SAATHI_00511,arre... mujhe bohot darr lag raha hai hath pair kaamp rahe hain,FEAR_DISTRESS_PANIC,hinglish,conversational,False,caller
SAATHI_00512,"unknown numbers se 50 missed calls aur stalking messages deta hai, please kuch jaldi kijiye.",STALKING_FOLLOWING,hinglish,compound_dialogue,False,caller
SAATHI_00513,workplace par casteist comments pass karke mental torture kar rahe aur fir...,DISCRIMINATION_CASTE_VULNERABILITY,hinglish,incomplete_hesitant,False,caller
SAATHI_00514,"Immediate emergency has passed, situation is stable",CURRENT_SAFETY_REASSURANCE,en,spelling_variation,True,caller
SAATHI_00515,"पार्क की बेंच पर बैठी हूं ठंड से कांप रही हूं कोई सेफ जगह नहीं, मुझे बहुत चिंता हो रही है।",NO_SAFE_PLACE_HOMELESSNESS,hi,compound_dialogue,False,caller
SAATHI_00516,मेरा हाथ मरोड़ कर तोड़ दिया है बहुत तेज दर्द हो रहा है,PHYSICAL_VIOLENCE_INJURY,hi,short,False,caller
SAATHI_00517,पता नहीं वो कौन था चेहरा ढका हुआ था पहचान नहीं पाई,UNCERTAINTY_UNCLEAR_INFO,hi,short,False,caller
SAATHI_00518,paise nahi diye toh college mein sabko video dikha dega,COERCION_BLACKMAIL,hinglish,standard,False,caller
SAATHI_00519,gala dabane ki koshish ki thi usne suffocated feel hua jaldi...,PHYSICAL_VIOLENCE_INJURY,hinglish,incomplete_hesitant,False,caller
SAATHI_00520,कांप रही हूं मैं... प्लीज कोई मेरी मदद करो pata nahi...,FEAR_DISTRESS_PANIC,hi,incomplete_hesitant,False,caller
SAATHI_00521,"गर्भवती महिला को ब्लीडिंग शुरू हो गई है तेज लेबर पेन है, मुझे बहुत चिंता हो रही है।",MEDICAL_EMERGENCY,hi,compound_dialogue,False,caller
SAATHI_00522,"Hello... He tried to strangle me with his hands, my throat is bruised and swollen",PHYSICAL_VIOLENCE_INJURY,en,conversational,False,caller
SAATHI_00523,"He stopped kicking the door, only to return with a heavy wooden club, I am urgently asking for intervention.",CONTRADICTORY_CHANGING_SITUATION,en,compound_dialogue,False,caller
SAATHI_00524,I have no support system whatsoever in this remote district,ISOLATION_NO_SUPPORT,en,standard,False,caller
SAATHI_00525,fan se latakne ka mann ho raha hai koi raasta nahi dikh raha,SELF_HARM_CONCERN,hinglish,spelling_variation,False,caller
SAATHI_00526,"सबने मुझे छोड़ दिया है मैं लाचार और अकेली पड़ गई हूं, मुझे बहुत चिंता हो रही है।",ISOLATION_NO_SUPPORT,hi,compound_dialogue,False,caller
SAATHI_00527,I feel hopeless and completely suicidal right now aur fir...,SELF_HARM_CONCERN,en,incomplete_hesitant,False,caller
SAATHI_00528,blood vomit ho raha hai acute emergency condition,MEDICAL_EMERGENCY,hinglish,standard,False,caller
SAATHI_00529,मुझसे जबरन खाली स्टांप पेपर पर दस्तखत करवाए जा रहे हैं,COERCION_BLACKMAIL,hi,standard,False,caller
SAATHI_00530,कृपया ध्यान दें... उसने कहा अंजाम बहुत बुरा होगा समझ लो,THREAT_INTIMIDATION,hi,spelling_variation,False,caller
SAATHI_00531,situation normal ho gayi hai wo chala gaya,CURRENT_SAFETY_REASSURANCE,hinglish,spelling_variation,True,caller
SAATHI_00532,The neighborhood council ordered us to pay a punitive community fine,SOCIAL_COMMUNITY_PRESSURE,en,spelling_variation,False,caller
SAATHI_00533,"caste based exclusion face kar rahe hain public road use karne par, please kuch jaldi kijiye.",DISCRIMINATION_CASTE_VULNERABILITY,hinglish,compound_dialogue,False,caller
SAATHI_00534,"Nobody cares whether I live or die, zero friends or support",ISOLATION_NO_SUPPORT,en,conversational,False,caller
SAATHI_00535,"पुलिस की पीसीआर वैन आ गई है और वो मेरे साथ हैं, मुझे बहुत चिंता हो रही है।",CURRENT_SAFETY_REASSURANCE,hi,compound_dialogue,True,caller
SAATHI_00536,मुझे बार बार धमकी दे रहे हैं कि पछताओगे,THREAT_INTIMIDATION,hi,standard,False,caller
SAATHI_00537,I am a victim of chronic marital abuse and domestic cruelty,DOMESTIC_FAMILY_VIOLENCE,en,incomplete_hesitant,False,caller
SAATHI_00538,He cornered me and touched my private areas forcefully,SEXUAL_VIOLENCE_HARASSMENT,en,standard,False,caller
SAATHI_00539,"bus mein peeche se aakar vulgar harassment kiya, please kuch jaldi kijiye.",SEXUAL_VIOLENCE_HARASSMENT,hinglish,compound_dialogue,False,caller
SAATHI_00540,Help me... My children are forced to sit separately in school due to caste bias,DISCRIMINATION_CASTE_VULNERABILITY,en,conversational,False,caller
SAATHI_00541,madam... unknown numbers se 50 missed calls aur stalking messages deta hai,STALKING_FOLLOWING,hinglish,conversational,False,caller
SAATHI_00542,profuse bleeding after violent assault patient collapsing,MEDICAL_EMERGENCY,hinglish,standard,False,caller
SAATHI_00543,"Ma'am... He changes his narrative constantly, making contradictory declarations",CONTRADICTORY_CHANGING_SITUATION,en,conversational,False,caller
SAATHI_00544,कहता है अगर पैसे नहीं दिए तो वीडियो सोशल मीडिया पर डाल दूंगा,COERCION_BLACKMAIL,hi,conversational,False,caller
SAATHI_00545,right now wo mere samne khada hai chaku leke,IMMEDIATE_PHYSICAL_DANGER,hinglish,conversational,False,caller
SAATHI_00546,I am being followed by a black motorcycle everywhere I travel...,STALKING_FOLLOWING,en,incomplete_hesitant,False,caller
SAATHI_00547,i am 6 months pregnant severe abdominal pain ho raha hai,CHILD_ELDERLY_DISABILITY_VULNERABILITY,hinglish,standard,False,caller
SAATHI_00548,एड्रेस ठीक से नहीं पता बस इतना पता है किसी लाल बिल्डिंग के पास हूं,UNCERTAINTY_UNCLEAR_INFO,hi,short,False,caller
SAATHI_00549,jaati pooch kar room rent par dene se mana kiya aur insult ki,DISCRIMINATION_CASTE_VULNERABILITY,hinglish,spelling_variation,False,caller
SAATHI_00550,He attempted to sexually assault me and tore my clothing,SEXUAL_VIOLENCE_HARASSMENT,en,standard,False,caller
SAATHI_00551,He said he knows where I work and will teach me a lesson,THREAT_INTIMIDATION,en,standard,False,caller
SAATHI_00552,"छाती में असहनीय दर्द हो रहा है सांस रुक रही है हार्ट अटैक जैसा है, मुझे बहुत चिंता हो रही है।",MEDICAL_EMERGENCY,hi,compound_dialogue,False,caller
SAATHI_00553,padosi ke ghar shift ho gayi hoon everything is fine now pata nahi...,CURRENT_SAFETY_REASSURANCE,hinglish,incomplete_hesitant,True,caller
SAATHI_00554,बिजली का बिल भरने का ऑनलाइन पोर्टल नहीं खुल रहा क्या करें,NEUTRAL_NO_INDICATOR,hi,standard,True,caller
SAATHI_00555,"My family members have arrived to take care of me, I am out of harm's way jaldi...",CURRENT_SAFETY_REASSURANCE,en,incomplete_hesitant,True,caller
SAATHI_00556,sir... blackmail karke keh raha hai relatives ko photo bhej dunga,COERCION_BLACKMAIL,hinglish,conversational,False,caller
SAATHI_00557,तलाक और बच्चे की कस्टडी के कानूनी नियम समझना चाहती हूं,REQUEST_COUNSELLING_LEGAL_MEDICAL,hi,standard,False,caller
SAATHI_00558,koi ek person bhi nahi jisko call karke bula sakoon,ISOLATION_NO_SUPPORT,hinglish,incomplete_hesitant,False,caller
SAATHI_00559,पति ने रात के बारह बजे घर से निकाल दिया सड़क पर बैठी हूं pata nahi...,NO_SAFE_PLACE_HOMELESSNESS,hi,incomplete_hesitant,False,caller
SAATHI_00560,He showed a weapon and threatened to shoot me suno na...,THREAT_INTIMIDATION,en,incomplete_hesitant,False,caller
SAATHI_00561,poora mohalla boycott kar chuka hai grocery shop wale saman nahi dete,SOCIAL_COMMUNITY_PRESSURE,hinglish,short,False,caller
SAATHI_00562,"I lost track of time, could be thirty minutes or two hours ago",UNCERTAINTY_UNCLEAR_INFO,en,short,False,caller
SAATHI_00563,"safe location par hoon currently no immediate danger, please kuch jaldi kijiye.",CURRENT_SAFETY_REASSURANCE,hinglish,compound_dialogue,True,caller
SAATHI_00564,"We thought we reached a peaceful agreement, but he restarted the physical abuse",CONTRADICTORY_CHANGING_SITUATION,en,spelling_variation,False,caller
SAATHI_00565,शुरुआत में सब नॉर्मल लग रहा था पर अब मामला गंभीर होता जा रहा jaldi...,CONTRADICTORY_CHANGING_SITUATION,hi,incomplete_hesitant,False,caller
SAATHI_00566,"The threat has subsided, thank you, no further danger present",CURRENT_SAFETY_REASSURANCE,en,spelling_variation,True,caller
SAATHI_00567,उसने मुझे जमीन पर पटक कर लात-घूंसों से मारा,PHYSICAL_VIOLENCE_INJURY,hi,standard,False,caller
SAATHI_00568,Community leaders are threatening our children if we do not comply,SOCIAL_COMMUNITY_PRESSURE,en,spelling_variation,False,caller
SAATHI_00569,i am very scared please kuch kijiye jaldi...,FEAR_DISTRESS_PANIC,hinglish,incomplete_hesitant,False,caller
SAATHI_00570,I am entirely on my own with zero emotional or financial support,ISOLATION_NO_SUPPORT,en,standard,False,caller
SAATHI_00571,गंदे फोटो दिखाकर मुझे डरा रहा है और ब्लैकमेल कर रहा है,COERCION_BLACKMAIL,hi,standard,False,caller
SAATHI_00572,Extortionist behavior threatening public exposure of private conversations jaldi...,COERCION_BLACKMAIL,en,incomplete_hesitant,False,caller
SAATHI_00573,"I just dialed to verify if this toll-free helpline number is active, I am urgently asking for intervention.",NEUTRAL_NO_INDICATOR,en,compound_dialogue,True,caller
SAATHI_00574,usne zabardasti karne ki koshish ki aur kapde phad diye,SEXUAL_VIOLENCE_HARASSMENT,hinglish,incomplete_hesitant,False,caller
SAATHI_00575,apne hi statements se contradict kar raha hai person,CONTRADICTORY_CHANGING_SITUATION,hinglish,spelling_variation,False,caller
SAATHI_00576,मैं बहुत कन्फ्यूज हूं कुछ याद नहीं आ रहा क्या हुआ था,UNCERTAINTY_UNCLEAR_INFO,hi,standard,False,caller
SAATHI_00577,कृपया ध्यान दें... सिर फट गया है बहुत ज्यादा ब्लीडिंग हो रही है बेहोश हो रहे हैं,MEDICAL_EMERGENCY,hi,spelling_variation,False,caller
SAATHI_00578,Initial calm conversation suddenly flipped into a hostile hostage scenario pata nahi...,CONTRADICTORY_CHANGING_SITUATION,en,incomplete_hesitant,False,caller
SAATHI_00579,प्लीज... एक्सीडेंट हुआ है पैर टूट गया है हड्डी बाहर निकल आई है,MEDICAL_EMERGENCY,hi,conversational,False,caller
SAATHI_00580,"आसपास कोई बोर्ड या लैंडमार्क नहीं दिख रहा सुनसान रास्ता है, मुझे बहुत चिंता हो रही है।",UNCERTAINTY_UNCLEAR_INFO,hi,compound_dialogue,False,caller
SAATHI_00581,Hello... I require guidance on routine medical checkup and healthcare facilities,REQUEST_COUNSELLING_LEGAL_MEDICAL,en,conversational,False,caller
SAATHI_00582,कृपया ध्यान दें... हमलावर भाग गया है अब यहां कोई खतरा नहीं है,CURRENT_SAFETY_REASSURANCE,hi,spelling_variation,True,caller
SAATHI_00583,"Send an ambulance immediately, severe uncontrollable bleeding from head",MEDICAL_EMERGENCY,en,standard,False,caller
SAATHI_00584,"I cannot continue living under this trauma, I want to die",SELF_HARM_CONCERN,en,spelling_variation,False,caller
SAATHI_00585,severe burn injuries skin peel ho gayi hai crying in agony,MEDICAL_EMERGENCY,hinglish,short,False,caller
SAATHI_00586,bola court mein statement diya toh consequences bure honge,THREAT_INTIMIDATION,hinglish,spelling_variation,False,caller
SAATHI_00587,kehta hai agar wapas nahi aayi toh maar dalunga aur fir...,THREAT_INTIMIDATION,hinglish,incomplete_hesitant,False,caller
SAATHI_00588,no safe place left to stay completely stranded,NO_SAFE_PLACE_HOMELESSNESS,hinglish,short,False,caller
SAATHI_00589,"in-laws khana nahi dete aur abuse karte hain mental aur physical, please kuch jaldi kijiye.",DOMESTIC_FAMILY_VIOLENCE,hinglish,compound_dialogue,False,caller
SAATHI_00590,He showed a weapon and threatened to shoot me,THREAT_INTIMIDATION,en,standard,False,caller
SAATHI_00591,police custody mein le liya usko tension nahi hai ab please...,CURRENT_SAFETY_REASSURANCE,hinglish,incomplete_hesitant,True,caller
SAATHI_00592,He warned me that nobody will be able to protect me from him,THREAT_INTIMIDATION,en,short,False,caller
SAATHI_00593,"निचली जाति का कहकर स्कूल में मेरे बच्चे को अलग बिठाया गया, मुझे बहुत चिंता हो रही है।",DISCRIMINATION_CASTE_VULNERABILITY,hi,compound_dialogue,False,caller
SAATHI_00594,fir process ki step-by-step legal guidance chahiye,REQUEST_COUNSELLING_LEGAL_MEDICAL,hinglish,spelling_variation,False,caller
SAATHI_00595,"मैं सुन और बोल नहीं सकती मुझे लिखित में मदद चाहिए, मुझे बहुत चिंता हो रही है।",CHILD_ELDERLY_DISABILITY_VULNERABILITY,hi,compound_dialogue,False,caller
SAATHI_00596,मेरे पास मदद मांगने के लिए एक भी इंसान नहीं है,ISOLATION_NO_SUPPORT,hi,short,False,caller
SAATHI_00597,Both my parents have passed away and I have nowhere to seek shelter,ISOLATION_NO_SUPPORT,en,spelling_variation,False,caller
SAATHI_00598,gate tod raha hai wo bas ghusne hi wala hai...,IMMEDIATE_PHYSICAL_DANGER,hinglish,incomplete_hesitant,False,caller
SAATHI_00599,I am stranded on the street pavement with no safe shelter tonight,NO_SAFE_PLACE_HOMELESSNESS,en,spelling_variation,False,caller
SAATHI_00600,कृपया ध्यान दें... मैं बाथरूम में बंद हूं वो बाहर कुल्हाड़ी लेकर खड़ा है,IMMEDIATE_PHYSICAL_DANGER,hi,spelling_variation,False,caller
SAATHI_00601,उसने मेरे साथ जबरदस्ती संबंध बनाने का दबाव डाला aur fir...,SEXUAL_VIOLENCE_HARASSMENT,hi,incomplete_hesitant,False,caller
SAATHI_00602,"door lock kar liya hai ab koi danger nahi hai outside, please kuch jaldi kijiye.",CURRENT_SAFETY_REASSURANCE,hinglish,compound_dialogue,True,caller
SAATHI_00603,कृपया ध्यान दें... बस में मेरे पीछे आकर गंदी हरकतें कर रहा था,SEXUAL_VIOLENCE_HARASSMENT,hi,spelling_variation,False,caller
SAATHI_00604,कहता है अगर थाने गई तो ज़िंदा नहीं छोडूंगा,THREAT_INTIMIDATION,hi,standard,False,caller
SAATHI_00605,"He is actively stalking me in person and recording videos of me, I am urgently asking for intervention.",STALKING_FOLLOWING,en,compound_dialogue,False,caller
SAATHI_00606,"उसने धक्का दिया मैं सीढ़ियों से नीचे गिर गई, मुझे बहुत चिंता हो रही है।",PHYSICAL_VIOLENCE_INJURY,hi,compound_dialogue,False,caller
SAATHI_00607,listen... sleeping pills khane ka soch rahi hoon bohot sari,SELF_HARM_CONCERN,hinglish,conversational,False,caller
SAATHI_00608,कृपया ध्यान दें... मुझे पैनिक अटैक आ रहा है सांस फूल रही है,FEAR_DISTRESS_PANIC,hi,spelling_variation,False,caller
SAATHI_00609,कृपया ध्यान दें... गलत तरीके से छू रहा था और विरोध करने पर धमकाया,SEXUAL_VIOLENCE_HARASSMENT,hi,spelling_variation,False,caller
SAATHI_00610,My children are forced to sit separately in school due to caste bias,DISCRIMINATION_CASTE_VULNERABILITY,en,conversational,False,caller
SAATHI_00611,Hello... The physical abuse left severe bleeding lacerations on my body,PHYSICAL_VIOLENCE_INJURY,en,conversational,False,caller
SAATHI_00612,कृपया ध्यान दें... मुझे बेघर कर दिया गया है मेरे पास एक रुपया भी नहीं है,NO_SAFE_PLACE_HOMELESSNESS,hi,spelling_variation,False,caller
SAATHI_00613,Ma'am... The village panchayat ordered a complete social boycott of our household,SOCIAL_COMMUNITY_PRESSURE,en,conversational,False,caller
SAATHI_00614,"elderly bedridden father hain aur attack ho raha hai ghar par, please kuch jaldi kijiye.",CHILD_ELDERLY_DISABILITY_VULNERABILITY,hinglish,compound_dialogue,False,caller
SAATHI_00615,thana police ko forward karein emergency response chahiye,REQUEST_POLICE_EMERGENCY_HELP,hinglish,standard,False,caller
SAATHI_00616,main itni scared hoon ki aawaz nahi nikal rahi,FEAR_DISTRESS_PANIC,hinglish,spelling_variation,False,caller
SAATHI_00617,I need urgent cops protection at my residential address,REQUEST_POLICE_EMERGENCY_HELP,en,spelling_variation,False,caller
SAATHI_00618,Hello... I am on the verge of taking my own life tonight,SELF_HARM_CONCERN,en,conversational,False,caller
SAATHI_00619,mujhe lawyer se legal advice chahiye court case ke liye,REQUEST_COUNSELLING_LEGAL_MEDICAL,hinglish,short,False,caller
SAATHI_00620,"in-laws khana nahi dete aur abuse karte hain mental aur physical, please kuch jaldi kijiye.",DOMESTIC_FAMILY_VIOLENCE,hinglish,compound_dialogue,False,caller
SAATHI_00621,"धमकी दी है कि घर में आग लगा देगा, मुझे बहुत चिंता हो रही है।",THREAT_INTIMIDATION,hi,compound_dialogue,False,caller
SAATHI_00622,मुझे पैनिक अटैक आ रहा है सांस फूल रही है,FEAR_DISTRESS_PANIC,hi,short,False,caller
SAATHI_00623,Frail elderly grandmother being neglected and abused by caretakers,CHILD_ELDERLY_DISABILITY_VULNERABILITY,en,spelling_variation,False,caller
SAATHI_00624,wo meri location track kar raha hai har jagah aa jata hai,STALKING_FOLLOWING,hinglish,standard,False,caller
SAATHI_00625,door lock kar liya hai ab koi danger nahi hai outside,CURRENT_SAFETY_REASSURANCE,hinglish,conversational,True,caller
SAATHI_00626,"The dread and terror are overwhelming, I'm crying nonstop",FEAR_DISTRESS_PANIC,en,standard,False,caller
SAATHI_00627,Help me... The landlord threw all my belongings onto the road and locked me out,NO_SAFE_PLACE_HOMELESSNESS,en,conversational,False,caller
SAATHI_00628,अरे... आसपास कोई बोर्ड या लैंडमार्क नहीं दिख रहा सुनसान रास्ता है,UNCERTAINTY_UNCLEAR_INFO,hi,conversational,False,caller
SAATHI_00629,Continuous criminal blackmail,COERCION_BLACKMAIL,en,short,False,caller
SAATHI_00630,social pressure ki wajah se relatives bhi baat nahi kar rahe,SOCIAL_COMMUNITY_PRESSURE,hinglish,spelling_variation,False,caller
SAATHI_00631,"landlord ne luggage bahar phenk ke room lock kar diya, please kuch jaldi kijiye.",NO_SAFE_PLACE_HOMELESSNESS,hinglish,compound_dialogue,False,caller
SAATHI_00632,शादी के बाद से रोज घर में मारपीट और गाली-गलौज होती है,DOMESTIC_FAMILY_VIOLENCE,hi,standard,False,caller
SAATHI_00633,usne bahut buri tarah mara hai chehre par neele nishan hain,PHYSICAL_VIOLENCE_INJURY,hinglish,spelling_variation,False,caller
SAATHI_00634,कृपया ध्यान दें... बस में मेरे पीछे आकर गंदी हरकतें कर रहा था,SEXUAL_VIOLENCE_HARASSMENT,hi,spelling_variation,False,caller
SAATHI_00635,sir... sho ko boliye team dispatched kare spot par,REQUEST_POLICE_EMERGENCY_HELP,hinglish,conversational,False,caller
SAATHI_00636,Facing village-wide excommunication and honor violence threats suno na...,SOCIAL_COMMUNITY_PRESSURE,en,incomplete_hesitant,False,caller
SAATHI_00637,कृपया ध्यान दें... कभी कहता है प्यार करता है और कभी जान से मारने पर उतारू हो जाता है,CONTRADICTORY_CHANGING_SITUATION,hi,spelling_variation,False,caller
SAATHI_00638,pehle laga chala gaya but ab shadow window par fir dikhi jaldi...,CONTRADICTORY_CHANGING_SITUATION,hinglish,incomplete_hesitant,False,caller
SAATHI_00639,dhamki di hai ki aisi halat karunga koi pehchan nahi payega,THREAT_INTIMIDATION,hinglish,short,False,caller
SAATHI_00640,just calling to inquire about helpline operational timings,NEUTRAL_NO_INDICATOR,hinglish,incomplete_hesitant,True,caller
SAATHI_00641,"Evicted without notice, sitting helpless on the roadside suno na...",NO_SAFE_PLACE_HOMELESSNESS,en,incomplete_hesitant,False,caller
SAATHI_00642,sexual harassment kiya hai mere sath room mein lock karke,SEXUAL_VIOLENCE_HARASSMENT,hinglish,conversational,False,caller
SAATHI_00643,कृपया ध्यान दें... उसने मुझे नशीला पदार्थ पिलाकर गलत काम करने की कोशिश की,SEXUAL_VIOLENCE_HARASSMENT,hi,spelling_variation,False,caller
SAATHI_00644,"Total absence of any protective or supportive network for me, I am urgently asking for intervention.",ISOLATION_NO_SUPPORT,en,compound_dialogue,False,caller
SAATHI_00645,"कोई रोज मेरे घर के बाहर खड़ा होकर खिड़की में झांकता है, मुझे बहुत चिंता हो रही है।",STALKING_FOLLOWING,hi,compound_dialogue,False,caller
SAATHI_00646,dominant caste ke log basti mein aakar galiyan aur dhamkee dete hain,DISCRIMINATION_CASTE_VULNERABILITY,hinglish,spelling_variation,False,caller
SAATHI_00647,"First he apologized profusely, now he is brandishing a kitchen knife",CONTRADICTORY_CHANGING_SITUATION,en,short,False,caller
SAATHI_00648,"I lost track of time, could be thirty minutes or two hours ago",UNCERTAINTY_UNCLEAR_INFO,en,spelling_variation,False,caller
SAATHI_00649,"ससुर और ननद ताने मारते हैं और मुझे घर से निकालना चाहते हैं, मुझे बहुत चिंता हो रही है।",DOMESTIC_FAMILY_VIOLENCE,hi,compound_dialogue,False,caller
SAATHI_00650,police bhejo jaldi varna wo injury kar dega,REQUEST_POLICE_EMERGENCY_HELP,hinglish,short,False,caller
SAATHI_00651,उसने मुझे थप्पड़ मारे,PHYSICAL_VIOLENCE_INJURY,hi,short,False,caller
SAATHI_00652,Hello... Can I get psychological therapy referrals for domestic trauma survivors?,REQUEST_COUNSELLING_LEGAL_MEDICAL,en,conversational,False,caller
SAATHI_00653,"I am deaf and speech impaired, communicating via text in high distress, I am urgently asking for intervention.",CHILD_ELDERLY_DISABILITY_VULNERABILITY,en,compound_dialogue,False,caller
SAATHI_00654,bol raha hai ki ghar jalwa dunga agar complain kiya,THREAT_INTIMIDATION,hinglish,short,False,caller
SAATHI_00655,He threatened to destroy my life and harm my reputation,THREAT_INTIMIDATION,en,conversational,False,caller
SAATHI_00656,सर... अभी तक सब शांत था पर अचानक फिर से चिल्लाने की आवाजें आ रही हैं,CONTRADICTORY_CHANGING_SITUATION,hi,conversational,False,caller
SAATHI_00657,please... wo darwaze ke bahar khada hai aur todne ki koshish kar raha,IMMEDIATE_PHYSICAL_DANGER,hinglish,conversational,False,caller
SAATHI_00658,I am receiving continuous death threats on my phone,THREAT_INTIMIDATION,en,standard,False,caller
SAATHI_00659,police department awareness program run kar raha hai safety par,NEUTRAL_NO_INDICATOR,hinglish,spelling_variation,True,caller
SAATHI_00660,दम घुट रहा है शरीर नीला पड़ रहा है ऑक्सीजन चाहिए,MEDICAL_EMERGENCY,hi,short,False,caller
SAATHI_00661,वो अपनी ही बातों से पलट रहा है कभी हां कभी ना बोलता है,CONTRADICTORY_CHANGING_SITUATION,hi,short,False,caller
SAATHI_00662,सर... मेरी प्रतिष्ठा खराब करने की धमकी देकर मनमानी कर रहा है,COERCION_BLACKMAIL,hi,conversational,False,caller
SAATHI_00663,He harassed me sexually in the stairwell and touched me unlawfully,SEXUAL_VIOLENCE_HARASSMENT,en,spelling_variation,False,caller
SAATHI_00664,please... usne bola agar police ke paas gayi toh jaan se maar dega,THREAT_INTIMIDATION,hinglish,conversational,False,caller
SAATHI_00665,सुनिए... हमें शादी में घोड़ी पर चढ़ने से रोका और बारातियों को पीटा,DISCRIMINATION_CASTE_VULNERABILITY,hi,conversational,False,caller
SAATHI_00666,"Emergency ambulance required, pulse fading rapidly, I am urgently asking for intervention.",MEDICAL_EMERGENCY,en,compound_dialogue,False,caller
SAATHI_00667,धमकी दी है कि घर में आग लगा देगा,THREAT_INTIMIDATION,hi,conversational,False,caller
SAATHI_00668,मैं ब्लेड से अपने हाथ पर कट लगाने जा रही थी,SELF_HARM_CONCERN,hi,short,False,caller
SAATHI_00669,"It might have been accidental, I honestly cannot tell, I am urgently asking for intervention.",UNCERTAINTY_UNCLEAR_INFO,en,compound_dialogue,False,caller
SAATHI_00670,completely helpless,ISOLATION_NO_SUPPORT,hinglish,short,False,caller
SAATHI_00671,मेरा इस शहर में कोई नहीं है बिल्कुल अकेली हूं कोई रिश्तेदार नहीं jaldi...,ISOLATION_NO_SUPPORT,hi,incomplete_hesitant,False,caller
SAATHI_00672,god mein 3 months ka chota baby hai aur road par khadi hoon,CHILD_ELDERLY_DISABILITY_VULNERABILITY,hinglish,standard,False,caller
SAATHI_00673,He said he will finish my entire family if I step outside,THREAT_INTIMIDATION,en,spelling_variation,False,caller
SAATHI_00674,Help me... Social harassment where neighbors spit and insult us when we step outside,SOCIAL_COMMUNITY_PRESSURE,en,conversational,False,caller
SAATHI_00675,Ma'am... The police patrol car has arrived on the scene and officers are with me,CURRENT_SAFETY_REASSURANCE,en,conversational,True,caller
SAATHI_00676,The perpetrator has fled the area,CURRENT_SAFETY_REASSURANCE,en,short,True,caller
SAATHI_00677,samajik dabav itna hai ki koi help ke liye aage nahi aa raha,SOCIAL_COMMUNITY_PRESSURE,hinglish,short,False,caller
SAATHI_00678,time ka idea nahi hai maybe 1 hour pehle ya 2 hours,UNCERTAINTY_UNCLEAR_INFO,hinglish,short,False,caller
SAATHI_00679,The crisis keeps evolving unpredictably with shifting intentions,CONTRADICTORY_CHANGING_SITUATION,en,standard,False,caller
SAATHI_00680,"स्पेशल चाइल्ड है मेरा वो बहुत डर गया है पैनिक कर रहा है, मुझे बहुत चिंता हो रही है।",CHILD_ELDERLY_DISABILITY_VULNERABILITY,hi,compound_dialogue,False,caller
SAATHI_00681,"I don't want to wake up tomorrow morning, I want to die",SELF_HARM_CONCERN,en,standard,False,caller
SAATHI_00682,sir fat gaya hai continuous blood flow unconscious hone laga hai,MEDICAL_EMERGENCY,hinglish,spelling_variation,False,caller
SAATHI_00683,suniye... usne bola agar police ke paas gayi toh jaan se maar dega,THREAT_INTIMIDATION,hinglish,conversational,False,caller
SAATHI_00684,"हमारे कॉलेज में कराटे और आत्मरक्षा का खेल प्रशिक्षण चल रहा था, मुझे बहुत चिंता हो रही है।",NEUTRAL_NO_INDICATOR,hi,compound_dialogue,True,caller
SAATHI_00685,प्लीज... पति ने मुझे कमरे में बंद करके बाहर से ताला लगा दिया है फोन भी नहीं है,ISOLATION_NO_SUPPORT,hi,conversational,False,caller
SAATHI_00686,"I have nobody in this city, no relatives, completely isolated",ISOLATION_NO_SUPPORT,en,standard,False,caller
SAATHI_00687,body par multiple bruises hain uski beating ki wajah se jaldi...,PHYSICAL_VIOLENCE_INJURY,hinglish,incomplete_hesitant,False,caller
SAATHI_00688,I'm crying,FEAR_DISTRESS_PANIC,en,short,False,caller
SAATHI_00689,I am a victim of chronic marital abuse and domestic cruelty,DOMESTIC_FAMILY_VIOLENCE,en,standard,False,caller
SAATHI_00690,"Facing severe casteist bigotry, denial of basic civic amenities,",DISCRIMINATION_CASTE_VULNERABILITY,en,short,False,caller
SAATHI_00691,मजबूर किया जा रहा है कि मैं अपने केस को वापस ले लूं,COERCION_BLACKMAIL,hi,short,False,caller
SAATHI_00692,सर... ब्लैकमेल कर रहा है कि तेरे परिवार को सब बता दूंगा,COERCION_BLACKMAIL,hi,conversational,False,caller
SAATHI_00693,Please listen... I was subjected to sexual molestation in a closed room,SEXUAL_VIOLENCE_HARASSMENT,en,conversational,False,caller
SAATHI_00694,वो मेरी हर लोकेशन ट्रैक कर रहा है और जहां जाती हूं पहुंच जाता है suno na...,STALKING_FOLLOWING,hi,incomplete_hesitant,False,caller
SAATHI_00695,शायद उसने कुछ बोला था पर समझ नहीं आया आवाज साफ नहीं थी...,UNCERTAINTY_UNCLEAR_INFO,hi,incomplete_hesitant,False,caller
SAATHI_00696,सुनिए... घर से बेदखल कर दिया रात के अंधेरे में सुनसान सड़क पर हूं,NO_SAFE_PLACE_HOMELESSNESS,hi,conversational,False,caller
SAATHI_00697,husband ne mara aur bola ghar se nikal ja,DOMESTIC_FAMILY_VIOLENCE,hinglish,standard,False,caller
SAATHI_00698,ghabra gayi hoon samajh nahi aa raha kya karoon,FEAR_DISTRESS_PANIC,hinglish,short,False,caller
SAATHI_00699,"police ko bolo siren baja kar jaldi aayein, please kuch jaldi kijiye.",REQUEST_POLICE_EMERGENCY_HELP,hinglish,compound_dialogue,False,caller
SAATHI_00700,Officer... Forced out of my residence without any money or temporary shelter,NO_SAFE_PLACE_HOMELESSNESS,en,conversational,False,caller
SAATHI_00701,"trauma counselling session schedule karwa dijiye, please kuch jaldi kijiye.",REQUEST_COUNSELLING_LEGAL_MEDICAL,hinglish,compound_dialogue,False,caller
SAATHI_00702,"At first it seemed he had left, but now shadows appeared at the window again suno na...",CONTRADICTORY_CHANGING_SITUATION,en,incomplete_hesitant,False,caller
SAATHI_00703,मुझे अकेले रहने में बहुत खौफ लग रहा है,FEAR_DISTRESS_PANIC,hi,standard,False,caller
SAATHI_00704,"पति ने मुझे कमरे में बंद करके बाहर से ताला लगा दिया है फोन भी नहीं है, मुझे बहुत चिंता हो रही है।",ISOLATION_NO_SUPPORT,hi,compound_dialogue,False,caller
SAATHI_00705,Hello... I am visually impaired and living alone without any assistance,CHILD_ELDERLY_DISABILITY_VULNERABILITY,en,conversational,False,caller
SAATHI_00706,मुझे डॉक्टर से चेकअप के लिए अपॉइंटमेंट की जानकारी चाहिए,REQUEST_COUNSELLING_LEGAL_MEDICAL,hi,standard,False,caller
SAATHI_00707,He demanded sexual favors under threat of job termination,SEXUAL_VIOLENCE_HARASSMENT,en,spelling_variation,False,caller
SAATHI_00708,भ्रमित महसूस कर रही हूं पक्की जानकारी नहीं दे पाऊंगी,UNCERTAINTY_UNCLEAR_INFO,hi,standard,False,caller
SAATHI_00709,Continuous unlawful surveillance,STALKING_FOLLOWING,en,short,False,caller
SAATHI_00710,अरे... उसने कहा कि अगर मैंने किसी को बताया तो वो मुझे जान से मार देगा,THREAT_INTIMIDATION,hi,conversational,False,caller
SAATHI_00711,"कोई रोज मेरे घर के बाहर खड़ा होकर खिड़की में झांकता है, मुझे बहुत चिंता हो रही है।",STALKING_FOLLOWING,hi,compound_dialogue,False,caller
SAATHI_00712,कृपया ध्यान दें... मेरे माता-पिता की मृत्यु हो चुकी है मेरा कोई अपना नहीं है इस दुनिया में,ISOLATION_NO_SUPPORT,hi,spelling_variation,False,caller
SAATHI_00713,कृपया ध्यान दें... बुजुर्ग महिला अकेली रहती है उसकी देखभाल करने वाला कोई नहीं,CHILD_ELDERLY_DISABILITY_VULNERABILITY,hi,spelling_variation,False,caller
SAATHI_00714,"क्या मुझे किसी काउंसलर से बात करने का नंबर मिल सकता है?, मुझे बहुत चिंता हो रही है।",REQUEST_COUNSELLING_LEGAL_MEDICAL,hi,compound_dialogue,False,caller
SAATHI_00715,"operator: hello erss control room aapko kis prakar ki sahayata chahiye, please kuch jaldi kijiye.",NEUTRAL_NO_INDICATOR,hinglish,compound_dialogue,True,operator
SAATHI_00716,"Completely abandoned by relatives, facing this ordeal entirely alone",ISOLATION_NO_SUPPORT,en,short,False,caller
SAATHI_00717,Ma'am... The physical abuse left severe bleeding lacerations on my body,PHYSICAL_VIOLENCE_INJURY,en,conversational,False,caller
SAATHI_00718,"He threatened to destroy my life and harm my reputation, I am urgently asking for intervention.",THREAT_INTIMIDATION,en,compound_dialogue,False,caller
SAATHI_00719,"I have no home, no roof, and no safe refuge to sleep tonight pata nahi...",NO_SAFE_PLACE_HOMELESSNESS,en,incomplete_hesitant,False,caller
SAATHI_00720,dhamki de raha hai ki pure parivar ko khatam kar dunga,THREAT_INTIMIDATION,hinglish,standard,False,caller
SAATHI_00721,He punched me repeatedly in the face and fractured my jaw suno na...,PHYSICAL_VIOLENCE_INJURY,en,incomplete_hesitant,False,caller
SAATHI_00722,I am a victim of chronic marital abuse and domestic cruelty,DOMESTIC_FAMILY_VIOLENCE,en,standard,False,caller
SAATHI_00723,My husband and in-laws abuse me daily demanding additional dowry,DOMESTIC_FAMILY_VIOLENCE,en,spelling_variation,False,caller
SAATHI_00724,Community elders are forcing us under threat of violence to leave town,SOCIAL_COMMUNITY_PRESSURE,en,short,False,caller
SAATHI_00725,dhamkee di hai ki aisi halat karunga koi pehchan nahi payega,THREAT_INTIMIDATION,hinglish,spelling_variation,False,caller
SAATHI_00726,meri will ke against physically violate karne ki koshish ki,SEXUAL_VIOLENCE_HARASSMENT,hinglish,short,False,caller
SAATHI_00727,Frail elderly grandmother being neglected,CHILD_ELDERLY_DISABILITY_VULNERABILITY,en,short,False,caller
SAATHI_00728,"थाने से फोर्स भेजिए यहां हथियार लेकर लोग खड़े हैं, मुझे बहुत चिंता हो रही है।",REQUEST_POLICE_EMERGENCY_HELP,hi,compound_dialogue,False,caller
SAATHI_00729,madam... pati ne gale par hath rakh kar jaan se marne ki dhamki di domestic issue pe,DOMESTIC_FAMILY_VIOLENCE,hinglish,conversational,False,caller
SAATHI_00730,kuch yaad nahi aa raha shock ki wajah se,UNCERTAINTY_UNCLEAR_INFO,hinglish,conversational,False,caller
SAATHI_00731,"Minor orphaned children left completely unattended in an unsafe area, I am urgently asking for intervention.",CHILD_ELDERLY_DISABILITY_VULNERABILITY,en,compound_dialogue,False,caller
SAATHI_00732,Our academy conducted a fire safety awareness drill this afternoon,NEUTRAL_NO_INDICATOR,en,short,True,caller
SAATHI_00733,मेरी बात सुनिए... हुक्का-पानी बंद करने का ऐलान कर दिया गया है बिरादरी द्वारा,SOCIAL_COMMUNITY_PRESSURE,hi,conversational,False,caller
SAATHI_00734,मेरी बच्ची दिव्यांग है व्हीलचेयर पर है हम भाग भी नहीं सकते,CHILD_ELDERLY_DISABILITY_VULNERABILITY,hi,standard,False,caller
SAATHI_00735,madam... saas taunt karti hai aur bhooka rakhti hai kamre mein,DOMESTIC_FAMILY_VIOLENCE,hinglish,conversational,False,caller
SAATHI_00736,suniye... overdose incident patient breathing is very faint,MEDICAL_EMERGENCY,hinglish,conversational,False,caller
SAATHI_00737,"padosi bhi darte hain koi help karne nahi aata bilkul isolated, please kuch jaldi kijiye.",ISOLATION_NO_SUPPORT,hinglish,compound_dialogue,False,caller
SAATHI_00738,कृपया ध्यान दें... मेरे माता-पिता की मृत्यु हो चुकी है मेरा कोई अपना नहीं है इस दुनिया में,ISOLATION_NO_SUPPORT,hi,spelling_variation,False,caller
SAATHI_00739,मैं अलमारी के पीछे छुपी हूं वो ढूंढ रहा है मुझे,IMMEDIATE_PHYSICAL_DANGER,hi,standard,False,caller
SAATHI_00740,Attacked and beaten for entering a place of worship due to my Dalit identity...,DISCRIMINATION_CASTE_VULNERABILITY,en,incomplete_hesitant,False,caller
SAATHI_00741,He calls me from dozens of virtual numbers whenever I block him,STALKING_FOLLOWING,en,conversational,False,caller
SAATHI_00742,He is cyberstalking my whereabouts,STALKING_FOLLOWING,en,short,False,caller
SAATHI_00743,agar aisi hi life rahi toh main zinda nahi rahungi suicide kar lungi,SELF_HARM_CONCERN,hinglish,standard,False,caller
SAATHI_00744,"मैं दृष्टिहीन हूं और मुझे कुछ दिखाई नहीं दे रहा कोई सहारा नहीं है, मुझे बहुत चिंता हो रही है।",CHILD_ELDERLY_DISABILITY_VULNERABILITY,hi,compound_dialogue,False,caller
SAATHI_00745,He explicitly threatened to kill me if I report this to the police,THREAT_INTIMIDATION,en,conversational,False,caller
SAATHI_00746,main khud ko harm karne ki soch rahi hoon,SELF_HARM_CONCERN,hinglish,standard,False,caller
SAATHI_00747,"Attacker is inside the premises right now, send police immediately",IMMEDIATE_PHYSICAL_DANGER,en,short,False,caller
SAATHI_00748,"Help me... No prominent landmarks around here, just an unfamiliar alley",UNCERTAINTY_UNCLEAR_INFO,en,conversational,False,caller
SAATHI_00749,"maybe white car thi ya black clear notice nahi kiya, please kuch jaldi kijiye.",UNCERTAINTY_UNCLEAR_INFO,hinglish,compound_dialogue,False,caller
SAATHI_00750,He broke the main latch and has entered the living room...,IMMEDIATE_PHYSICAL_DANGER,en,incomplete_hesitant,False,caller
SAATHI_00751,प्लीज... उसने धक्का दिया मैं सीढ़ियों से नीचे गिर गई,PHYSICAL_VIOLENCE_INJURY,hi,conversational,False,caller
SAATHI_00752,"पीछा करके उसने मुझे अकेला पाकर बात करने के लिए रोका, मुझे बहुत चिंता हो रही है।",STALKING_FOLLOWING,hi,compound_dialogue,False,caller
SAATHI_00753,किसी को मेरी परवाह नहीं है मैं अकेली कैसे सामना करूं,ISOLATION_NO_SUPPORT,hi,short,False,caller
SAATHI_00754,turant police bhejiye wo mujh par attack karne aa raha pata nahi...,IMMEDIATE_PHYSICAL_DANGER,hinglish,incomplete_hesitant,False,caller
SAATHI_00755,मेरे पास कोई सपोर्ट सिस्टम नहीं है मैं बिल्कुल तन्हा हूं,ISOLATION_NO_SUPPORT,hi,standard,False,caller
SAATHI_00756,दम घुट रहा है शरीर नीला पड़ रहा है ऑक्सीजन चाहिए,MEDICAL_EMERGENCY,hi,short,False,caller
SAATHI_00757,"दरवाजा बंद कर लिया है वो जा चुका है अब डर नहीं है, मुझे बहुत चिंता हो रही है।",CURRENT_SAFETY_REASSURANCE,hi,compound_dialogue,True,caller
SAATHI_00758,Ma'am... He locked me inside the apartment from the outside with no phone,ISOLATION_NO_SUPPORT,en,conversational,False,caller
SAATHI_00759,भागने का कोई रास्ता नहीं है वो बाहर रास्ता रोके खड़ा है,IMMEDIATE_PHYSICAL_DANGER,hi,standard,False,caller
SAATHI_00760,"घर से बेदखल कर दिया रात के अंधेरे में सुनसान सड़क पर हूं, मुझे बहुत चिंता हो रही है।",NO_SAFE_PLACE_HOMELESSNESS,hi,compound_dialogue,False,caller
SAATHI_00761,"दिव्यांग होने के कारण मैं अपनी रक्षा खुद नहीं कर पा रहा हूं, मुझे बहुत चिंता हो रही है।",CHILD_ELDERLY_DISABILITY_VULNERABILITY,hi,compound_dialogue,False,caller
SAATHI_00762,प्लीज... गर्भवती महिला को ब्लीडिंग शुरू हो गई है तेज लेबर पेन है,MEDICAL_EMERGENCY,hi,conversational,False,caller
SAATHI_00763,Please listen... The landlord threw all my belongings onto the road and locked me out,NO_SAFE_PLACE_HOMELESSNESS,en,conversational,False,caller
SAATHI_00764,दहेज में गाड़ी और पैसे मांगने के लिए मुझ पर अत्याचार हो रहा है...,DOMESTIC_FAMILY_VIOLENCE,hi,incomplete_hesitant,False,caller
SAATHI_00765,suniye... he threatened me saying zinda nahi chodega,THREAT_INTIMIDATION,hinglish,conversational,False,caller
SAATHI_00766,उसने मुझे कमरे में बंद करके अश्लील हरकतें कीं,SEXUAL_VIOLENCE_HARASSMENT,hi,incomplete_hesitant,False,caller
SAATHI_00767,वो छत से कूदकर अंदर घुस आया है जान बचाओ,IMMEDIATE_PHYSICAL_DANGER,hi,standard,False,caller
SAATHI_00768,He assaulted me physically,PHYSICAL_VIOLENCE_INJURY,en,short,False,caller
SAATHI_00769,जातिगत अत्याचार हो रहा है हमारे मोहल्ले में pata nahi...,DISCRIMINATION_CASTE_VULNERABILITY,hi,incomplete_hesitant,False,caller
SAATHI_00770,"He is physically cornering me right this minute, I am urgently asking for intervention.",IMMEDIATE_PHYSICAL_DANGER,en,compound_dialogue,False,caller
SAATHI_00771,A man has been stalking and following me every day on my way to work,STALKING_FOLLOWING,en,spelling_variation,False,caller
SAATHI_00772,matter resolve ho gaya hai violence stop ho gaya,CURRENT_SAFETY_REASSURANCE,hinglish,spelling_variation,True,caller
SAATHI_00773,अंदर से बहुत डर लग रहा है दिल जोर-जोर से धड़क रहा है,FEAR_DISTRESS_PANIC,hi,short,False,caller
SAATHI_00774,"उसने कहा कि अगर मैंने किसी को बताया तो वो मुझे जान से मार देगा, मुझे बहुत चिंता हो रही है।",THREAT_INTIMIDATION,hi,compound_dialogue,False,caller
SAATHI_00775,slap kiya bahut zor se kaan se aawaz aana band ho gayi,PHYSICAL_VIOLENCE_INJURY,hinglish,spelling_variation,False,caller
SAATHI_00776,एक अज्ञात आदमी कई दिनों से मेरे कदमों का पीछा कर रहा है...,STALKING_FOLLOWING,hi,incomplete_hesitant,False,caller
SAATHI_00777,सामाजिक दबाव की वजह से मेरे माता-पिता भी मेरा साथ नहीं दे पा रहे,SOCIAL_COMMUNITY_PRESSURE,hi,short,False,caller
SAATHI_00778,main itni scared hoon ki aawaz nahi nikal rahi,FEAR_DISTRESS_PANIC,hinglish,spelling_variation,False,caller
SAATHI_00779,गलत तरीके से छू रहा था,SEXUAL_VIOLENCE_HARASSMENT,hi,short,False,caller
SAATHI_00780,"Please instruct the local police station to dispatch an emergency squad, I am urgently asking for intervention.",REQUEST_POLICE_EMERGENCY_HELP,en,compound_dialogue,False,caller
SAATHI_00781,"थाने से फोर्स भेजिए यहां हथियार लेकर लोग खड़े हैं, मुझे बहुत चिंता हो रही है।",REQUEST_POLICE_EMERGENCY_HELP,hi,compound_dialogue,False,caller
SAATHI_00782,धमकी दे रहा है कि पूरे परिवार को खत्म कर देगा,THREAT_INTIMIDATION,hi,standard,False,caller
SAATHI_00783,phone karke bol raha hai dekh lunga tujhe,THREAT_INTIMIDATION,hinglish,spelling_variation,False,caller
SAATHI_00784,He beat me with a belt and there are severe bruises across my back,PHYSICAL_VIOLENCE_INJURY,en,conversational,False,caller
SAATHI_00785,"maybe white car thi ya black clear notice nahi kiya, please kuch jaldi kijiye.",UNCERTAINTY_UNCLEAR_INFO,hinglish,compound_dialogue,False,caller
SAATHI_00786,poora mohalla boycott kar chuka hai grocery shop wale saman nahi dete,SOCIAL_COMMUNITY_PRESSURE,hinglish,short,False,caller
SAATHI_00787,बाहर जाने पर पाबंदी है घर में अकेली बंद रहती हूं,ISOLATION_NO_SUPPORT,hi,standard,False,caller
SAATHI_00788,I am so frightened that I cannot think clearly right now,FEAR_DISTRESS_PANIC,en,conversational,False,caller
SAATHI_00789,usne mujhe drug karke assault karne ka try kiya pata nahi...,SEXUAL_VIOLENCE_HARASSMENT,hinglish,incomplete_hesitant,False,caller
SAATHI_00790,कृपया ध्यान दें... समाज के ठेकेदार हमें गांव छोड़कर जाने का फरमान सुना रहे हैं,SOCIAL_COMMUNITY_PRESSURE,hi,spelling_variation,False,caller
SAATHI_00791,meri jaan khatre mein hai wo mujhe pakadne aa raha hai,IMMEDIATE_PHYSICAL_DANGER,hinglish,standard,False,caller
SAATHI_00792,मुझे किसी सेफ हाउस या नारी निकेतन में जगह दिलवाइए प्लीज jaldi...,NO_SAFE_PLACE_HOMELESSNESS,hi,incomplete_hesitant,False,caller
SAATHI_00793,I am standing on the terrace edge thinking about jumping suno na...,SELF_HARM_CONCERN,en,incomplete_hesitant,False,caller
SAATHI_00794,I want information about filing under the Domestic Violence Act,REQUEST_COUNSELLING_LEGAL_MEDICAL,en,standard,False,caller
SAATHI_00795,community elders pressurize kar rahe hain case wapas lene ke liye jaldi...,SOCIAL_COMMUNITY_PRESSURE,hinglish,incomplete_hesitant,False,caller
SAATHI_00796,I have suicidal thoughts,SELF_HARM_CONCERN,en,short,False,caller
SAATHI_00797,आरक्षण और जाति को लेकर मुझे कार्यस्थल पर प्रताड़ित किया जा रहा है,DISCRIMINATION_CASTE_VULNERABILITY,hi,standard,False,caller
SAATHI_00798,itna pain hai ki khud ko finish kar lene ka mann kar raha,SELF_HARM_CONCERN,hinglish,conversational,False,caller
SAATHI_00799,"गांव की पंचायत ने हमारे परिवार का सामाजिक बहिष्कार कर दिया है, मुझे बहुत चिंता हो रही है।",SOCIAL_COMMUNITY_PRESSURE,hi,compound_dialogue,False,caller
SAATHI_00800,He groped me inappropriately against my explicit consent,SEXUAL_VIOLENCE_HARASSMENT,en,short,False,caller
SAATHI_00801,I do not have a single friend or family member to turn to for help,ISOLATION_NO_SUPPORT,en,short,False,caller
SAATHI_00802,Please listen... Sudden seizure and loss of consciousness requiring immediate ICU care,MEDICAL_EMERGENCY,en,conversational,False,caller
SAATHI_00803,कृपया ध्यान दें... यह एक नाटक का रिहर्सल चल रहा था रंगमंच के कलाकार हैं हम,NEUTRAL_NO_INDICATOR,hi,spelling_variation,True,caller
SAATHI_00804,"We have been ostracized and shops are barred from selling us groceries, I am urgently asking for intervention.",SOCIAL_COMMUNITY_PRESSURE,en,compound_dialogue,False,caller
SAATHI_00805,school mein traffic awareness and safe driving workshop thi,NEUTRAL_NO_INDICATOR,hinglish,spelling_variation,True,caller
SAATHI_00806,"I am completely homeless, wandering in an unfamiliar area in the dark...",NO_SAFE_PLACE_HOMELESSNESS,en,incomplete_hesitant,False,caller
SAATHI_00807,कल रात उसने मुझे बेल्ट से पीटा था पूरे शरीर पर चोट है aur fir...,PHYSICAL_VIOLENCE_INJURY,hi,incomplete_hesitant,False,caller
SAATHI_00808,उसने मेरे प्राइवेट पार्ट्स पर हाथ लगाया बदतमीजी की,SEXUAL_VIOLENCE_HARASSMENT,hi,short,False,caller
SAATHI_00809,please... lower caste bol kar school mein bacche ke sath discrimination kiya,DISCRIMINATION_CASTE_VULNERABILITY,hinglish,conversational,False,caller
SAATHI_00810,I am under severe extortion threats regarding sensitive personal data,COERCION_BLACKMAIL,en,conversational,False,caller
SAATHI_00811,He assaulted me physically,PHYSICAL_VIOLENCE_INJURY,en,short,False,caller
SAATHI_00812,"news mein dekha tha police caught criminals successfully, please kuch jaldi kijiye.",NEUTRAL_NO_INDICATOR,hinglish,compound_dialogue,True,caller
SAATHI_00813,कृपया ध्यान दें... मेरे पास मदद मांगने के लिए एक भी इंसान नहीं है,ISOLATION_NO_SUPPORT,hi,spelling_variation,False,caller
SAATHI_00814,मेरे रिश्तेदार आ गए हैं अब मैं पूरी तरह सुरक्षित हूं,CURRENT_SAFETY_REASSURANCE,hi,standard,True,caller
SAATHI_00815,मेरी चैट लीक करने की धमकी देकर गलत काम करने के लिए मजबूर कर रहा,COERCION_BLACKMAIL,hi,short,False,caller
SAATHI_00816,He said he will send edited photos to my father unless I pay him please...,COERCION_BLACKMAIL,en,incomplete_hesitant,False,caller
SAATHI_00817,He has an iron rod and is walking aggressively towards me aur fir...,IMMEDIATE_PHYSICAL_DANGER,en,incomplete_hesitant,False,caller
SAATHI_00818,शुरुआत में सब नॉर्मल लग रहा था पर अब मामला गंभीर होता जा रहा,CONTRADICTORY_CHANGING_SITUATION,hi,standard,False,caller
SAATHI_00819,सर... मकान मालिक ने ताला लगा दिया मेरा सामान सड़क पर फेंक दिया,NO_SAFE_PLACE_HOMELESSNESS,hi,conversational,False,caller
SAATHI_00820,दवा की ओवरडोज हो गई है सांस लेने में भारी तकलीफ है,MEDICAL_EMERGENCY,hi,standard,False,caller
SAATHI_00821,"Total absence of any protective or supportive network for me, I am urgently asking for intervention.",ISOLATION_NO_SUPPORT,en,compound_dialogue,False,caller
SAATHI_00822,Our college is hosting a martial arts and self-defense sports competition,NEUTRAL_NO_INDICATOR,en,conversational,True,caller
SAATHI_00823,"क्या मुझे किसी काउंसलर से बात करने का नंबर मिल सकता है?, मुझे बहुत चिंता हो रही है।",REQUEST_COUNSELLING_LEGAL_MEDICAL,hi,compound_dialogue,False,caller
SAATHI_00824,Yesterday we went to the cinema to watch an action movie with fight scenes pata nahi...,NEUTRAL_NO_INDICATOR,en,incomplete_hesitant,True,caller
SAATHI_00825,evicted from house in dark lonely street right now,NO_SAFE_PLACE_HOMELESSNESS,hinglish,conversational,False,caller
SAATHI_00826,कल रात उसने मुझे बेल्ट से पीटा था पूरे शरीर पर चोट है,PHYSICAL_VIOLENCE_INJURY,hi,standard,False,caller
SAATHI_00827,कृपया ध्यान दें... गलत तरीके से छू रहा था और विरोध करने पर धमकाया,SEXUAL_VIOLENCE_HARASSMENT,hi,spelling_variation,False,caller
SAATHI_00828,Ma'am... The in-laws are torturing me both mentally and physically for money,DOMESTIC_FAMILY_VIOLENCE,en,conversational,False,caller
SAATHI_00829,"वो दरवाजे के बाहर खड़ा है और गेट तोड़ने की कोशिश कर रहा है, मुझे बहुत चिंता हो रही है।",IMMEDIATE_PHYSICAL_DANGER,hi,compound_dialogue,False,caller
SAATHI_00830,कृपया ध्यान दें... गाड़ी से मेरा पीछा किया जा रहा है बार-बार हॉर्न बजाता है,STALKING_FOLLOWING,hi,spelling_variation,False,caller
SAATHI_00831,वो मेरी हर लोकेशन ट्रैक कर रहा है और जहां जाती हूं पहुंच जाता है,STALKING_FOLLOWING,hi,standard,False,caller
SAATHI_00832,ab jeene ka bilkul man nahi kar raha i want to end it all,SELF_HARM_CONCERN,hinglish,standard,False,caller
SAATHI_00833,He is cyberstalking my whereabouts and showing up at my destinations,STALKING_FOLLOWING,en,spelling_variation,False,caller
SAATHI_00834,कम्युनिटी के लोग मिलकर दबाव बना रहे हैं कि हम चुप रहें,SOCIAL_COMMUNITY_PRESSURE,hi,standard,False,caller
SAATHI_00835,कृपया ध्यान दें... वार्निंग दे रहा है कि कोई तेरी मदद नहीं कर पाएगा,THREAT_INTIMIDATION,hi,spelling_variation,False,caller
SAATHI_00836,"लिफ्ट में उसने मुझे कॉर्नर करके हैरास किया, मुझे बहुत चिंता हो रही है।",SEXUAL_VIOLENCE_HARASSMENT,hi,compound_dialogue,False,caller
SAATHI_00837,"Memory is clouded by shock, unable to confirm exact facts",UNCERTAINTY_UNCLEAR_INFO,en,standard,False,caller
SAATHI_00838,"Help me... No longer in danger, perpetrator is far away and police are on site",CURRENT_SAFETY_REASSURANCE,en,conversational,True,caller
SAATHI_00839,कृपया ध्यान दें... दबंग लोग हमारी बस्ती में आकर जातिसूचक शब्द बोलते हैं और धमकाते हैं,DISCRIMINATION_CASTE_VULNERABILITY,hi,spelling_variation,False,caller
SAATHI_00840,"sexual assault attempt hua hai mere against please help, please kuch jaldi kijiye.",SEXUAL_VIOLENCE_HARASSMENT,hinglish,compound_dialogue,False,caller
SAATHI_00841,forcefully blank stamp paper par signature karwa raha hai,COERCION_BLACKMAIL,hinglish,standard,False,caller
SAATHI_00842,"I am fine now, with trusted friends in a secure compound...",CURRENT_SAFETY_REASSURANCE,en,incomplete_hesitant,True,caller
SAATHI_00843,"साइकोलॉजिकल काउंसलिंग सेशन चाहिए बहुत तनाव में हूं, मुझे बहुत चिंता हो रही है।",REQUEST_COUNSELLING_LEGAL_MEDICAL,hi,compound_dialogue,False,caller
SAATHI_00844,Coercing me to drop legal charges by threatening public humiliation,COERCION_BLACKMAIL,en,standard,False,caller
SAATHI_00845,My husband comes home intoxicated and violently beats me every night,DOMESTIC_FAMILY_VIOLENCE,en,spelling_variation,False,caller
SAATHI_00846,"Completely abandoned by relatives, facing this ordeal entirely alone",ISOLATION_NO_SUPPORT,en,spelling_variation,False,caller
SAATHI_00847,arre... fracture ho gaya hai leg bone visible hai severe trauma,MEDICAL_EMERGENCY,hinglish,conversational,False,caller
SAATHI_00848,sir... meri consent ke bina physical advance kiya,SEXUAL_VIOLENCE_HARASSMENT,hinglish,conversational,False,caller
SAATHI_00849,"I only know I am somewhere near the bypass, no street numbers",UNCERTAINTY_UNCLEAR_INFO,en,spelling_variation,False,caller
SAATHI_00850,he groped me in the elevator and passed vulgar comments,SEXUAL_VIOLENCE_HARASSMENT,hinglish,standard,False,caller
SAATHI_00851,मोहल्ले के लोग हमारे घर पर पत्थर फेंक रहे हैं और बाहर निकलने नहीं दे रहे jaldi...,SOCIAL_COMMUNITY_PRESSURE,hi,incomplete_hesitant,False,caller
SAATHI_00852,one moment safe lagta hai next moment danger erupt ho jata,CONTRADICTORY_CHANGING_SITUATION,hinglish,conversational,False,caller
SAATHI_00853,galat tarike se touch kiya jabardasti chedchad ki,SEXUAL_VIOLENCE_HARASSMENT,hinglish,short,False,caller
SAATHI_00854,bohot khauf ka mahol hai main kaanp rahi hoon...,FEAR_DISTRESS_PANIC,hinglish,incomplete_hesitant,False,caller
SAATHI_00855,I was subjected to sexual molestation in a closed room,SEXUAL_VIOLENCE_HARASSMENT,en,conversational,False,caller
SAATHI_00856,पति,DOMESTIC_FAMILY_VIOLENCE,hi,short,False,caller
SAATHI_00857,arre... wedding procession par attack kiya caste prejudice ki wajah se,DISCRIMINATION_CASTE_VULNERABILITY,hinglish,conversational,False,caller
SAATHI_00858,no friends no family members kis se help maangu,ISOLATION_NO_SUPPORT,hinglish,standard,False,caller
SAATHI_00859,Land grabbing attempt coupled with caste discrimination and threats,DISCRIMINATION_CASTE_VULNERABILITY,en,standard,False,caller
SAATHI_00860,caste atrocities ho rahi hain hamare family ke against,DISCRIMINATION_CASTE_VULNERABILITY,hinglish,spelling_variation,False,caller
SAATHI_00861,मेरी बच्ची दिव्यांग है व्हीलचेयर पर है हम भाग भी नहीं सकते aur fir...,CHILD_ELDERLY_DISABILITY_VULNERABILITY,hi,incomplete_hesitant,False,caller
SAATHI_00862,"Ambiguous situation, I lack definitive details to report",UNCERTAINTY_UNCLEAR_INFO,en,standard,False,caller
SAATHI_00863,usne mujhe drug karke assault karne ka try kiya,SEXUAL_VIOLENCE_HARASSMENT,hinglish,standard,False,caller
SAATHI_00864,societal reputation destroy karne ki dhamki de raha hai blackmailing,COERCION_BLACKMAIL,hinglish,conversational,False,caller
SAATHI_00865,"I don't want to wake up tomorrow morning, I want to die",SELF_HARM_CONCERN,en,standard,False,caller
SAATHI_00866,उसने गाली देकर बोला कि तुझे काट के फेंक दूंगा,THREAT_INTIMIDATION,hi,standard,False,caller
SAATHI_00867,sir fat gaya hai continuous blood flow unconscious hone laga hai,MEDICAL_EMERGENCY,hinglish,spelling_variation,False,caller
SAATHI_00868,"I require guidance on routine medical checkup and healthcare facilities, I am urgently asking for intervention.",REQUEST_COUNSELLING_LEGAL_MEDICAL,en,compound_dialogue,False,caller
SAATHI_00869,मैडम... ससुर और ननद ताने मारते हैं और मुझे घर से निकालना चाहते हैं,DOMESTIC_FAMILY_VIOLENCE,hi,conversational,False,caller
SAATHI_00870,"fracture ho gaya hai leg bone visible hai severe trauma, please kuch jaldi kijiye.",MEDICAL_EMERGENCY,hinglish,compound_dialogue,False,caller
SAATHI_00871,Denial of healthcare treatment after inquiring about our caste identity,DISCRIMINATION_CASTE_VULNERABILITY,en,spelling_variation,False,caller
SAATHI_00872,"Attacker is inside the premises right now, send police immediately",IMMEDIATE_PHYSICAL_DANGER,en,short,False,caller
SAATHI_00873,"knocking stop hui thi laga relief hai but ab rod leke aaya, please kuch jaldi kijiye.",CONTRADICTORY_CHANGING_SITUATION,hinglish,compound_dialogue,False,caller
SAATHI_00874,Elderly disabled grandfather is unconscious on the floor,CHILD_ELDERLY_DISABILITY_VULNERABILITY,en,incomplete_hesitant,False,caller
SAATHI_00875,police ko bolo siren baja kar jaldi aayein,REQUEST_POLICE_EMERGENCY_HELP,hinglish,conversational,False,caller
SAATHI_00876,He is blackmailing me threatening to leak my private intimate photos,COERCION_BLACKMAIL,en,spelling_variation,False,caller
SAATHI_00877,मेरे भाई लोग आ गए हैं अब कोई खतरा नहीं बचा suno na...,CURRENT_SAFETY_REASSURANCE,hi,incomplete_hesitant,True,caller
SAATHI_00878,"Severe crushing chest pain, difficulty breathing, possible heart attack, I am urgently asking for intervention.",MEDICAL_EMERGENCY,en,compound_dialogue,False,caller
SAATHI_00879,"I am on the verge of taking my own life tonight, I am urgently asking for intervention.",SELF_HARM_CONCERN,en,compound_dialogue,False,caller
SAATHI_00880,Please listen... Total absence of any protective or supportive network for me,ISOLATION_NO_SUPPORT,en,conversational,False,caller
SAATHI_00881,बस में मेरे पीछे आकर गंदी हरकतें कर रहा था,SEXUAL_VIOLENCE_HARASSMENT,hi,short,False,caller
SAATHI_00882,bohot ghabrahat ho rahi hai panic attack jaisa lag raha,FEAR_DISTRESS_PANIC,hinglish,standard,False,caller
SAATHI_00883,suniye... news mein dekha tha police caught criminals successfully,NEUTRAL_NO_INDICATOR,hinglish,conversational,True,caller
SAATHI_00884,forcefully blank stamp paper par signature karwa raha hai,COERCION_BLACKMAIL,hinglish,incomplete_hesitant,False,caller
SAATHI_00885,"धमकी भरे मैसेज भेज रहा है रोज, मुझे बहुत चिंता हो रही है।",THREAT_INTIMIDATION,hi,compound_dialogue,False,caller
SAATHI_00886,कृपया ध्यान दें... मैं बिल्कुल बेसहारा हूं मुझे कोई रास्ता नहीं दिख रहा,ISOLATION_NO_SUPPORT,hi,spelling_variation,False,caller
SAATHI_00887,I need urgent police protection at my residential address,REQUEST_POLICE_EMERGENCY_HELP,en,short,False,caller
SAATHI_00888,I managed to escape into my neighbor's house and I am safe here suno na...,CURRENT_SAFETY_REASSURANCE,en,incomplete_hesitant,True,caller
SAATHI_00889,We are actors rehearsing a dramatic play for an upcoming festival,NEUTRAL_NO_INDICATOR,en,short,True,caller
SAATHI_00890,samaj ke log village chhodne ka pressure daal rahe hain,SOCIAL_COMMUNITY_PRESSURE,hinglish,spelling_variation,False,caller
SAATHI_00891,"police protection needed right away please dispatch, please kuch jaldi kijiye.",REQUEST_POLICE_EMERGENCY_HELP,hinglish,compound_dialogue,False,caller
SAATHI_00892,I read in the morning newspaper that law enforcement solved the robbery,NEUTRAL_NO_INDICATOR,en,conversational,True,caller
SAATHI_00893,He said he will finish my entire family if I step outside,THREAT_INTIMIDATION,en,short,False,caller
SAATHI_00894,शायद उसने कुछ बोला था पर समझ नहीं आया आवाज साफ नहीं थी aur fir...,UNCERTAINTY_UNCLEAR_INFO,hi,incomplete_hesitant,False,caller
SAATHI_00895,मैं गर्भवती हूं और पेट में दर्द हो रहा है मुझे मदद चाहिए,CHILD_ELDERLY_DISABILITY_VULNERABILITY,hi,standard,False,caller
SAATHI_00896,I feel so vulnerable and deeply terrified inside,FEAR_DISTRESS_PANIC,en,conversational,False,caller
SAATHI_00897,बेहोश हो गए हैं कोई रिस्पांस नहीं दे रहे तुरंत डॉक्टर चाहिए...,MEDICAL_EMERGENCY,hi,incomplete_hesitant,False,caller
SAATHI_00898,दलित होने की वजह से मंदिर में जाने पर मारपीट की गई,DISCRIMINATION_CASTE_VULNERABILITY,hi,standard,False,caller
SAATHI_00899,मेरे होंठ कट गए हैं और दांत से खून आ रहा है मारपीट की वजह से jaldi...,PHYSICAL_VIOLENCE_INJURY,hi,incomplete_hesitant,False,caller
SAATHI_00900,"dowry mein gaadi mang rahe hain nahi diya toh peet te hain, please kuch jaldi kijiye.",DOMESTIC_FAMILY_VIOLENCE,hinglish,compound_dialogue,False,caller
SAATHI_00901,family relatives pahunch gaye hain fully safe now,CURRENT_SAFETY_REASSURANCE,hinglish,incomplete_hesitant,True,caller
SAATHI_00902,Looking for free legal aid services and representation in family court,REQUEST_COUNSELLING_LEGAL_MEDICAL,en,spelling_variation,False,caller
SAATHI_00903,कोई दोस्त नहीं कोई सहारा नहीं किससे मदद मांगू समझ नहीं आ रहा suno na...,ISOLATION_NO_SUPPORT,hi,incomplete_hesitant,False,caller
SAATHI_00904,"पति ने मुझे पीटकर छत पर खुले में रात भर ठंड में छोड़ दिया, मुझे बहुत चिंता हो रही है।",DOMESTIC_FAMILY_VIOLENCE,hi,compound_dialogue,False,caller
SAATHI_00905,कृपया ध्यान दें... एड्रेस ठीक से नहीं पता बस इतना पता है किसी लाल बिल्डिंग के पास हूं,UNCERTAINTY_UNCLEAR_INFO,hi,spelling_variation,False,caller
SAATHI_00906,He is pounding on my door right now trying to break it down,IMMEDIATE_PHYSICAL_DANGER,en,conversational,False,caller
SAATHI_00907,"Facing severe casteist bigotry, denial of basic civic amenities, and assault",DISCRIMINATION_CASTE_VULNERABILITY,en,spelling_variation,False,caller
SAATHI_00908,socially totally isolated kar diya hai mujhe,ISOLATION_NO_SUPPORT,hinglish,standard,False,caller
SAATHI_00909,mera hath marod diya fracture lag raha hai severe pain,PHYSICAL_VIOLENCE_INJURY,hinglish,spelling_variation,False,caller
SAATHI_00910,He has cornered me against the wall and is raising his fist,IMMEDIATE_PHYSICAL_DANGER,en,conversational,False,caller
SAATHI_00911,chote bacche rote hue terrace par baithe hain shivering,CHILD_ELDERLY_DISABILITY_VULNERABILITY,hinglish,spelling_variation,False,caller
SAATHI_00912,thana police ko forward karein emergency response chahiye,REQUEST_POLICE_EMERGENCY_HELP,hinglish,standard,False,caller
SAATHI_00913,मैडम... धमकी भरे मैसेज भेज रहा है रोज,THREAT_INTIMIDATION,hi,conversational,False,caller
SAATHI_00914,police bhejo jaldi varna wo injury kar dega,REQUEST_POLICE_EMERGENCY_HELP,hinglish,spelling_variation,False,caller
SAATHI_00915,The physician is performing a routine post-surgical checkup at the clinic,NEUTRAL_NO_INDICATOR,en,short,True,caller
SAATHI_00916,mera peecha karke raste mein rokne ki koshish ki usne,STALKING_FOLLOWING,hinglish,spelling_variation,False,caller
SAATHI_00917,"He threatened that he will burn my house down, I am urgently asking for intervention.",THREAT_INTIMIDATION,en,compound_dialogue,False,caller
SAATHI_00918,पहले लगा वो चला गया पर अब खिड़की पर फिर से परछाई दिख रही है pata nahi...,CONTRADICTORY_CHANGING_SITUATION,hi,incomplete_hesitant,False,caller
SAATHI_00919,bohot ghabrahat ho rahi hai panic attack jaisa lag raha aur fir...,FEAR_DISTRESS_PANIC,hinglish,incomplete_hesitant,False,caller
SAATHI_00920,"I have no home, no roof, and no safe refuge to sleep tonight",NO_SAFE_PLACE_HOMELESSNESS,en,standard,False,caller
SAATHI_00921,Need legal counsel regarding child maintenance and custody statutes,REQUEST_COUNSELLING_LEGAL_MEDICAL,en,spelling_variation,False,caller
SAATHI_00922,गंदे फोटो दिखाकर मुझे डरा रहा है और ब्लैकमेल कर रहा है,COERCION_BLACKMAIL,hi,standard,False,caller
SAATHI_00923,listen... chest pain bohot severe hai heart attack jaise symptoms,MEDICAL_EMERGENCY,hinglish,conversational,False,caller
SAATHI_00924,कृपया ध्यान दें... ना रहने का ठिकाना है ना खाने को कुछ है भटक रही हूं,NO_SAFE_PLACE_HOMELESSNESS,hi,spelling_variation,False,caller
SAATHI_00925,arre... police pcr van has arrived they are standing outside,CURRENT_SAFETY_REASSURANCE,hinglish,conversational,True,caller
SAATHI_00926,He slashed my arm with a sharp blade causing a deep bleeding cut,PHYSICAL_VIOLENCE_INJURY,en,spelling_variation,False,caller
SAATHI_00927,अब मुझे कोई परेशानी नहीं है मैं सुरक्षित महसूस कर रही हूं,CURRENT_SAFETY_REASSURANCE,hi,short,True,caller
SAATHI_00928,अब मैं पुलिस स्टेशन पहुंच गई हूं बिल्कुल सुरक्षित हूं pata nahi...,CURRENT_SAFETY_REASSURANCE,hi,incomplete_hesitant,True,caller
SAATHI_00929,husband ne aadhi raat ko ghar se nikal diya road par hoon,NO_SAFE_PLACE_HOMELESSNESS,hinglish,standard,False,caller
SAATHI_00930,I have been battered brutally and require immediate medical trauma care,PHYSICAL_VIOLENCE_INJURY,en,standard,False,caller
SAATHI_00931,जातिसूचक अपमान करके मुझे जमीन से बेदखल करने की साजिश हो रही है,DISCRIMINATION_CASTE_VULNERABILITY,hi,short,False,caller
SAATHI_00932,I am too terrified to even look out of the peephole,FEAR_DISTRESS_PANIC,en,spelling_variation,False,caller
SAATHI_00933,"मुझे शक है पर निश्चित तौर पर कुछ नहीं कह सकती, मुझे बहुत चिंता हो रही है।",UNCERTAINTY_UNCLEAR_INFO,hi,compound_dialogue,False,caller
SAATHI_00934,परिस्थिति लगातार बदल रही है कभी शांति कभी तनाव,CONTRADICTORY_CHANGING_SITUATION,hi,standard,False,caller
SAATHI_00935,"डिप्रेशन से निपटने के लिए मुझे किसी थेरेपिस्ट से बात करनी है, मुझे बहुत चिंता हो रही है।",REQUEST_COUNSELLING_LEGAL_MEDICAL,hi,compound_dialogue,False,caller
SAATHI_00936,"lower caste bol kar school mein bacche ke sath discrimination kiya, please kuch jaldi kijiye.",DISCRIMINATION_CASTE_VULNERABILITY,hinglish,compound_dialogue,False,caller
SAATHI_00937,Officer... He has broken the window and is climbing inside the house right now,IMMEDIATE_PHYSICAL_DANGER,en,conversational,False,caller
SAATHI_00938,"I am facing severe domestic violence and physical assault from my spouse, I am urgently asking for intervention.",DOMESTIC_FAMILY_VIOLENCE,en,compound_dialogue,False,caller
SAATHI_00939,usne bohot buri tarah mara hai chehre par neele nishan hain,PHYSICAL_VIOLENCE_INJURY,hinglish,short,False,caller
SAATHI_00940,कृपया ध्यान दें... कोई एक व्यक्ति भी नहीं है जिससे मैं अपनी बात कह सकूं,ISOLATION_NO_SUPPORT,hi,spelling_variation,False,caller
SAATHI_00941,proper address nahi malum bas itna pata hai flyover ke paas,UNCERTAINTY_UNCLEAR_INFO,hinglish,spelling_variation,False,caller
SAATHI_00942,school mein traffic awareness,NEUTRAL_NO_INDICATOR,hinglish,short,True,caller
SAATHI_00943,He threatened to distribute forged defamatory pictures to my employers,COERCION_BLACKMAIL,en,short,False,caller
SAATHI_00944,I am hiding in the closet and he is searching for me with a weapon,IMMEDIATE_PHYSICAL_DANGER,en,conversational,False,caller
SAATHI_00945,मेरा हाथ मरोड़ कर तोड़ दिया है बहुत तेज दर्द हो रहा है,PHYSICAL_VIOLENCE_INJURY,hi,short,False,caller
SAATHI_00946,मेरा अब जीने का बिल्कुल मन नहीं कर रहा सब खत्म करना चाहती हूं,SELF_HARM_CONCERN,hi,standard,False,caller
SAATHI_00947,कहता है कि अगर मेरी बात नहीं मानी तो तेरी बदनामी कर दूंगा समाज में aur fir...,COERCION_BLACKMAIL,hi,incomplete_hesitant,False,caller
SAATHI_00948,situation normal ho gayi hai wo chala gaya,CURRENT_SAFETY_REASSURANCE,hinglish,spelling_variation,True,caller
SAATHI_00949,Systematic caste oppression and exclusion practiced against our community,DISCRIMINATION_CASTE_VULNERABILITY,en,standard,False,caller
SAATHI_00950,"darr se room ka gate kholne ki himmat nahi ho rahi, please kuch jaldi kijiye.",FEAR_DISTRESS_PANIC,hinglish,compound_dialogue,False,caller
SAATHI_00951,forced to spend night under open sky with no shelter pata nahi...,NO_SAFE_PLACE_HOMELESSNESS,hinglish,incomplete_hesitant,False,caller
SAATHI_00952,exact location nahi pata road ka naam yaad nahi aa raha,UNCERTAINTY_UNCLEAR_INFO,hinglish,short,False,caller
SAATHI_00953,"audio recordings edit karke defame karne ki blackmail de raha, please kuch jaldi kijiye.",COERCION_BLACKMAIL,hinglish,compound_dialogue,False,caller
SAATHI_00954,प्लीज... पुलिस की पेट्रोलिंग गाड़ी भेजिए वो गेट तोड़ रहे हैं,REQUEST_POLICE_EMERGENCY_HELP,hi,conversational,False,caller
SAATHI_00955,He is physically cornering me right this minute,IMMEDIATE_PHYSICAL_DANGER,en,conversational,False,caller
SAATHI_00956,"I am visually impaired and living alone without any assistance, I am urgently asking for intervention.",CHILD_ELDERLY_DISABILITY_VULNERABILITY,en,compound_dialogue,False,caller
SAATHI_00957,कृपया ध्यान दें... कोई शेल्टर होम बताइए मुझे शरण चाहिए आज रात के लिए,NO_SAFE_PLACE_HOMELESSNESS,hi,spelling_variation,False,caller
SAATHI_00958,madam... sexual harassment kiya hai mere sath room mein lock karke,SEXUAL_VIOLENCE_HARASSMENT,hinglish,conversational,False,caller
SAATHI_00959,"Sitting at the desolate bus depot feeling extremely unsafe and exposed, I am urgently asking for intervention.",NO_SAFE_PLACE_HOMELESSNESS,en,compound_dialogue,False,caller
SAATHI_00960,bus stand par akeli baithi hoon strangers are stalking please...,NO_SAFE_PLACE_HOMELESSNESS,hinglish,incomplete_hesitant,False,caller
SAATHI_00961,caste discrimination ki wajah se police FIR darj nahi kar rahi,DISCRIMINATION_CASTE_VULNERABILITY,hinglish,standard,False,caller
SAATHI_00962,I do not have a single friend or family member to turn to for help,ISOLATION_NO_SUPPORT,en,short,False,caller
SAATHI_00963,government public prosecutor ya legal aid panel lawyer chahiye,REQUEST_COUNSELLING_LEGAL_MEDICAL,hinglish,standard,False,caller
SAATHI_00964,"लगातार अश्लील इशारे और यौन फब्तियां कसता है, मुझे बहुत चिंता हो रही है।",SEXUAL_VIOLENCE_HARASSMENT,hi,compound_dialogue,False,caller
SAATHI_00965,"मेरे शरीर पर चोट के निशान हैं मुझे बहुत दर्द हो रहा है, मुझे बहुत चिंता हो रही है।",PHYSICAL_VIOLENCE_INJURY,hi,compound_dialogue,False,caller
SAATHI_00966,Three minor children are trapped inside the room with nowhere to go,CHILD_ELDERLY_DISABILITY_VULNERABILITY,en,short,False,caller
SAATHI_00967,fake profiles bana ke online aur offline follow kar raha hai aur fir...,STALKING_FOLLOWING,hinglish,incomplete_hesitant,False,caller
SAATHI_00968,"therapist se connect kijiye anxiety aur depression deal karne ke liye, please kuch jaldi kijiye.",REQUEST_COUNSELLING_LEGAL_MEDICAL,hinglish,compound_dialogue,False,caller
SAATHI_00969,अरे... क्या मुझे किसी काउंसलर से बात करने का नंबर मिल सकता है?,REQUEST_COUNSELLING_LEGAL_MEDICAL,hi,conversational,False,caller
SAATHI_00970,hum dost log prank kar rahe the serious kuch nahi hai,NEUTRAL_NO_INDICATOR,hinglish,standard,True,caller
SAATHI_00971,dhamki de raha hai ki pure parivar ko khatam kar dunga aur fir...,THREAT_INTIMIDATION,hinglish,incomplete_hesitant,False,caller
SAATHI_00972,footpath par baithe hain bahut unsafe lag raha hai suspicious people around,NO_SAFE_PLACE_HOMELESSNESS,hinglish,conversational,False,caller
SAATHI_00973,hathiyar leke khada hai bahar please jaldi gaadi bhejo,IMMEDIATE_PHYSICAL_DANGER,hinglish,standard,False,caller
SAATHI_00974,उसने मुझे जमीन पर पटक कर लात-घूंसों से मारा jaldi...,PHYSICAL_VIOLENCE_INJURY,hi,incomplete_hesitant,False,caller
SAATHI_00975,कृपया ध्यान दें... जहर खा लिया है मुंह से झाग निकल रहा है जल्दी एम्बुलेंस भेजो,MEDICAL_EMERGENCY,hi,spelling_variation,False,caller
SAATHI_00976,darr ke mare heart beat bohot tez chal rahi hai,FEAR_DISTRESS_PANIC,hinglish,short,False,caller
SAATHI_00977,mob gathering ho rahi hai house ke bahar group intimidation,SOCIAL_COMMUNITY_PRESSURE,hinglish,standard,False,caller
SAATHI_00978,Facing village-wide excommunication and honor violence threats,SOCIAL_COMMUNITY_PRESSURE,en,standard,False,caller
SAATHI_00979,He groped me inappropriately against my explicit consent,SEXUAL_VIOLENCE_HARASSMENT,en,spelling_variation,False,caller
SAATHI_00980,"He threatened that he will burn my house down, I am urgently asking for intervention.",THREAT_INTIMIDATION,en,compound_dialogue,False,caller
SAATHI_00981,खतरा टल गया है पुलिस आ चुकी है सब शांत है pata nahi...,CURRENT_SAFETY_REASSURANCE,hi,incomplete_hesitant,True,caller
SAATHI_00982,"I might have misheard his words, the ambient noise was too loud jaldi...",UNCERTAINTY_UNCLEAR_INFO,en,incomplete_hesitant,False,caller
SAATHI_00983,"Hello... He changes his narrative constantly, making contradictory declarations",CONTRADICTORY_CHANGING_SITUATION,en,conversational,False,caller
SAATHI_00984,I am entirely on my own with zero emotional or financial support please...,ISOLATION_NO_SUPPORT,en,incomplete_hesitant,False,caller
SAATHI_00985,doctor hospital mein old wound ki routine dressing kar rahe hain,NEUTRAL_NO_INDICATOR,hinglish,spelling_variation,True,caller
SAATHI_00986,suniye... shanti thi abhi tak but suddenly shouting started again,CONTRADICTORY_CHANGING_SITUATION,hinglish,conversational,False,caller
SAATHI_00987,"Pregnant patient in severe hemorrhagic shock and extreme labor pain, I am urgently asking for intervention.",MEDICAL_EMERGENCY,en,compound_dialogue,False,caller
SAATHI_00988,"I am unsure whether it was a genuine threat or a misunderstanding, I am urgently asking for intervention.",UNCERTAINTY_UNCLEAR_INFO,en,compound_dialogue,False,caller
SAATHI_00989,उसने मुझे नशीला पदार्थ पिलाकर गलत काम करने की कोशिश की,SEXUAL_VIOLENCE_HARASSMENT,hi,short,False,caller
SAATHI_00990,उसने धोखे से मेरी तस्वीरें लीं और अब ब्लैकमेल करके ब्लैकमनी मांग रहा,COERCION_BLACKMAIL,hi,standard,False,caller
SAATHI_00991,"थाना प्रभारी को बोलिए मौके पर पुलिस बल रवाना करें, मुझे बहुत चिंता हो रही है।",REQUEST_POLICE_EMERGENCY_HELP,hi,compound_dialogue,False,caller
SAATHI_00992,"chest pain bohot severe hai heart attack jaise symptoms, please kuch jaldi kijiye.",MEDICAL_EMERGENCY,hinglish,compound_dialogue,False,caller
SAATHI_00993,पहले लगा वो चला गया पर अब खिड़की पर फिर से परछाई दिख रही है jaldi...,CONTRADICTORY_CHANGING_SITUATION,hi,incomplete_hesitant,False,caller
SAATHI_00994,"मेरे रहने का कोई फायदा नहीं है दुनिया में, मुझे बहुत चिंता हो रही है।",SELF_HARM_CONCERN,hi,compound_dialogue,False,caller
SAATHI_00995,जलने के कारण त्वचा उधड़ गई है बहुत तड़प रहे हैं,MEDICAL_EMERGENCY,hi,short,False,caller
SAATHI_00996,i am very scared please kuch kijiye,FEAR_DISTRESS_PANIC,hinglish,standard,False,caller
SAATHI_00997,कृपया ध्यान दें... हमें बचाने के लिए फौरन पुलिस बल की तैनाती की जाए,REQUEST_POLICE_EMERGENCY_HELP,hi,spelling_variation,False,caller
SAATHI_00998,peaceful discussion tha suddenly weapon nikal liya,CONTRADICTORY_CHANGING_SITUATION,hinglish,standard,False,caller
SAATHI_00999,सिर फट गया है बहुत ज्यादा ब्लीडिंग हो रही है बेहोश हो रहे हैं,MEDICAL_EMERGENCY,hi,short,False,caller
SAATHI_01000,Urgent police intervention needed to apprehend the armed trespasser,REQUEST_POLICE_EMERGENCY_HELP,en,standard,False,caller
SAATHI_01001,"I was subjected to sexual molestation in a closed room, I am urgently asking for intervention.",SEXUAL_VIOLENCE_HARASSMENT,en,compound_dialogue,False,caller
SAATHI_01002,shadi ke baad se roz domestic violence jhel rahi hoon,DOMESTIC_FAMILY_VIOLENCE,hinglish,standard,False,caller
SAATHI_01003,The cops department is conducting a women safety awareness rally,NEUTRAL_NO_INDICATOR,en,spelling_variation,True,caller
SAATHI_01004,"Send an ambulance immediately, severe uncontrollable bleeding from head",MEDICAL_EMERGENCY,en,incomplete_hesitant,False,caller
SAATHI_01005,सर... सिर पर डंडा मारा है खून लगातार बह रहा है,PHYSICAL_VIOLENCE_INJURY,hi,conversational,False,caller
SAATHI_01006,मुझे लगातार जान से मारने की धमकियां मिल रही हैं please...,THREAT_INTIMIDATION,hi,incomplete_hesitant,False,caller
SAATHI_01007,no roof over head kahan jaaun for night shelter aur fir...,NO_SAFE_PLACE_HOMELESSNESS,hinglish,incomplete_hesitant,False,caller
SAATHI_01008,मैं बाथरूम में बंद हूं वो बाहर कुल्हाड़ी लेकर खड़ा है,IMMEDIATE_PHYSICAL_DANGER,hi,short,False,caller
SAATHI_01009,He physically overpowered me trying to force sexual intimacy,SEXUAL_VIOLENCE_HARASSMENT,en,standard,False,caller
SAATHI_01010,कृपया ध्यान दें... पूरी बिरादरी ने हमारे खिलाफ मोर्चा खोल रखा है,SOCIAL_COMMUNITY_PRESSURE,hi,spelling_variation,False,caller
SAATHI_01011,"धमकी दी है कि घर में आग लगा देगा, मुझे बहुत चिंता हो रही है।",THREAT_INTIMIDATION,hi,compound_dialogue,False,caller
SAATHI_01012,wo meri location track kar raha hai har jagah aa jata hai suno na...,STALKING_FOLLOWING,hinglish,incomplete_hesitant,False,caller
SAATHI_01013,"meri consent ke bina physical advance kiya, please kuch jaldi kijiye.",SEXUAL_VIOLENCE_HARASSMENT,hinglish,compound_dialogue,False,caller
SAATHI_01014,"उसने कहा कि अगर मैंने किसी को बताया तो वो मुझे जान से मार देगा, मुझे बहुत चिंता हो रही है।",THREAT_INTIMIDATION,hi,compound_dialogue,False,caller
SAATHI_01015,"overdose incident patient breathing is very faint, please kuch jaldi kijiye.",MEDICAL_EMERGENCY,hinglish,compound_dialogue,False,caller
SAATHI_01016,The situation keeps alternating between tense silence,CONTRADICTORY_CHANGING_SITUATION,en,short,False,caller
SAATHI_01017,bus stand par akeli baithi hoon strangers are stalking,NO_SAFE_PLACE_HOMELESSNESS,hinglish,standard,False,caller
SAATHI_01018,fan se latakne ka mann ho raha hai koi raasta nahi dikh raha,SELF_HARM_CONCERN,hinglish,spelling_variation,False,caller
SAATHI_01019,कृपया ध्यान दें... कोई एक व्यक्ति भी नहीं है जिससे मैं अपनी बात कह सकूं,ISOLATION_NO_SUPPORT,hi,spelling_variation,False,caller
SAATHI_01020,fake profiles bana ke online aur offline follow kar raha hai,STALKING_FOLLOWING,hinglish,standard,False,caller
SAATHI_01021,An angry crowd of locals has gathered outside demanding we withdraw,SOCIAL_COMMUNITY_PRESSURE,en,short,False,caller
SAATHI_01022,just calling to inquire about helpline operational timings jaldi...,NEUTRAL_NO_INDICATOR,hinglish,incomplete_hesitant,True,caller
SAATHI_01023,zehar peene ka khayal aa raha hai baar baar,SELF_HARM_CONCERN,hinglish,standard,False,caller
SAATHI_01024,एफआईआर दर्ज करवाने की कानूनी प्रक्रिया क्या है मार्गदर्शन करें,REQUEST_COUNSELLING_LEGAL_MEDICAL,hi,short,False,caller
SAATHI_01025,दवा की ओवरडोज हो गई है सांस लेने में भारी तकलीफ है aur fir...,MEDICAL_EMERGENCY,hi,incomplete_hesitant,False,caller
SAATHI_01026,"Alert 112 control room and deploy the nearest response unit, I am urgently asking for intervention.",REQUEST_POLICE_EMERGENCY_HELP,en,compound_dialogue,False,caller
SAATHI_01027,"Severe domestic battery occurring inside the matrimonial home, I am urgently asking for intervention.",DOMESTIC_FAMILY_VIOLENCE,en,compound_dialogue,False,caller
SAATHI_01028,"उसने मेरे बाल पकड़कर दीवार पर सिर दे मारा, मुझे बहुत चिंता हो रही है।",PHYSICAL_VIOLENCE_INJURY,hi,compound_dialogue,False,caller
SAATHI_01029,He physically threw me out against the wall,PHYSICAL_VIOLENCE_INJURY,en,short,False,caller
SAATHI_01030,"गर्भवती महिला को ब्लीडिंग शुरू हो गई है तेज लेबर पेन है, मुझे बहुत चिंता हो रही है।",MEDICAL_EMERGENCY,hi,compound_dialogue,False,caller
SAATHI_01031,"I am terrified, my hands are trembling uncontrollably",FEAR_DISTRESS_PANIC,en,standard,False,caller
SAATHI_01032,मैं सहम गई हूं... बिल्कुल हिम्मत नहीं हो रही,FEAR_DISTRESS_PANIC,hi,short,False,caller
SAATHI_01033,He shadowed me on the bus and got off at my exact residential stop,STALKING_FOLLOWING,en,conversational,False,caller
SAATHI_01034,"counsellor se baat karne ka number provide kar sakte hain kya, please kuch jaldi kijiye.",REQUEST_COUNSELLING_LEGAL_MEDICAL,hinglish,compound_dialogue,False,caller
SAATHI_01035,Help me... He beat me with a belt and there are severe bruises across my back,PHYSICAL_VIOLENCE_INJURY,en,conversational,False,caller
SAATHI_01036,"Alert the station house officer for immediate backup, I am urgently asking for intervention.",REQUEST_POLICE_EMERGENCY_HELP,en,compound_dialogue,False,caller
SAATHI_01037,family members sab milkar mujhe target aur torture kar rahe hain,DOMESTIC_FAMILY_VIOLENCE,hinglish,standard,False,caller
SAATHI_01038,I am receiving continuous death threats on my phone,THREAT_INTIMIDATION,en,standard,False,caller
SAATHI_01039,Yesterday we went to the cinema to watch an action movie with fight scenes...,NEUTRAL_NO_INDICATOR,en,incomplete_hesitant,True,caller
SAATHI_01040,please 112 ko alert kijiye need immediate police escort...,REQUEST_POLICE_EMERGENCY_HELP,hinglish,incomplete_hesitant,False,caller
SAATHI_01041,"I might have misheard his words, the ambient noise was too loud jaldi...",UNCERTAINTY_UNCLEAR_INFO,en,incomplete_hesitant,False,caller
SAATHI_01042,alone elderly citizen target kiya ja raha hai property ke liye,CHILD_ELDERLY_DISABILITY_VULNERABILITY,hinglish,short,False,caller
SAATHI_01043,प्लीज... मेरे साथ छेड़छाड़ हुई है रास्ते में घेर लिया था,SEXUAL_VIOLENCE_HARASSMENT,hi,conversational,False,caller
SAATHI_01044,खाप पंचायत ने हमारे खिलाफ गैरकानूनी फैसला सुनाया है,SOCIAL_COMMUNITY_PRESSURE,hi,conversational,False,caller
SAATHI_01045,community elders pressurize kar rahe hain case wapas lene ke liye suno na...,SOCIAL_COMMUNITY_PRESSURE,hinglish,incomplete_hesitant,False,caller
SAATHI_01046,"mohalla committee boycott karke torture kar rahi hai, please kuch jaldi kijiye.",SOCIAL_COMMUNITY_PRESSURE,hinglish,compound_dialogue,False,caller
SAATHI_01047,Enormous collective pressure from the clan to drop the complaint please...,SOCIAL_COMMUNITY_PRESSURE,en,incomplete_hesitant,False,caller
SAATHI_01048,"everything under control now thank you so much, please kuch jaldi kijiye.",CURRENT_SAFETY_REASSURANCE,hinglish,compound_dialogue,True,caller
SAATHI_01049,पुलिस विभाग ने महिला सुरक्षा जागरूकता कार्यक्रम आयोजित किया है,NEUTRAL_NO_INDICATOR,hi,short,True,caller
SAATHI_01050,parents expire ho chuke hain koi apna nahi bacha,ISOLATION_NO_SUPPORT,hinglish,spelling_variation,False,caller
SAATHI_01051,सुनिए... मैं सिर्फ यह चेक कर रही थी कि यह नंबर चालू है या नहीं,NEUTRAL_NO_INDICATOR,hi,conversational,True,caller
SAATHI_01052,कांप रही हूं मैं... प्लीज कोई मेरी मदद करो,FEAR_DISTRESS_PANIC,hi,standard,False,caller
SAATHI_01053,wireless message pass kijiye nearby police beat officer ko,REQUEST_POLICE_EMERGENCY_HELP,hinglish,standard,False,caller
SAATHI_01054,"पति ने मुझे कमरे में बंद करके बाहर से ताला लगा दिया है फोन भी नहीं है, मुझे बहुत चिंता हो रही है।",ISOLATION_NO_SUPPORT,hi,compound_dialogue,False,caller
SAATHI_01055,He blocked my path,SEXUAL_VIOLENCE_HARASSMENT,en,short,False,caller
SAATHI_01056,Officer... He threatens to slander my character in front of my community,COERCION_BLACKMAIL,en,conversational,False,caller
SAATHI_01057,gate tod raha hai wo bas ghusne hi wala hai suno na...,IMMEDIATE_PHYSICAL_DANGER,hinglish,incomplete_hesitant,False,caller
SAATHI_01058,usne hot tea throw kar di burn marks ho gaye,PHYSICAL_VIOLENCE_INJURY,hinglish,short,False,caller
SAATHI_01059,Seeking clinical psychologist consultation for chronic stress,REQUEST_COUNSELLING_LEGAL_MEDICAL,en,standard,False,caller
SAATHI_01060,caste discrimination ki wajah se police FIR darj nahi kar rahi aur fir...,DISCRIMINATION_CASTE_VULNERABILITY,hinglish,incomplete_hesitant,False,caller
SAATHI_01061,कृपया ध्यान दें... डर के मारे दरवाजा नहीं खोल पा रही हूं,FEAR_DISTRESS_PANIC,hi,spelling_variation,False,caller
SAATHI_01062,मेंटल हेल्थ के लिए किसी मनोवैज्ञानिक से परामर्श लेना चाहती हूं,REQUEST_COUNSELLING_LEGAL_MEDICAL,hi,short,False,caller
SAATHI_01063,मुझे बार बार धमकी दे रहे हैं कि पछताओगे suno na...,THREAT_INTIMIDATION,hi,incomplete_hesitant,False,caller
SAATHI_01064,kal hum sab action movie dekhne gaye the theater mein,NEUTRAL_NO_INDICATOR,hinglish,standard,True,caller
SAATHI_01065,अरे... खून की धार बह रही है मरीज की आंखें पलट रही हैं,MEDICAL_EMERGENCY,hi,conversational,False,caller
SAATHI_01066,"I was targeted with casteist slurs and assaulted at the public well, I am urgently asking for intervention.",DISCRIMINATION_CASTE_VULNERABILITY,en,compound_dialogue,False,caller
SAATHI_01067,रिश्तेदार और समाज मिलकर हमें बेइज्जत कर रहे हैं,SOCIAL_COMMUNITY_PRESSURE,hi,conversational,False,caller
SAATHI_01068,बुजुर्ग पिता को हार्ट की बीमारी है और वो बेहोश हो रहे हैं,CHILD_ELDERLY_DISABILITY_VULNERABILITY,hi,standard,False,caller
SAATHI_01069,पेट में तेज दर्द है और खून की उल्टियां हो रही हैं,MEDICAL_EMERGENCY,hi,standard,False,caller
SAATHI_01070,"Ambiguous situation, I lack definitive details to report...",UNCERTAINTY_UNCLEAR_INFO,en,incomplete_hesitant,False,caller
SAATHI_01071,"I experienced severe sexual harassment and physical groping, I am urgently asking for intervention.",SEXUAL_VIOLENCE_HARASSMENT,en,compound_dialogue,False,caller
SAATHI_01072,मुझे लग रहा है कि कोई था पर पक्का नहीं कह सकती,UNCERTAINTY_UNCLEAR_INFO,hi,standard,False,caller
SAATHI_01073,sir... suffocation ho raha hai lips blue ho gaye oxygen needed,MEDICAL_EMERGENCY,hinglish,conversational,False,caller
SAATHI_01074,I was thrown out of the house in the middle of the night with nowhere to go suno na...,NO_SAFE_PLACE_HOMELESSNESS,en,incomplete_hesitant,False,caller
SAATHI_01075,"Hello... Police have apprehended the suspect, immediate risk is over",CURRENT_SAFETY_REASSURANCE,en,conversational,True,caller
SAATHI_01076,कृपया ध्यान दें... एफआईआर दर्ज करवाने की कानूनी प्रक्रिया क्या है मार्गदर्शन करें,REQUEST_COUNSELLING_LEGAL_MEDICAL,hi,spelling_variation,False,caller
SAATHI_01077,"Dispatch a police patrol car to my location immediately, emergency",REQUEST_POLICE_EMERGENCY_HELP,en,standard,False,caller
SAATHI_01078,social pressure ki wajah se relatives bhi baat nahi kar rahe,SOCIAL_COMMUNITY_PRESSURE,hinglish,spelling_variation,False,caller
SAATHI_01079,अरे... दरवाजा बंद कर लिया है वो जा चुका है अब डर नहीं है,CURRENT_SAFETY_REASSURANCE,hi,conversational,True,caller
SAATHI_01080,There is a wedding celebration in our community hall with loud drums,NEUTRAL_NO_INDICATOR,en,standard,True,caller
SAATHI_01081,mood swings extreme hain kabhi sweet kabhi brutally abusive,CONTRADICTORY_CHANGING_SITUATION,hinglish,short,False,caller
SAATHI_01082,भागने का कोई रास्ता नहीं है वो बाहर रास्ता रोके खड़ा है jaldi...,IMMEDIATE_PHYSICAL_DANGER,hi,incomplete_hesitant,False,caller
SAATHI_01083,कृपया ध्यान दें... पति और सास मिलकर रोज दहेज के लिए प्रताड़ित करते हैं,DOMESTIC_FAMILY_VIOLENCE,hi,spelling_variation,False,caller
SAATHI_01084,sir... he threatened me saying zinda nahi chodega,THREAT_INTIMIDATION,hinglish,conversational,False,caller
SAATHI_01085,कृपया ध्यान दें... सामाजिक दबाव की वजह से मेरे माता-पिता भी मेरा साथ नहीं दे पा रहे,SOCIAL_COMMUNITY_PRESSURE,hi,spelling_variation,False,caller
SAATHI_01086,bathroom mein chhipi hoon wo bahar darwaza peet raha hai,IMMEDIATE_PHYSICAL_DANGER,hinglish,conversational,False,caller
SAATHI_01087,Emergency police dispatch requested for life safety,REQUEST_POLICE_EMERGENCY_HELP,en,standard,False,caller
SAATHI_01088,मेरी बात सुनिए... उसने मेरे बाल पकड़कर दीवार पर सिर दे मारा,PHYSICAL_VIOLENCE_INJURY,hi,conversational,False,caller
SAATHI_01089,"Acute respiratory distress, lips turning blue, need oxygen support...",MEDICAL_EMERGENCY,en,incomplete_hesitant,False,caller
SAATHI_01090,pehle dhamki di fir rone laga apology mangne laga,CONTRADICTORY_CHANGING_SITUATION,hinglish,standard,False,caller
SAATHI_01091,madam... landlord ne luggage bahar phenk ke room lock kar diya,NO_SAFE_PLACE_HOMELESSNESS,hinglish,conversational,False,caller
SAATHI_01092,"usne pushed me down the stairs chot lag gayi, please kuch jaldi kijiye.",PHYSICAL_VIOLENCE_INJURY,hinglish,compound_dialogue,False,caller
SAATHI_01093,Community leaders are threatening our children if we do not comply,SOCIAL_COMMUNITY_PRESSURE,en,short,False,caller
SAATHI_01094,दहेज में गाड़ी और पैसे मांगने के लिए मुझ पर अत्याचार हो रहा है,DOMESTIC_FAMILY_VIOLENCE,hi,standard,False,caller
SAATHI_01095,पहले लगा वो चला गया पर अब खिड़की पर फिर से परछाई दिख रही है,CONTRADICTORY_CHANGING_SITUATION,hi,standard,False,caller
SAATHI_01096,मेरे भाई लोग आ गए हैं अब कोई खतरा नहीं बचा,CURRENT_SAFETY_REASSURANCE,hi,standard,True,caller
SAATHI_01097,i am 6 months pregnant severe abdominal pain ho raha hai pata nahi...,CHILD_ELDERLY_DISABILITY_VULNERABILITY,hinglish,incomplete_hesitant,False,caller
SAATHI_01098,"खिड़की का कांच तोड़ दिया है उसने वो अंदर आ रहा है, मुझे बहुत चिंता हो रही है।",IMMEDIATE_PHYSICAL_DANGER,hi,compound_dialogue,False,caller
SAATHI_01099,body par multiple bruises hain uski beating ki wajah se aur fir...,PHYSICAL_VIOLENCE_INJURY,hinglish,incomplete_hesitant,False,caller
SAATHI_01100,मुझे लग रहा है कि कोई था पर पक्का नहीं कह सकती suno na...,UNCERTAINTY_UNCLEAR_INFO,hi,incomplete_hesitant,False,caller
SAATHI_01101,unpredictable behavior hai kabhi friendly kabhi threatening,CONTRADICTORY_CHANGING_SITUATION,hinglish,spelling_variation,False,caller
SAATHI_01102,forcefully blank stamp paper par signature karwa raha hai suno na...,COERCION_BLACKMAIL,hinglish,incomplete_hesitant,False,caller
SAATHI_01103,मेरी बात सुनिए... छाती में असहनीय दर्द हो रहा है सांस रुक रही है हार्ट अटैक जैसा है,MEDICAL_EMERGENCY,hi,conversational,False,caller
SAATHI_01104,I am trembling in horror at what might happen,FEAR_DISTRESS_PANIC,en,conversational,False,caller
SAATHI_01105,I wanted to know the address of the district collectorate office,NEUTRAL_NO_INDICATOR,en,standard,True,caller
SAATHI_01106,"physically assault kiya hai mujhe bohot chotein aayi hain, please kuch jaldi kijiye.",PHYSICAL_VIOLENCE_INJURY,hinglish,compound_dialogue,False,caller
SAATHI_01107,husband aur saas milke roz dowry ke liye torture karte hain,DOMESTIC_FAMILY_VIOLENCE,hinglish,short,False,caller
SAATHI_01108,"I have no home, no roof, and no safe refuge to sleep tonight pata nahi...",NO_SAFE_PLACE_HOMELESSNESS,en,incomplete_hesitant,False,caller
SAATHI_01109,discrimination on basis of caste identity,DISCRIMINATION_CASTE_VULNERABILITY,hinglish,short,False,caller
SAATHI_01110,He burnt my hand with a cigarette and hit me with a wooden stick...,PHYSICAL_VIOLENCE_INJURY,en,incomplete_hesitant,False,caller
SAATHI_01111,mohalle wale ghar par patharbaazi kar rahe hain bahar nahi nikalne dete,SOCIAL_COMMUNITY_PRESSURE,hinglish,standard,False,caller
SAATHI_01112,कोई एक व्यक्ति भी नहीं है जिससे मैं अपनी बात कह सकूं,ISOLATION_NO_SUPPORT,hi,short,False,caller
SAATHI_01113,Yesterday we went to the cinema to watch an action movie with fight scenes,NEUTRAL_NO_INDICATOR,en,standard,True,caller
SAATHI_01114,"एक्सीडेंट हुआ है पैर टूट गया है हड्डी बाहर निकल आई है, मुझे बहुत चिंता हो रही है।",MEDICAL_EMERGENCY,hi,compound_dialogue,False,caller
SAATHI_01115,"Send an ambulance immediately, severe uncontrollable bleeding from head pata nahi...",MEDICAL_EMERGENCY,en,incomplete_hesitant,False,caller
SAATHI_01116,sasural mein mental physical torture ho raha hai continuous,DOMESTIC_FAMILY_VIOLENCE,hinglish,short,False,caller
SAATHI_01117,"right now wo mere samne khada hai chaku leke, please kuch jaldi kijiye.",IMMEDIATE_PHYSICAL_DANGER,hinglish,compound_dialogue,False,caller
SAATHI_01118,personal data misuse karne ki threat deke harass kar raha,COERCION_BLACKMAIL,hinglish,incomplete_hesitant,False,caller
SAATHI_01119,main khud ko harm karne ki soch rahi hoon,SELF_HARM_CONCERN,hinglish,standard,False,caller
SAATHI_01120,"पता नहीं कि उसने मुझे जानबूझकर धक्का दिया या गलती से, मुझे बहुत चिंता हो रही है।",UNCERTAINTY_UNCLEAR_INFO,hi,compound_dialogue,False,caller
SAATHI_01121,"The victim has passed out from extensive blood loss and trauma, I am urgently asking for intervention.",MEDICAL_EMERGENCY,en,compound_dialogue,False,caller
SAATHI_01122,Both my parents have passed away,ISOLATION_NO_SUPPORT,en,short,False,caller
SAATHI_01123,मुझे किसी सेफ हाउस या नारी निकेतन में जगह दिलवाइए प्लीज,NO_SAFE_PLACE_HOMELESSNESS,hi,standard,False,caller
SAATHI_01124,thana se police force bhejo arms leke khade hain log,REQUEST_POLICE_EMERGENCY_HELP,hinglish,conversational,False,caller
SAATHI_01125,inappropriate places par touch kiya bina consent ke,SEXUAL_VIOLENCE_HARASSMENT,hinglish,spelling_variation,False,caller
SAATHI_01126,please... zindagi se thak chuki hoon apni jaan de dungi,SELF_HARM_CONCERN,hinglish,conversational,False,caller
SAATHI_01127,He groped me inappropriately against my explicit consent,SEXUAL_VIOLENCE_HARASSMENT,en,short,False,caller
SAATHI_01128,कृपया ध्यान दें... हमला हो रहा है तुरंत पुलिस भेजिए इसी सेकंड,IMMEDIATE_PHYSICAL_DANGER,hi,spelling_variation,False,caller
SAATHI_01129,उसने गाली देकर बोला कि तुझे काट के फेंक दूंगा,THREAT_INTIMIDATION,hi,incomplete_hesitant,False,caller
SAATHI_01130,"हमें सार्वजनिक रास्ते से गुजरने से रोका जाता है जाति के नाम पर, मुझे बहुत चिंता हो रही है।",DISCRIMINATION_CASTE_VULNERABILITY,hi,compound_dialogue,False,caller
SAATHI_01131,husband beats me daily in front of my children,DOMESTIC_FAMILY_VIOLENCE,hinglish,short,False,caller
SAATHI_01132,unresponsive state mein hai need critical medical team immediately aur fir...,MEDICAL_EMERGENCY,hinglish,incomplete_hesitant,False,caller
SAATHI_01133,gala dabane ki koshish ki thi usne suffocated feel hua,PHYSICAL_VIOLENCE_INJURY,hinglish,standard,False,caller
SAATHI_01134,main khud ko harm karne ki soch rahi hoon,SELF_HARM_CONCERN,hinglish,incomplete_hesitant,False,caller
SAATHI_01135,I'm crying and petrified right now,FEAR_DISTRESS_PANIC,en,spelling_variation,False,caller
SAATHI_01136,"लगातार निगरानी रखी जा रही है मुझ पर, पीछा नहीं छोड़ रहा",STALKING_FOLLOWING,hi,standard,False,caller
SAATHI_01137,आंख में गंभीर चोट लगी है दिखाई देना बंद हो गया है,MEDICAL_EMERGENCY,hi,standard,False,caller
SAATHI_01138,"ऑपरेटर: नमस्ते, महिला एवं बाल हेल्पलाइन में आपका स्वागत है।, मुझे बहुत चिंता हो रही है।",NEUTRAL_NO_INDICATOR,hi,compound_dialogue,True,operator
SAATHI_01139,He is blackmailing me threatening to leak my private intimate photos,COERCION_BLACKMAIL,en,short,False,caller
SAATHI_01140,"He demands large sums of extortion money or else he will upload my video, I am urgently asking for intervention.",COERCION_BLACKMAIL,en,compound_dialogue,False,caller
SAATHI_01141,सिर फट गया है बहुत ज्यादा ब्लीडिंग हो रही है बेहोश हो रहे हैं,MEDICAL_EMERGENCY,hi,short,False,caller
SAATHI_01142,police custody mein le liya usko tension nahi hai ab,CURRENT_SAFETY_REASSURANCE,hinglish,standard,True,caller
SAATHI_01143,"deaf and mute person hoon need urgent emergency intervention, please kuch jaldi kijiye.",CHILD_ELDERLY_DISABILITY_VULNERABILITY,hinglish,compound_dialogue,False,caller
SAATHI_01144,मैं पंखे से फंदा लगाने की सोच रही थी,SELF_HARM_CONCERN,hi,short,False,caller
SAATHI_01145,"Can I get psychological therapy referrals for domestic trauma survivors?, I am urgently asking for intervention.",REQUEST_COUNSELLING_LEGAL_MEDICAL,en,compound_dialogue,False,caller
SAATHI_01146,He forced himself on top of me despite my continuous screaming pata nahi...,SEXUAL_VIOLENCE_HARASSMENT,en,incomplete_hesitant,False,caller
SAATHI_01147,"No longer in danger, perpetrator is far away and police are on site, I am urgently asking for intervention.",CURRENT_SAFETY_REASSURANCE,en,compound_dialogue,True,caller
SAATHI_01148,kuch galat hone ka bohot darr lag raha hai mujhe aur fir...,FEAR_DISTRESS_PANIC,hinglish,incomplete_hesitant,False,caller
SAATHI_01149,"I might have misheard his words, the ambient noise was too loud",UNCERTAINTY_UNCLEAR_INFO,en,standard,False,caller
SAATHI_01150,pet mein kick kiya hai unbearable pain ho raha hai,PHYSICAL_VIOLENCE_INJURY,hinglish,standard,False,caller
SAATHI_01151,Help me... Barred from using public village roads solely due to our social caste,DISCRIMINATION_CASTE_VULNERABILITY,en,conversational,False,caller
SAATHI_01152,He said he will finish my entire family if I step outside,THREAT_INTIMIDATION,en,short,False,caller
SAATHI_01153,कल हम सब मिलकर एक एक्शन फिल्म देखने सिनेमा हॉल गए थे,NEUTRAL_NO_INDICATOR,hi,standard,True,caller
SAATHI_01154,peaceful discussion tha suddenly weapon nikal liya aur fir...,CONTRADICTORY_CHANGING_SITUATION,hinglish,incomplete_hesitant,False,caller
SAATHI_01155,Officer... The in-laws are torturing me both mentally and physically for money,DOMESTIC_FAMILY_VIOLENCE,en,conversational,False,caller
SAATHI_01156,"He shadowed me on the bus and got off at my exact residential stop, I am urgently asking for intervention.",STALKING_FOLLOWING,en,compound_dialogue,False,caller
SAATHI_01157,"Blackmail coercion threatening to ruin my marriage and future, I am urgently asking for intervention.",COERCION_BLACKMAIL,en,compound_dialogue,False,caller
SAATHI_01158,कृपया ध्यान दें... अब मुझे कोई परेशानी नहीं है मैं सुरक्षित महसूस कर रही हूं,CURRENT_SAFETY_REASSURANCE,hi,spelling_variation,True,caller
SAATHI_01159,ना रहने का ठिकाना है ना खाने को कुछ है भटक रही हूं,NO_SAFE_PLACE_HOMELESSNESS,hi,short,False,caller
SAATHI_01160,"He has cornered me against the wall and is raising his fist, I am urgently asking for intervention.",IMMEDIATE_PHYSICAL_DANGER,en,compound_dialogue,False,caller
SAATHI_01161,Hello... I am locked inside a secure room and the attacker has departed,CURRENT_SAFETY_REASSURANCE,en,conversational,True,caller
SAATHI_01162,pura shareer tharthara raha hai darr se,FEAR_DISTRESS_PANIC,hinglish,standard,False,caller
SAATHI_01163,"The dread and terror are overwhelming, I'm crying nonstop",FEAR_DISTRESS_PANIC,en,incomplete_hesitant,False,caller
SAATHI_01164,I managed to escape into my neighbor's house and I am safe here...,CURRENT_SAFETY_REASSURANCE,en,incomplete_hesitant,True,caller
SAATHI_01165,कृपया ध्यान दें... कभी हाथ जोड़ता है फिर अचानक कॉलर पकड़ लेता है,CONTRADICTORY_CHANGING_SITUATION,hi,spelling_variation,False,caller
SAATHI_01166,husband drink karke aata hai aur belt se marta hai,DOMESTIC_FAMILY_VIOLENCE,hinglish,spelling_variation,False,caller
SAATHI_01167,sir... paise demand kar raha hai varna video upload kar dega,COERCION_BLACKMAIL,hinglish,conversational,False,caller
SAATHI_01168,अरे... अस्पताल में भी जाति पूछकर इलाज में लापरवाही बरती जा रही है,DISCRIMINATION_CASTE_VULNERABILITY,hi,conversational,False,caller
SAATHI_01169,madam... meri halat kharab ho rahi hai ghabrahat ki wajah se,FEAR_DISTRESS_PANIC,hinglish,conversational,False,caller
SAATHI_01170,"I am fine now, with trusted friends in a secure compound",CURRENT_SAFETY_REASSURANCE,en,standard,True,caller
SAATHI_01171,पीसीआर वैन को कॉल करिए मेरी लोकेशन पर पुलिस की सख्त जरूरत है,REQUEST_POLICE_EMERGENCY_HELP,hi,short,False,caller
SAATHI_01172,हमारे स्कूल में सड़क सुरक्षा,NEUTRAL_NO_INDICATOR,hi,short,True,caller
SAATHI_01173,He attempted to sexually assault me and tore my clothing,SEXUAL_VIOLENCE_HARASSMENT,en,standard,False,caller
SAATHI_01174,सुनिए... हमें सार्वजनिक रास्ते से गुजरने से रोका जाता है जाति के नाम पर,DISCRIMINATION_CASTE_VULNERABILITY,hi,conversational,False,caller
SAATHI_01175,"Can you connect me with a licensed psychological counselor for support?, I am urgently asking for intervention.",REQUEST_COUNSELLING_LEGAL_MEDICAL,en,compound_dialogue,False,caller
SAATHI_01176,तुरंत गाड़ी भेजो वो लाठी लेकर मुझ पर हमला करने आ रहा है,IMMEDIATE_PHYSICAL_DANGER,hi,short,False,caller
SAATHI_01177,I am holding a handful of sleeping pills and want to swallow them all,SELF_HARM_CONCERN,en,conversational,False,caller
SAATHI_01178,"Everything is calm now, the dispute has settled",CURRENT_SAFETY_REASSURANCE,en,spelling_variation,True,caller
SAATHI_01179,कोई शेल्टर होम बताइए मुझे शरण चाहिए आज रात के लिए,NO_SAFE_PLACE_HOMELESSNESS,hi,short,False,caller
SAATHI_01180,shanti thi abhi tak but suddenly shouting started again,CONTRADICTORY_CHANGING_SITUATION,hinglish,conversational,False,caller
SAATHI_01181,"The person's face was concealed, I cannot verify their identity",UNCERTAINTY_UNCLEAR_INFO,en,spelling_variation,False,caller
SAATHI_01182,panic ho raha hai mujhe saans lene mein takleef ho rahi dar se,FEAR_DISTRESS_PANIC,hinglish,spelling_variation,False,caller
SAATHI_01183,"Ma'am... I'm not sure if the vehicle was blue or grey, it happened so fast",UNCERTAINTY_UNCLEAR_INFO,en,conversational,False,caller
SAATHI_01184,"Attacker is inside the premises right now, send cops immediately",IMMEDIATE_PHYSICAL_DANGER,en,spelling_variation,False,caller
SAATHI_01185,Help me... I am unsure whether it was a genuine threat or a misunderstanding,UNCERTAINTY_UNCLEAR_INFO,en,conversational,False,caller
SAATHI_01186,मैं केवल हेल्पलाइन के काम करने का समय जानने के लिए फोन कर रहा था suno na...,NEUTRAL_NO_INDICATOR,hi,incomplete_hesitant,True,caller
SAATHI_01187,wo mere padosiyon se pooch raha tha mere baare mein stalker,STALKING_FOLLOWING,hinglish,spelling_variation,False,caller
SAATHI_01188,He physically threw me out against the wall,PHYSICAL_VIOLENCE_INJURY,en,short,False,caller
SAATHI_01189,police ko bolo siren baja kar jaldi aayein,REQUEST_POLICE_EMERGENCY_HELP,hinglish,conversational,False,caller
SAATHI_01190,madam... coercing me into signing property papers under duress,COERCION_BLACKMAIL,hinglish,conversational,False,caller
SAATHI_01191,मेरे सिर पर कोई छत नहीं है मैं कहां जाऊं रात काटने के लिए,NO_SAFE_PLACE_HOMELESSNESS,hi,standard,False,caller
SAATHI_01192,"Operator speaking: ERSS helpline, how may I assist your inquiry today?",NEUTRAL_NO_INDICATOR,en,conversational,True,caller
SAATHI_01193,lag raha hai koi tha but i am not completely sure,UNCERTAINTY_UNCLEAR_INFO,hinglish,incomplete_hesitant,False,caller
SAATHI_01194,"He attacked me with a blunt iron rod, my arm is badly fractured, I am urgently asking for intervention.",PHYSICAL_VIOLENCE_INJURY,en,compound_dialogue,False,caller
SAATHI_01195,जातिगत भेदभाव की वजह से पुलिस हमारी एफआईआर नहीं लिख रही aur fir...,DISCRIMINATION_CASTE_VULNERABILITY,hi,incomplete_hesitant,False,caller
SAATHI_01196,laath ghoonso se peeta hai usne zameen par gira kar aur fir...,PHYSICAL_VIOLENCE_INJURY,hinglish,incomplete_hesitant,False,caller
SAATHI_01197,"I am terrified, my hands are trembling uncontrollably jaldi...",FEAR_DISTRESS_PANIC,en,incomplete_hesitant,False,caller
SAATHI_01198,Influential village groups are attacking our hamlet using casteist abuse,DISCRIMINATION_CASTE_VULNERABILITY,en,short,False,caller
SAATHI_01199,he groped me in the elevator and passed vulgar comments pata nahi...,SEXUAL_VIOLENCE_HARASSMENT,hinglish,incomplete_hesitant,False,caller
SAATHI_01200,The crisis keeps evolving unpredictably with shifting intentions...,CONTRADICTORY_CHANGING_SITUATION,en,incomplete_hesitant,False,caller
SAATHI_01201,ab darr lagne ki koi baat nahi main surakshit hoon,CURRENT_SAFETY_REASSURANCE,hinglish,short,True,caller
SAATHI_01202,अरे... स्पेशल चाइल्ड है मेरा वो बहुत डर गया है पैनिक कर रहा है,CHILD_ELDERLY_DISABILITY_VULNERABILITY,hi,conversational,False,caller
SAATHI_01203,My in-laws are demanding five lakh rupees and beating me mercilessly,DOMESTIC_FAMILY_VIOLENCE,en,standard,False,caller
SAATHI_01204,कृपया ध्यान दें... पीसीआर वैन को कॉल करिए मेरी लोकेशन पर पुलिस की सख्त जरूरत है,REQUEST_POLICE_EMERGENCY_HELP,hi,spelling_variation,False,caller
SAATHI_01205,koi support system nahi hai mere paas I am all by myself,ISOLATION_NO_SUPPORT,hinglish,spelling_variation,False,caller
SAATHI_01206,रात भर खुले आसमान के नीचे रहने को मजबूर हूं,NO_SAFE_PLACE_HOMELESSNESS,hi,standard,False,caller
SAATHI_01207,pet mein kick kiya hai unbearable pain ho raha hai please...,PHYSICAL_VIOLENCE_INJURY,hinglish,incomplete_hesitant,False,caller
SAATHI_01208,मैडम... वो अनजान नंबरों से दिन में पचास बार कॉल और मैसेज करता है,STALKING_FOLLOWING,hi,conversational,False,caller
SAATHI_01209,usne zabardasti karne ki koshish ki aur kapde phad diye,SEXUAL_VIOLENCE_HARASSMENT,hinglish,standard,False,caller
SAATHI_01210,किसी को मेरी परवाह नहीं है मैं अकेली कैसे सामना करूं,ISOLATION_NO_SUPPORT,hi,short,False,caller
SAATHI_01211,He said he will send edited photos to my father unless I pay him,COERCION_BLACKMAIL,en,standard,False,caller
SAATHI_01212,तुरंत पुलिस की गाड़ी भेजिए यहां बहुत बड़ा झगड़ा हो रहा है,REQUEST_POLICE_EMERGENCY_HELP,hi,standard,False,caller
SAATHI_01213,"Subjected to derogatory caste remarks and harassment by college staff, I am urgently asking for intervention.",DISCRIMINATION_CASTE_VULNERABILITY,en,compound_dialogue,False,caller
SAATHI_01214,Elderly disabled grandfather is unconscious on the floor jaldi...,CHILD_ELDERLY_DISABILITY_VULNERABILITY,en,incomplete_hesitant,False,caller
SAATHI_01215,dar ke mare heart beat bahut tez chal rahi hai,FEAR_DISTRESS_PANIC,hinglish,spelling_variation,False,caller
SAATHI_01216,The physician is performing a routine post-surgical checkup at the clinic,NEUTRAL_NO_INDICATOR,en,short,True,caller
SAATHI_01217,उसने धोखे से मेरी तस्वीरें लीं और अब ब्लैकमेल करके ब्लैकमनी मांग रहा jaldi...,COERCION_BLACKMAIL,hi,incomplete_hesitant,False,caller
SAATHI_01218,"I have nobody in this city, no relatives, completely isolated",ISOLATION_NO_SUPPORT,en,incomplete_hesitant,False,caller
SAATHI_01219,"My children are forced to sit separately in school due to caste bias, I am urgently asking for intervention.",DISCRIMINATION_CASTE_VULNERABILITY,en,compound_dialogue,False,caller
SAATHI_01220,no one to turn to in this entire district,ISOLATION_NO_SUPPORT,hinglish,short,False,caller
SAATHI_01221,"My mind is in a fog, I cannot recall the exact timeline",UNCERTAINTY_UNCLEAR_INFO,en,standard,False,caller
SAATHI_01222,पुलिस को भेजिए ताकि हमलावर को पकड़ा जा सके,REQUEST_POLICE_EMERGENCY_HELP,hi,conversational,False,caller
SAATHI_01223,ab dar lagne ki koi baat nahi main surakshit hoon,CURRENT_SAFETY_REASSURANCE,hinglish,spelling_variation,True,caller
SAATHI_01224,The neighborhood mob is pelting stones and blocking our gate jaldi...,SOCIAL_COMMUNITY_PRESSURE,en,incomplete_hesitant,False,caller
SAATHI_01225,"स्थिति हर पांच मिनट में बदल रही है कुछ प्रेडिक्ट नहीं कर पा रहे, मुझे बहुत चिंता हो रही है।",CONTRADICTORY_CHANGING_SITUATION,hi,compound_dialogue,False,caller
SAATHI_01226,"meri life ka koi meaning nahi bacha i want to die, please kuch jaldi kijiye.",SELF_HARM_CONCERN,hinglish,compound_dialogue,False,caller
SAATHI_01227,Both my parents have passed away,ISOLATION_NO_SUPPORT,en,short,False,caller
SAATHI_01228,I am receiving continuous death threats on my phone please...,THREAT_INTIMIDATION,en,incomplete_hesitant,False,caller
SAATHI_01229,कृपया ध्यान दें... रेस्क्यू टीम और पुलिस की सख्त आवश्यकता है तुरंत,REQUEST_POLICE_EMERGENCY_HELP,hi,spelling_variation,False,caller
SAATHI_01230,मेरी बात सुनिए... पुलिस की पीसीआर वैन आ गई है और वो मेरे साथ हैं,CURRENT_SAFETY_REASSURANCE,hi,conversational,True,caller
SAATHI_01231,government public prosecutor ya legal aid panel lawyer chahiye aur fir...,REQUEST_COUNSELLING_LEGAL_MEDICAL,hinglish,incomplete_hesitant,False,caller
SAATHI_01232,कृपया ध्यान दें... हमला हो रहा है तुरंत पुलिस भेजिए इसी सेकंड,IMMEDIATE_PHYSICAL_DANGER,hi,spelling_variation,False,caller
SAATHI_01233,"Choking on blood and vomiting profusely, critical condition",MEDICAL_EMERGENCY,en,spelling_variation,False,caller
SAATHI_01234,"एक पल लगता है खतरा टल गया फिर अगले ही पल हमला शुरू हो जाता है, मुझे बहुत चिंता हो रही है।",CONTRADICTORY_CHANGING_SITUATION,hi,compound_dialogue,False,caller
SAATHI_01235,मेरी बुजुर्ग दादी बिस्तर पर हैं और गुंडे घर में तोड़फोड़ कर रहे हैं,CHILD_ELDERLY_DISABILITY_VULNERABILITY,hi,conversational,False,caller
SAATHI_01236,"जातिसूचक गालियां देकर मुझे सार्वजनिक नल से पानी नहीं भरने दिया, मुझे बहुत चिंता हो रही है।",DISCRIMINATION_CASTE_VULNERABILITY,hi,compound_dialogue,False,caller
SAATHI_01237,हमें बचाने के लिए फौरन पुलिस बल की तैनाती की जाए,REQUEST_POLICE_EMERGENCY_HELP,hi,short,False,caller
SAATHI_01238,कृपया ध्यान दें... मुझे इमरजेंसी पुलिस सहायता चाहिए यहां कानून व्यवस्था बिगड़ गई है,REQUEST_POLICE_EMERGENCY_HELP,hi,spelling_variation,False,caller
SAATHI_01239,गलत तरीके से छू रहा था,SEXUAL_VIOLENCE_HARASSMENT,hi,short,False,caller
SAATHI_01240,मेरे पति रोज मारते हैं और मायके वालों से बात नहीं करने देते,DOMESTIC_FAMILY_VIOLENCE,hi,standard,False,caller
SAATHI_01241,sir... darr ke mare main roye ja rahi hoon control nahi ho raha,FEAR_DISTRESS_PANIC,hinglish,conversational,False,caller
SAATHI_01242,I am currently in a safe location and feeling completely reassured,CURRENT_SAFETY_REASSURANCE,en,standard,True,caller
SAATHI_01243,arre... dhamki mil rahi hai ki bacho ko nuksan pahuchayega,THREAT_INTIMIDATION,hinglish,conversational,False,caller
SAATHI_01244,कृपया ध्यान दें... उसने बोला कि तेरे बच्चों को उठा लूंगा,THREAT_INTIMIDATION,hi,spelling_variation,False,caller
SAATHI_01245,कल हम सब मिलकर एक एक्शन फिल्म देखने सिनेमा हॉल गए थे please...,NEUTRAL_NO_INDICATOR,hi,incomplete_hesitant,True,caller
SAATHI_01246,"मेरी बात सुनिए... ऑपरेटर: नमस्ते, महिला एवं बाल हेल्पलाइन में आपका स्वागत है।",NEUTRAL_NO_INDICATOR,hi,conversational,True,operator
SAATHI_01247,apne hi statements se contradict kar raha hai person,CONTRADICTORY_CHANGING_SITUATION,hinglish,short,False,caller
SAATHI_01248,everything feels blurry not sure what happened exactly,UNCERTAINTY_UNCLEAR_INFO,hinglish,standard,False,caller
SAATHI_01249,कहा जा रहा है कि अगर पुलिस में गए तो कुल से बेदखल कर देंगे,SOCIAL_COMMUNITY_PRESSURE,hi,standard,False,caller
SAATHI_01250,"Pure panic has taken over, I don't know what to do",FEAR_DISTRESS_PANIC,en,incomplete_hesitant,False,caller
SAATHI_01251,"shanti thi abhi tak but suddenly shouting started again, please kuch jaldi kijiye.",CONTRADICTORY_CHANGING_SITUATION,hinglish,compound_dialogue,False,caller
SAATHI_01252,अंदर से बहुत डर लग रहा है दिल जोर-जोर से धड़क रहा है,FEAR_DISTRESS_PANIC,hi,short,False,caller
SAATHI_01253,तुरंत पुलिस की गाड़ी भेजिए यहां बहुत बड़ा झगड़ा हो रहा है suno na...,REQUEST_POLICE_EMERGENCY_HELP,hi,incomplete_hesitant,False,caller
SAATHI_01254,dalit hone ki wajah se mandir mein enter karne par maara,DISCRIMINATION_CASTE_VULNERABILITY,hinglish,standard,False,caller
SAATHI_01255,कृपया ध्यान दें... मैं अपनी जान देने की सोच रही हूं कोई रास्ता नहीं बचा,SELF_HARM_CONCERN,hi,spelling_variation,False,caller
SAATHI_01256,He placed a tracking device on my vehicle to stalk my movements,STALKING_FOLLOWING,en,standard,False,caller
SAATHI_01257,please... pati ne gale par hath rakh kar jaan se marne ki dhamki di domestic issue pe,DOMESTIC_FAMILY_VIOLENCE,hinglish,conversational,False,caller
SAATHI_01258,उसने मेरे साथ जबरदस्ती संबंध बनाने का दबाव डाला,SEXUAL_VIOLENCE_HARASSMENT,hi,standard,False,caller
SAATHI_01259,कोई दोस्त नहीं कोई सहारा नहीं किससे मदद मांगू समझ नहीं आ रहा,ISOLATION_NO_SUPPORT,hi,standard,False,caller
SAATHI_01260,प्लीज 112 को अलर्ट करिए मुझे तुरंत पुलिस सुरक्षा चाहिए pata nahi...,REQUEST_POLICE_EMERGENCY_HELP,hi,incomplete_hesitant,False,caller
SAATHI_01261,Not sure if they were tailing me or just heading in the same direction,UNCERTAINTY_UNCLEAR_INFO,en,short,False,caller
SAATHI_01262,"I'm not sure if the vehicle was blue or grey, it happened so fast",UNCERTAINTY_UNCLEAR_INFO,en,conversational,False,caller
SAATHI_01263,"Third-degree burns across chest and arms, excruciating suffering",MEDICAL_EMERGENCY,en,spelling_variation,False,caller
SAATHI_01264,"I think I heard something suspicious, but I cannot be certain",UNCERTAINTY_UNCLEAR_INFO,en,standard,False,caller
SAATHI_01265,mera peecha karke raste mein rokne ki koshish ki usne,STALKING_FOLLOWING,hinglish,spelling_variation,False,caller
SAATHI_01266,"मैं दृष्टिहीन हूं और मुझे कुछ दिखाई नहीं दे रहा कोई सहारा नहीं है, मुझे बहुत चिंता हो रही है।",CHILD_ELDERLY_DISABILITY_VULNERABILITY,hi,compound_dialogue,False,caller
SAATHI_01267,कृपया ध्यान दें... सामाजिक दबाव की वजह से मेरे माता-पिता भी मेरा साथ नहीं दे पा रहे,SOCIAL_COMMUNITY_PRESSURE,hi,spelling_variation,False,caller
SAATHI_01268,hathiyar leke khada hai bahar please jaldi gaadi bhejo please...,IMMEDIATE_PHYSICAL_DANGER,hinglish,incomplete_hesitant,False,caller
SAATHI_01269,दलित होने की वजह से मंदिर में जाने पर मारपीट की गई,DISCRIMINATION_CASTE_VULNERABILITY,hi,standard,False,caller
SAATHI_01270,"I am shaking with extreme fear and having a panic attack, I am urgently asking for intervention.",FEAR_DISTRESS_PANIC,en,compound_dialogue,False,caller
SAATHI_01271,I am calling to inquire about the working hours of your grievance cell...,NEUTRAL_NO_INDICATOR,en,incomplete_hesitant,True,caller
SAATHI_01272,turant police bhejiye wo mujh par attack karne aa raha,IMMEDIATE_PHYSICAL_DANGER,hinglish,standard,False,caller
SAATHI_01273,मैडम... डिप्रेशन से निपटने के लिए मुझे किसी थेरेपिस्ट से बात करनी है,REQUEST_COUNSELLING_LEGAL_MEDICAL,hi,conversational,False,caller
SAATHI_01274,I have suffered years of domestic cruelty,DOMESTIC_FAMILY_VIOLENCE,en,short,False,caller
SAATHI_01275,He called me,THREAT_INTIMIDATION,en,short,False,caller
SAATHI_01276,government public prosecutor ya legal aid panel lawyer chahiye...,REQUEST_COUNSELLING_LEGAL_MEDICAL,hinglish,incomplete_hesitant,False,caller
SAATHI_01277,A man has been stalking and following me every day on my way to work,STALKING_FOLLOWING,en,spelling_variation,False,caller
SAATHI_01278,"He threatened to destroy me, then broke down crying asking for mercy jaldi...",CONTRADICTORY_CHANGING_SITUATION,en,incomplete_hesitant,False,caller
SAATHI_01279,dharamshala rejected entry now wandering on highway,NO_SAFE_PLACE_HOMELESSNESS,hinglish,conversational,False,caller
SAATHI_01280,"main visually impaired hoon mujhe kuch dikh nahi raha, please kuch jaldi kijiye.",CHILD_ELDERLY_DISABILITY_VULNERABILITY,hinglish,compound_dialogue,False,caller
SAATHI_01281,कृपया ध्यान दें... उसने बोला कि तेरे बच्चों को उठा लूंगा,THREAT_INTIMIDATION,hi,spelling_variation,False,caller
SAATHI_01282,He attempted to sexually assault me and tore my clothing...,SEXUAL_VIOLENCE_HARASSMENT,en,incomplete_hesitant,False,caller
SAATHI_01283,pichle do hafte se lagatar koi mera peecha kar raha hai...,STALKING_FOLLOWING,hinglish,incomplete_hesitant,False,caller
SAATHI_01284,pregnant woman heavy bleeding emergency delivery stage,MEDICAL_EMERGENCY,hinglish,short,False,caller
SAATHI_01285,मेरे माता-पिता की मृत्यु हो चुकी है मेरा कोई अपना नहीं है इस दुनिया में,ISOLATION_NO_SUPPORT,hi,short,False,caller
SAATHI_01286,I need legal guidance from an attorney regarding my matrimonial rights,REQUEST_COUNSELLING_LEGAL_MEDICAL,en,short,False,caller
SAATHI_01287,कृपया ध्यान दें... पति शराब पीकर आता है और बच्चों के सामने मारता है,DOMESTIC_FAMILY_VIOLENCE,hi,spelling_variation,False,caller
SAATHI_01288,Prolonged domestic abuse and spousal battery taking place daily,DOMESTIC_FAMILY_VIOLENCE,en,standard,False,caller
SAATHI_01289,Special needs child is panicking and cannot handle the violence outside,CHILD_ELDERLY_DISABILITY_VULNERABILITY,en,spelling_variation,False,caller
SAATHI_01290,"मैं सिर्फ यह चेक कर रही थी कि यह नंबर चालू है या नहीं, मुझे बहुत चिंता हो रही है।",NEUTRAL_NO_INDICATOR,hi,compound_dialogue,True,caller
SAATHI_01291,pehle laga chala gaya but ab shadow window par fir dikhi,CONTRADICTORY_CHANGING_SITUATION,hinglish,standard,False,caller
SAATHI_01292,कृपया ध्यान दें... घर में सिर्फ छोटे अनाथ बच्चे हैं उनकी सुरक्षा का भारी खतरा है,CHILD_ELDERLY_DISABILITY_VULNERABILITY,hi,spelling_variation,False,caller
SAATHI_01293,मेरे पति रोज मारते हैं और मायके वालों से बात नहीं करने देते,DOMESTIC_FAMILY_VIOLENCE,hi,standard,False,caller
SAATHI_01294,"At first it seemed he had left, but now shadows appeared at the window again suno na...",CONTRADICTORY_CHANGING_SITUATION,en,incomplete_hesitant,False,caller
SAATHI_01295,Help me... The village panchayat ordered a complete social boycott of our household,SOCIAL_COMMUNITY_PRESSURE,en,conversational,False,caller
SAATHI_01296,please... elderly bedridden father hain aur attack ho raha hai ghar par,CHILD_ELDERLY_DISABILITY_VULNERABILITY,hinglish,conversational,False,caller
SAATHI_01297,"अभी इसी वक्त वो घर के अंदर आ गया है प्लीज बचाओ, मुझे बहुत चिंता हो रही है।",IMMEDIATE_PHYSICAL_DANGER,hi,compound_dialogue,False,caller
SAATHI_01298,dhamki de raha hai ki pure parivar ko khatam kar dunga,THREAT_INTIMIDATION,hinglish,standard,False,caller
SAATHI_01299,"I cannot continue living under this trauma, I want to die",SELF_HARM_CONCERN,en,short,False,caller
SAATHI_01300,mera yahan koi nahi hai bilkul akeli hoon no relatives aur fir...,ISOLATION_NO_SUPPORT,hinglish,incomplete_hesitant,False,caller
SAATHI_01301,"Please provide information on how to obtain an official MLC medical report, I am urgently asking for intervention.",REQUEST_COUNSELLING_LEGAL_MEDICAL,en,compound_dialogue,False,caller
SAATHI_01302,galat tarike se touch kiya jabardasti chedchad ki,SEXUAL_VIOLENCE_HARASSMENT,hinglish,spelling_variation,False,caller
SAATHI_01303,मेरी बात सुनिए... हुक्का-पानी बंद करने का ऐलान कर दिया गया है बिरादरी द्वारा,SOCIAL_COMMUNITY_PRESSURE,hi,conversational,False,caller
SAATHI_01304,paise nahi diye toh college mein sabko video dikha dega suno na...,COERCION_BLACKMAIL,hinglish,incomplete_hesitant,False,caller
SAATHI_01305,कृपया ध्यान दें... मुझे ठीक से नहीं पता मैं कहां हूं सड़क का नाम याद नहीं आ रहा,UNCERTAINTY_UNCLEAR_INFO,hi,spelling_variation,False,caller
SAATHI_01306,उसने बोला कि तेरे बच्चों को उठा लूंगा,THREAT_INTIMIDATION,hi,short,False,caller
SAATHI_01307,"अस्पताल में भी जाति पूछकर इलाज में लापरवाही बरती जा रही है, मुझे बहुत चिंता हो रही है।",DISCRIMINATION_CASTE_VULNERABILITY,hi,compound_dialogue,False,caller
SAATHI_01308,मुझे बार बार धमकी दे रहे हैं कि पछताओगे,THREAT_INTIMIDATION,hi,standard,False,caller
SAATHI_01309,मैं जहां भी जाती हूं वो इंसान वहां पहले से मौजूद रहता है,STALKING_FOLLOWING,hi,incomplete_hesitant,False,caller
SAATHI_01310,"धमका कर मेरी जमीन अपने नाम करवाने का दबाव डाल रहा है, मुझे बहुत चिंता हो रही है।",COERCION_BLACKMAIL,hi,compound_dialogue,False,caller
SAATHI_01311,अरे... दिमाग सुन्न हो गया है पता नहीं क्या बोलूं,UNCERTAINTY_UNCLEAR_INFO,hi,conversational,False,caller
SAATHI_01312,drama rehearsal chal raha tha theater performance ke liye,NEUTRAL_NO_INDICATOR,hinglish,short,True,caller
SAATHI_01313,secretly recorded videos ko use karke extortion kar raha hai,COERCION_BLACKMAIL,hinglish,standard,False,caller
SAATHI_01314,"wo darwaze ke bahar khada hai aur todne ki koshish kar raha, please kuch jaldi kijiye.",IMMEDIATE_PHYSICAL_DANGER,hinglish,compound_dialogue,False,caller
SAATHI_01315,"chaku se cut lagaya hai deep wound hai bleeding ho rahi, please kuch jaldi kijiye.",PHYSICAL_VIOLENCE_INJURY,hinglish,compound_dialogue,False,caller
SAATHI_01316,He is armed and actively attempting to break into my apartment,IMMEDIATE_PHYSICAL_DANGER,en,spelling_variation,False,caller
SAATHI_01317,private photos viral karne ki dhamkee deke blackmail kar raha hai,COERCION_BLACKMAIL,hinglish,spelling_variation,False,caller
SAATHI_01318,"The in-laws are torturing me both mentally and physically for money, I am urgently asking for intervention.",DOMESTIC_FAMILY_VIOLENCE,en,compound_dialogue,False,caller
SAATHI_01319,"चारदीवारी में कैद कर दिया है किसी से मिलने नहीं देते, मुझे बहुत चिंता हो रही है।",ISOLATION_NO_SUPPORT,hi,compound_dialogue,False,caller
SAATHI_01320,"Unstable dynamic with fluctuating danger levels every few moments, I am urgently asking for intervention.",CONTRADICTORY_CHANGING_SITUATION,en,compound_dialogue,False,caller
SAATHI_01321,Ending my own life feels like the only escape from this torment,SELF_HARM_CONCERN,en,short,False,caller
SAATHI_01322,usne bohot buri tarah mara hai chehre par neele nishan hain,PHYSICAL_VIOLENCE_INJURY,hinglish,short,False,caller
SAATHI_01323,Denial of healthcare treatment after inquiring about our caste identity,DISCRIMINATION_CASTE_VULNERABILITY,en,short,False,caller
SAATHI_01324,padosi ke ghar shift ho gayi hoon everything is fine now please...,CURRENT_SAFETY_REASSURANCE,hinglish,incomplete_hesitant,True,caller
SAATHI_01325,"I am holding a handful of sleeping pills and want to swallow them all, I am urgently asking for intervention.",SELF_HARM_CONCERN,en,compound_dialogue,False,caller
SAATHI_01326,He interrogates my neighbors about my schedule and follows me silently please...,STALKING_FOLLOWING,en,incomplete_hesitant,False,caller
SAATHI_01327,caste slurs use karke village well se door bhaga diya,DISCRIMINATION_CASTE_VULNERABILITY,hinglish,standard,False,caller
SAATHI_01328,"Please send armed cops units right away, situation is violent",REQUEST_POLICE_EMERGENCY_HELP,en,spelling_variation,False,caller
SAATHI_01329,"The village panchayat ordered a complete social boycott of our household, I am urgently asking for intervention.",SOCIAL_COMMUNITY_PRESSURE,en,compound_dialogue,False,caller
SAATHI_01330,"He has broken the window and is climbing inside the house right now, I am urgently asking for intervention.",IMMEDIATE_PHYSICAL_DANGER,en,compound_dialogue,False,caller
SAATHI_01331,एसएचओ को कनेक्ट कीजिए या तुरंत फोर्स भिजवाइए aur fir...,REQUEST_POLICE_EMERGENCY_HELP,hi,incomplete_hesitant,False,caller
SAATHI_01332,भीड़ हमारे घर के सामने इकट्ठा होकर नारे लगा रही है और धमका रही है suno na...,SOCIAL_COMMUNITY_PRESSURE,hi,incomplete_hesitant,False,caller
SAATHI_01333,Completely displaced,NO_SAFE_PLACE_HOMELESSNESS,en,short,False,caller
SAATHI_01334,Need urgent placement in a government shelter home or protective facility,NO_SAFE_PLACE_HOMELESSNESS,en,standard,False,caller
SAATHI_01335,He is cyberstalking my whereabouts,STALKING_FOLLOWING,en,short,False,caller
SAATHI_01336,Please guide me to an emergency women's shelter or safe house immediately,NO_SAFE_PLACE_HOMELESSNESS,en,short,False,caller
SAATHI_01337,Community elders are forcing us under threat of violence to leave town,SOCIAL_COMMUNITY_PRESSURE,en,short,False,caller
SAATHI_01338,"First he apologized profusely, now he is brandishing a kitchen knife",CONTRADICTORY_CHANGING_SITUATION,en,spelling_variation,False,caller
SAATHI_01339,homeless ho chuki hoon nowhere to sleep tonight,NO_SAFE_PLACE_HOMELESSNESS,hinglish,spelling_variation,False,caller
SAATHI_01340,मैं अपनी जान देने की सोच रही हूं कोई रास्ता नहीं बचा,SELF_HARM_CONCERN,hi,short,False,caller
SAATHI_01341,pehle dhamki di fir rone laga apology mangne laga please...,CONTRADICTORY_CHANGING_SITUATION,hinglish,incomplete_hesitant,False,caller
SAATHI_01342,धमकी दे रहा है कि पूरे परिवार को खत्म कर देगा pata nahi...,THREAT_INTIMIDATION,hi,incomplete_hesitant,False,caller
SAATHI_01343,"sexual harassment kiya hai mere sath room mein lock karke, please kuch jaldi kijiye.",SEXUAL_VIOLENCE_HARASSMENT,hinglish,compound_dialogue,False,caller
SAATHI_01344,vague information hai mere paas confirm nahi bol sakti suno na...,UNCERTAINTY_UNCLEAR_INFO,hinglish,incomplete_hesitant,False,caller
SAATHI_01345,"The landlord threw all my belongings onto the road and locked me out, I am urgently asking for intervention.",NO_SAFE_PLACE_HOMELESSNESS,en,compound_dialogue,False,caller
SAATHI_01346,"thana se police force bhejo arms leke khade hain log, please kuch jaldi kijiye.",REQUEST_POLICE_EMERGENCY_HELP,hinglish,compound_dialogue,False,caller
SAATHI_01347,कृपया ध्यान दें... दम घुट रहा है शरीर नीला पड़ रहा है ऑक्सीजन चाहिए,MEDICAL_EMERGENCY,hi,spelling_variation,False,caller
SAATHI_01348,please... accidental tha ya intentional not confident to say,UNCERTAINTY_UNCLEAR_INFO,hinglish,conversational,False,caller
SAATHI_01349,मुझे पैनिक अटैक आ रहा है सांस फूल रही है,FEAR_DISTRESS_PANIC,hi,short,False,caller
SAATHI_01350,I am being coerced into signing blank property deeds under intense duress jaldi...,COERCION_BLACKMAIL,en,incomplete_hesitant,False,caller
SAATHI_01351,कृपया ध्यान दें... कोई शेल्टर होम बताइए मुझे शरण चाहिए आज रात के लिए,NO_SAFE_PLACE_HOMELESSNESS,hi,spelling_variation,False,caller
SAATHI_01352,एक लड़का रोज मेरे कॉलेज से घर तक पीछा करता है,STALKING_FOLLOWING,hi,short,False,caller
SAATHI_01353,समाज के लोग हमारे बच्चों को स्कूल नहीं जाने दे रहे pata nahi...,SOCIAL_COMMUNITY_PRESSURE,hi,incomplete_hesitant,False,caller
SAATHI_01354,Please listen... Minor orphaned children left completely unattended in an unsafe area,CHILD_ELDERLY_DISABILITY_VULNERABILITY,en,conversational,False,caller
SAATHI_01355,मैं दृष्टिहीन हूं और मुझे कुछ दिखाई नहीं दे रहा कोई सहारा नहीं है,CHILD_ELDERLY_DISABILITY_VULNERABILITY,hi,conversational,False,caller
SAATHI_01356,कृपया ध्यान दें... उसने मुझे बहुत बुरी तरह पीटा है मेरे चेहरे पर नीले निशान हैं,PHYSICAL_VIOLENCE_INJURY,hi,spelling_variation,False,caller
SAATHI_01357,"free legal aid kahan se milegi guidance dijiye, please kuch jaldi kijiye.",REQUEST_COUNSELLING_LEGAL_MEDICAL,hinglish,compound_dialogue,False,caller
SAATHI_01358,"Everything is hazy and confusing, I cannot give precise details, I am urgently asking for intervention.",UNCERTAINTY_UNCLEAR_INFO,en,compound_dialogue,False,caller
SAATHI_01359,"He claimed he would call the police, then started barricading the exits, I am urgently asking for intervention.",CONTRADICTORY_CHANGING_SITUATION,en,compound_dialogue,False,caller
SAATHI_01360,He physically overpowered me trying to force sexual intimacy,SEXUAL_VIOLENCE_HARASSMENT,en,standard,False,caller
SAATHI_01361,situation constantly changing fluctuating every few minutes...,CONTRADICTORY_CHANGING_SITUATION,hinglish,incomplete_hesitant,False,caller
SAATHI_01362,suniye... belt se mara hai usne puri back par red marks hain,PHYSICAL_VIOLENCE_INJURY,hinglish,conversational,False,caller
SAATHI_01363,"First he apologized profusely, now he is brandishing a kitchen knife",CONTRADICTORY_CHANGING_SITUATION,en,short,False,caller
SAATHI_01364,निचली जाति का कहकर स्कूल में मेरे बच्चे को अलग बिठाया गया,DISCRIMINATION_CASTE_VULNERABILITY,hi,conversational,False,caller
SAATHI_01365,"He attempted forced sexual penetration while I was helpless, I am urgently asking for intervention.",SEXUAL_VIOLENCE_HARASSMENT,en,compound_dialogue,False,caller
SAATHI_01366,"lathi leke do log mere ghar ke bahar khade hain ghus rahe hain, please kuch jaldi kijiye.",IMMEDIATE_PHYSICAL_DANGER,hinglish,compound_dialogue,False,caller
SAATHI_01367,nari niketan ya women shelter house mein admission chahiye,NO_SAFE_PLACE_HOMELESSNESS,hinglish,standard,False,caller
SAATHI_01368,mujhe lawyer se legal advice chahiye court case ke liye,REQUEST_COUNSELLING_LEGAL_MEDICAL,hinglish,short,False,caller
SAATHI_01369,Our academy conducted a fire safety awareness drill this afternoon,NEUTRAL_NO_INDICATOR,en,short,True,caller
SAATHI_01370,pregnant woman heavy bleeding emergency delivery stage,MEDICAL_EMERGENCY,hinglish,spelling_variation,False,caller
SAATHI_01371,मैडम... क्या मुझे किसी काउंसलर से बात करने का नंबर मिल सकता है?,REQUEST_COUNSELLING_LEGAL_MEDICAL,hi,conversational,False,caller
SAATHI_01372,मुझे घरेलू हिंसा कानून के तहत अपने अधिकारों की जानकारी चाहिए aur fir...,REQUEST_COUNSELLING_LEGAL_MEDICAL,hi,incomplete_hesitant,False,caller
SAATHI_01373,मुझे डॉक्टर से चेकअप के लिए अपॉइंटमेंट की जानकारी चाहिए pata nahi...,REQUEST_COUNSELLING_LEGAL_MEDICAL,hi,incomplete_hesitant,False,caller
SAATHI_01374,He pushed me down the flight of stairs causing serious injuries,PHYSICAL_VIOLENCE_INJURY,en,short,False,caller
SAATHI_01375,"He threatened to destroy me, then broke down crying asking for mercy suno na...",CONTRADICTORY_CHANGING_SITUATION,en,incomplete_hesitant,False,caller
SAATHI_01376,suniye... he is outside right now with an iron rod kicking the door,IMMEDIATE_PHYSICAL_DANGER,hinglish,conversational,False,caller
SAATHI_01377,दवा की ओवरडोज हो गई है सांस लेने में भारी तकलीफ है,MEDICAL_EMERGENCY,hi,standard,False,caller
SAATHI_01378,मजबूर किया जा रहा है कि मैं अपने केस को वापस ले लूं,COERCION_BLACKMAIL,hi,short,False,caller
SAATHI_01379,mohalle wale ghar par patharbaazi kar rahe hain bahar nahi nikalne dete,SOCIAL_COMMUNITY_PRESSURE,hinglish,standard,False,caller
SAATHI_01380,paise nahi diye toh college mein sabko video dikha dega,COERCION_BLACKMAIL,hinglish,incomplete_hesitant,False,caller
SAATHI_01381,बिजली का बिल भरने का ऑनलाइन पोर्टल नहीं खुल रहा क्या करें please...,NEUTRAL_NO_INDICATOR,hi,incomplete_hesitant,True,caller
SAATHI_01382,gate tod raha hai wo bas ghusne hi wala hai,IMMEDIATE_PHYSICAL_DANGER,hinglish,standard,False,caller
SAATHI_01383,listen... mohalla committee boycott karke torture kar rahi hai,SOCIAL_COMMUNITY_PRESSURE,hinglish,conversational,False,caller
SAATHI_01384,He called me and said 'Your days are numbered',THREAT_INTIMIDATION,en,spelling_variation,False,caller
SAATHI_01385,discrimination on basis of caste identity,DISCRIMINATION_CASTE_VULNERABILITY,hinglish,short,False,caller
SAATHI_01386,He confiscated my documents and trapped me in total isolation aur fir...,ISOLATION_NO_SUPPORT,en,incomplete_hesitant,False,caller
SAATHI_01387,kabhi bolta hai care karta hai fir achanak violent ho jata hai,CONTRADICTORY_CHANGING_SITUATION,hinglish,short,False,caller
SAATHI_01388,हम तो बस दोस्तों के साथ मजाक कर रहे थे कोई लड़ाई नहीं थी,NEUTRAL_NO_INDICATOR,hi,standard,True,caller
SAATHI_01389,मुझे लगता है कि मेरे मरने से ही सबको शांति मिलेगी...,SELF_HARM_CONCERN,hi,incomplete_hesitant,False,caller
SAATHI_01390,अब मैं पुलिस स्टेशन पहुंच गई हूं बिल्कुल सुरक्षित हूं,CURRENT_SAFETY_REASSURANCE,hi,standard,True,caller
SAATHI_01391,I am visually impaired and living alone without any assistance,CHILD_ELDERLY_DISABILITY_VULNERABILITY,en,conversational,False,caller
SAATHI_01392,ek ladka roz mera peecha karta hai metro station tak,STALKING_FOLLOWING,hinglish,spelling_variation,False,caller
SAATHI_01393,प्लीज जल्दी सुनिए मुझे बहुत खौफ हो रहा है,FEAR_DISTRESS_PANIC,hi,incomplete_hesitant,False,caller
SAATHI_01394,उसने मुझे कमरे में बंद करके अश्लील हरकतें कीं,SEXUAL_VIOLENCE_HARASSMENT,hi,standard,False,caller
SAATHI_01395,सुनिए... घरेलू हिंसा का शिकार हूं ससुराल में रोज यातनाएं मिलती हैं,DOMESTIC_FAMILY_VIOLENCE,hi,conversational,False,caller
SAATHI_01396,"Shelterless at 2 AM, suspicious individuals circling around me, I am urgently asking for intervention.",NO_SAFE_PLACE_HOMELESSNESS,en,compound_dialogue,False,caller
SAATHI_01397,sir... sab relation tod diye unhone mere relatives ke saath,ISOLATION_NO_SUPPORT,hinglish,conversational,False,caller
SAATHI_01398,मैडम... पुलिस की पीसीआर वैन आ गई है और वो मेरे साथ हैं,CURRENT_SAFETY_REASSURANCE,hi,conversational,True,caller
SAATHI_01399,"He is pouring kerosene at the door right now, please hurry",IMMEDIATE_PHYSICAL_DANGER,en,spelling_variation,False,caller
SAATHI_01400,अगर मेरी तकलीफ खत्म नहीं हुई तो मैं अपनी जान ले लूंगी,SELF_HARM_CONCERN,hi,standard,False,caller
SAATHI_01401,"Severe head injury, pupil dilated, no verbal response from patient...",MEDICAL_EMERGENCY,en,incomplete_hesitant,False,caller
SAATHI_01402,उसने मेरे साथ जबरदस्ती करने की कोशिश की और कपड़े फाड़ दिए,SEXUAL_VIOLENCE_HARASSMENT,hi,standard,False,caller
SAATHI_01403,caste atrocities ho rahi hain hamare family ke against,DISCRIMINATION_CASTE_VULNERABILITY,hinglish,spelling_variation,False,caller
SAATHI_01404,बिजली का बिल भरने का ऑनलाइन पोर्टल नहीं खुल रहा क्या करें,NEUTRAL_NO_INDICATOR,hi,standard,True,caller
SAATHI_01405,Please listen... The victim has passed out from extensive blood loss and trauma,MEDICAL_EMERGENCY,en,conversational,False,caller
SAATHI_01406,कृपया ध्यान दें... डॉक्टर साहब अस्पताल में मरीज की पुरानी चोट की पट्टी बदल रहे हैं,NEUTRAL_NO_INDICATOR,hi,spelling_variation,True,caller
SAATHI_01407,Need urgent placement in a government shelter home or protective facility,NO_SAFE_PLACE_HOMELESSNESS,en,incomplete_hesitant,False,caller
SAATHI_01408,I need legal guidance from an attorney regarding my matrimonial rights,REQUEST_COUNSELLING_LEGAL_MEDICAL,en,spelling_variation,False,caller
SAATHI_01409,जातिगत भेदभाव की वजह से पुलिस हमारी एफआईआर नहीं लिख रही...,DISCRIMINATION_CASTE_VULNERABILITY,hi,incomplete_hesitant,False,caller
SAATHI_01410,chat leak karne ki threat deke illegal kaam ke liye coerce kar raha,COERCION_BLACKMAIL,hinglish,short,False,caller
SAATHI_01411,My 85-year-old bedridden mother is with me,CHILD_ELDERLY_DISABILITY_VULNERABILITY,en,short,False,caller
SAATHI_01412,"Immediate emergency has passed, situation is stable",CURRENT_SAFETY_REASSURANCE,en,spelling_variation,True,caller
SAATHI_01413,I am standing on the terrace edge thinking about jumping suno na...,SELF_HARM_CONCERN,en,incomplete_hesitant,False,caller
SAATHI_01414,rehney ki koi jagah nahi hai railway station par bethi hoon,NO_SAFE_PLACE_HOMELESSNESS,hinglish,short,False,caller
SAATHI_01415,Third-degree burns across chest,MEDICAL_EMERGENCY,en,short,False,caller
SAATHI_01416,वो मेरी हर लोकेशन ट्रैक कर रहा है और जहां जाती हूं पहुंच जाता है,STALKING_FOLLOWING,hi,standard,False,caller
SAATHI_01417,meri jaan khatre mein hai wo mujhe pakadne aa raha hai,IMMEDIATE_PHYSICAL_DANGER,hinglish,incomplete_hesitant,False,caller
SAATHI_01418,He spiked my drink and tried to take sexual advantage of me please...,SEXUAL_VIOLENCE_HARASSMENT,en,incomplete_hesitant,False,caller
SAATHI_01419,"He tried to strangle me with his hands, my throat is bruised and swollen, I am urgently asking for intervention.",PHYSICAL_VIOLENCE_INJURY,en,compound_dialogue,False,caller
SAATHI_01420,sir... deaf and mute person hoon need urgent emergency intervention,CHILD_ELDERLY_DISABILITY_VULNERABILITY,hinglish,conversational,False,caller
SAATHI_01421,I am a survivor of attempted rape,SEXUAL_VIOLENCE_HARASSMENT,en,short,False,caller
SAATHI_01422,यौन उत्पीड़न किया गया है मेरे साथ ऑफिस में,SEXUAL_VIOLENCE_HARASSMENT,hi,short,False,caller
SAATHI_01423,"I have a physical locomotor disability and cannot defend myself, I am urgently asking for intervention.",CHILD_ELDERLY_DISABILITY_VULNERABILITY,en,compound_dialogue,False,caller
SAATHI_01424,ऑफिस के बाहर खड़े होकर मेरा इंतजार करता है और घूरता रहता है please...,STALKING_FOLLOWING,hi,incomplete_hesitant,False,caller
SAATHI_01425,कृपया ध्यान दें... पुलिस विभाग ने महिला सुरक्षा जागरूकता कार्यक्रम आयोजित किया है,NEUTRAL_NO_INDICATOR,hi,spelling_variation,True,caller
SAATHI_01426,कहता है कि अगर मेरी बात नहीं मानी तो तेरी बदनामी कर दूंगा समाज में...,COERCION_BLACKMAIL,hi,incomplete_hesitant,False,caller
SAATHI_01427,घर में सिर्फ छोटे अनाथ बच्चे हैं उनकी सुरक्षा का भारी खतरा है,CHILD_ELDERLY_DISABILITY_VULNERABILITY,hi,short,False,caller
SAATHI_01428,collective harassment ho rahi hai neighbors dwara,SOCIAL_COMMUNITY_PRESSURE,hinglish,short,False,caller
SAATHI_01429,कृपया ध्यान दें... उसने फोन करके बोला कि तुझे देख लूंगा बाहर निकल,THREAT_INTIMIDATION,hi,spelling_variation,False,caller
SAATHI_01430,marpeet hoti hai roz ghar pe in-laws ke dwara jaldi...,DOMESTIC_FAMILY_VIOLENCE,hinglish,incomplete_hesitant,False,caller
SAATHI_01431,har jagah follow karta hai mujhe safe feel nahi ho raha,STALKING_FOLLOWING,hinglish,standard,False,caller
SAATHI_01432,meri consent ke bina physical advance kiya,SEXUAL_VIOLENCE_HARASSMENT,hinglish,conversational,False,caller
SAATHI_01433,maybe kuch bola usne but voice clear nahi suni please...,UNCERTAINTY_UNCLEAR_INFO,hinglish,incomplete_hesitant,False,caller
SAATHI_01434,पुलिस भेजो जल्दी नहीं तो वो मार देगा,REQUEST_POLICE_EMERGENCY_HELP,hi,short,False,caller
SAATHI_01435,जातिगत भेदभाव की वजह से पुलिस हमारी एफआईआर नहीं लिख रही,DISCRIMINATION_CASTE_VULNERABILITY,hi,standard,False,caller
SAATHI_01436,उसने पहले धमकी दी फिर रोने लगा और माफी मांगने लगा,CONTRADICTORY_CHANGING_SITUATION,hi,standard,False,caller
SAATHI_01437,एक लड़का रोज मेरे कॉलेज से घर तक पीछा करता है,STALKING_FOLLOWING,hi,short,False,caller
SAATHI_01438,no safe place left to stay completely stranded,NO_SAFE_PLACE_HOMELESSNESS,hinglish,short,False,caller
SAATHI_01439,कृपया ध्यान दें... जलने के कारण त्वचा उधड़ गई है बहुत तड़प रहे हैं,MEDICAL_EMERGENCY,hi,spelling_variation,False,caller
SAATHI_01440,Please listen... Send police officers with sirens immediately to disperse the attackers,REQUEST_POLICE_EMERGENCY_HELP,en,conversational,False,caller
SAATHI_01441,Suffering physical violence rooted in deep-seated caste hostility,DISCRIMINATION_CASTE_VULNERABILITY,en,spelling_variation,False,caller
SAATHI_01442,प्लीज... खाप पंचायत ने हमारे खिलाफ गैरकानूनी फैसला सुनाया है,SOCIAL_COMMUNITY_PRESSURE,hi,conversational,False,caller
SAATHI_01443,He placed a tracking device on my vehicle to stalk my movements,STALKING_FOLLOWING,en,standard,False,caller
SAATHI_01444,सुनिए... मेरी प्रतिष्ठा खराब करने की धमकी देकर मनमानी कर रहा है,COERCION_BLACKMAIL,hi,conversational,False,caller
SAATHI_01445,I am completely in panic mode,FEAR_DISTRESS_PANIC,en,short,False,caller
SAATHI_01446,"gaon ki panchayat ne social boycott kar diya hai family ka, please kuch jaldi kijiye.",SOCIAL_COMMUNITY_PRESSURE,hinglish,compound_dialogue,False,caller
SAATHI_01447,"I am on the verge of taking my own life tonight, I am urgently asking for intervention.",SELF_HARM_CONCERN,en,compound_dialogue,False,caller
SAATHI_01448,The perpetrator has fled the area and there is no immediate danger now,CURRENT_SAFETY_REASSURANCE,en,spelling_variation,True,caller
SAATHI_01449,"The village panchayat ordered a complete social boycott of our household, I am urgently asking for intervention.",SOCIAL_COMMUNITY_PRESSURE,en,compound_dialogue,False,caller
SAATHI_01450,"खाप पंचायत ने हमारे खिलाफ गैरकानूनी फैसला सुनाया है, मुझे बहुत चिंता हो रही है।",SOCIAL_COMMUNITY_PRESSURE,hi,compound_dialogue,False,caller
SAATHI_01451,कृपया ध्यान दें... छोटे मासूम बच्चे हैं उनको छुपा कर बैठी हूं,CHILD_ELDERLY_DISABILITY_VULNERABILITY,hi,spelling_variation,False,caller
SAATHI_01452,कृपया ध्यान दें... मेरे पास रहने की कोई जगह नहीं है ठंड में रेलवे स्टेशन पर हूं,NO_SAFE_PLACE_HOMELESSNESS,hi,spelling_variation,False,caller
SAATHI_01453,tv serial mein thriller climax scene dekh rahe the hum log,NEUTRAL_NO_INDICATOR,hinglish,spelling_variation,True,caller
SAATHI_01454,He recorded me without my knowledge,COERCION_BLACKMAIL,en,short,False,caller
SAATHI_01455,दलित होने की वजह से मंदिर में जाने पर मारपीट की गई aur fir...,DISCRIMINATION_CASTE_VULNERABILITY,hi,incomplete_hesitant,False,caller
SAATHI_01456,Help me... My husband threw boiling water near my feet during an argument,DOMESTIC_FAMILY_VIOLENCE,en,conversational,False,caller
SAATHI_01457,"कृपया वायरलेस पर मैसेज दीजिए नजदीकी चीता मोबाइल भेजिए, मुझे बहुत चिंता हो रही है।",REQUEST_POLICE_EMERGENCY_HELP,hi,compound_dialogue,False,caller
SAATHI_01458,कभी बहुत अच्छा बन जाता है कभी भयानक हिंसक हो जाता है,CONTRADICTORY_CHANGING_SITUATION,hi,short,False,caller
SAATHI_01459,मैडम... अभी इसी वक्त वो घर के अंदर आ गया है प्लीज बचाओ,IMMEDIATE_PHYSICAL_DANGER,hi,conversational,False,caller
SAATHI_01460,bike se follow karta hai roz office se aate waqt,STALKING_FOLLOWING,hinglish,short,False,caller
SAATHI_01461,I feel hopeless and completely suicidal right now,SELF_HARM_CONCERN,en,incomplete_hesitant,False,caller
SAATHI_01462,meri will ke against physically violate karne ki koshish ki,SEXUAL_VIOLENCE_HARASSMENT,hinglish,spelling_variation,False,caller
SAATHI_01463,unresponsive state mein hai need critical medical team immediately pata nahi...,MEDICAL_EMERGENCY,hinglish,incomplete_hesitant,False,caller
SAATHI_01464,सुनिए... उसने कहा कि अगर मैंने किसी को बताया तो वो मुझे जान से मार देगा,THREAT_INTIMIDATION,hi,conversational,False,caller
SAATHI_01465,"मैं जहर खाने जा रही हूं मुझसे और सहन नहीं होता, मुझे बहुत चिंता हो रही है।",SELF_HARM_CONCERN,hi,compound_dialogue,False,caller
SAATHI_01466,पति ने रात के बारह बजे घर से निकाल दिया सड़क पर बैठी हूं,NO_SAFE_PLACE_HOMELESSNESS,hi,standard,False,caller
SAATHI_01467,"रिश्तेदार और समाज मिलकर हमें बेइज्जत कर रहे हैं, मुझे बहुत चिंता हो रही है।",SOCIAL_COMMUNITY_PRESSURE,hi,compound_dialogue,False,caller
SAATHI_01468,He is demanding sexual favors in exchange for deleting the sensitive video pata nahi...,COERCION_BLACKMAIL,en,incomplete_hesitant,False,caller
SAATHI_01469,"चारदीवारी में कैद कर दिया है किसी से मिलने नहीं देते, मुझे बहुत चिंता हो रही है।",ISOLATION_NO_SUPPORT,hi,compound_dialogue,False,caller
SAATHI_01470,sir... door lock kar liya hai ab koi danger nahi hai outside,CURRENT_SAFETY_REASSURANCE,hinglish,conversational,True,caller
SAATHI_01471,He said he will kidnap my daughter if I speak up,THREAT_INTIMIDATION,en,standard,False,caller
SAATHI_01472,madam... padosi bhi darte hain koi help karne nahi aata bilkul isolated,ISOLATION_NO_SUPPORT,hinglish,conversational,False,caller
SAATHI_01473,Officer... I am so frightened that I cannot think clearly right now,FEAR_DISTRESS_PANIC,en,conversational,False,caller
SAATHI_01474,"He explicitly threatened to kill me if I report this to the police, I am urgently asking for intervention.",THREAT_INTIMIDATION,en,compound_dialogue,False,caller
SAATHI_01475,He broke the main latch and has entered the living room,IMMEDIATE_PHYSICAL_DANGER,en,standard,False,caller
SAATHI_01476,सर... इस दर्द से अच्छा है कि मैं मर जाऊं हमेशा के लिए,SELF_HARM_CONCERN,hi,conversational,False,caller
SAATHI_01477,He said he knows where I work and will teach me a lesson,THREAT_INTIMIDATION,en,standard,False,caller
SAATHI_01478,Both my parents have passed away and I have nowhere to seek shelter,ISOLATION_NO_SUPPORT,en,spelling_variation,False,caller
SAATHI_01479,वो गंदी-गंदी बातें बोलकर मुझे छूने की कोशिश करता है pata nahi...,SEXUAL_VIOLENCE_HARASSMENT,hi,incomplete_hesitant,False,caller
SAATHI_01480,He is blackmailing me threatening to leak my private intimate photos,COERCION_BLACKMAIL,en,short,False,caller
SAATHI_01481,"I received threatening letters demanding that I drop the case, I am urgently asking for intervention.",THREAT_INTIMIDATION,en,compound_dialogue,False,caller
SAATHI_01482,"मेरी हिम्मत जवाब दे चुकी है बहुत घबराई हुई हूं, मुझे बहुत चिंता हो रही है।",FEAR_DISTRESS_PANIC,hi,compound_dialogue,False,caller
SAATHI_01483,"I have nowhere to run, he is blocking the only exit",IMMEDIATE_PHYSICAL_DANGER,en,standard,False,caller
SAATHI_01484,प्लीज... मैंने नींद की बहुत सारी गोलियां हाथ में ली हुई हैं,SELF_HARM_CONCERN,hi,conversational,False,caller
SAATHI_01485,"Immediate danger, someone is trying to violently enter my premises",IMMEDIATE_PHYSICAL_DANGER,en,short,False,caller
SAATHI_01486,उसने मुझे लोहे की रॉड से मारा है पीठ पर गहरी चोट है,PHYSICAL_VIOLENCE_INJURY,hi,short,False,caller
SAATHI_01487,family members sab milkar mujhe target aur torture kar rahe hain...,DOMESTIC_FAMILY_VIOLENCE,hinglish,incomplete_hesitant,False,caller
SAATHI_01488,प्लीज... गांव की पंचायत ने हमारे परिवार का सामाजिक बहिष्कार कर दिया है,SOCIAL_COMMUNITY_PRESSURE,hi,conversational,False,caller
SAATHI_01489,मुझे घरेलू हिंसा कानून के तहत अपने अधिकारों की जानकारी चाहिए,REQUEST_COUNSELLING_LEGAL_MEDICAL,hi,standard,False,caller
SAATHI_01490,"I experienced severe sexual harassment and physical groping, I am urgently asking for intervention.",SEXUAL_VIOLENCE_HARASSMENT,en,compound_dialogue,False,caller
SAATHI_01491,अरे... पीछा करके उसने मुझे अकेला पाकर बात करने के लिए रोका,STALKING_FOLLOWING,hi,conversational,False,caller
SAATHI_01492,kabhi sorry bolta hai fir next second throat choke karta hai,CONTRADICTORY_CHANGING_SITUATION,hinglish,spelling_variation,False,caller
SAATHI_01493,He waited outside my gym and followed me all the way to my doorstep,STALKING_FOLLOWING,en,spelling_variation,False,caller
SAATHI_01494,"I am under severe extortion threats regarding sensitive personal data, I am urgently asking for intervention.",COERCION_BLACKMAIL,en,compound_dialogue,False,caller
SAATHI_01495,80 years old elderly mother hai jo walk nahi kar sakti,CHILD_ELDERLY_DISABILITY_VULNERABILITY,hinglish,spelling_variation,False,caller
SAATHI_01496,"ससुराल वाले खाना नहीं देते और कमरे में बंद रखते हैं, मुझे बहुत चिंता हो रही है।",DOMESTIC_FAMILY_VIOLENCE,hi,compound_dialogue,False,caller
SAATHI_01497,कृपया ध्यान दें... मुझे मेडिकल एग्जामिनेशन (एमएलसी) की प्रक्रिया समझनी है,REQUEST_COUNSELLING_LEGAL_MEDICAL,hi,spelling_variation,False,caller
SAATHI_01498,"usne bola agar police ke paas gayi toh jaan se maar dega, please kuch jaldi kijiye.",THREAT_INTIMIDATION,hinglish,compound_dialogue,False,caller
SAATHI_01499,phone karke bol raha hai dekh lunga tujhe,THREAT_INTIMIDATION,hinglish,spelling_variation,False,caller
SAATHI_01500,मैं जहर खाने जा रही हूं मुझसे और सहन नहीं होता,SELF_HARM_CONCERN,hi,conversational,False,caller
SAATHI_01501,proper address nahi malum bas itna pata hai flyover ke paas,UNCERTAINTY_UNCLEAR_INFO,hinglish,short,False,caller
SAATHI_01502,"शायद वो कोई सफेद गाड़ी थी या काली ठीक से नहीं देखा, मुझे बहुत चिंता हो रही है।",UNCERTAINTY_UNCLEAR_INFO,hi,compound_dialogue,False,caller
SAATHI_01503,"Hello... He claimed he would call the police, then started barricading the exits",CONTRADICTORY_CHANGING_SITUATION,en,conversational,False,caller
SAATHI_01504,जलने के कारण त्वचा उधड़ गई है बहुत तड़प रहे हैं,MEDICAL_EMERGENCY,hi,short,False,caller
SAATHI_01505,mohalle wale ghar par patharbaazi kar rahe hain bahar nahi nikalne dete pata nahi...,SOCIAL_COMMUNITY_PRESSURE,hinglish,incomplete_hesitant,False,caller
SAATHI_01506,"I am hiding in the closet and he is searching for me with a weapon, I am urgently asking for intervention.",IMMEDIATE_PHYSICAL_DANGER,en,compound_dialogue,False,caller
SAATHI_01507,collective harassment ho rahi hai neighbors dwara,SOCIAL_COMMUNITY_PRESSURE,hinglish,short,False,caller
SAATHI_01508,usne pushed me down the stairs chot lag gayi,PHYSICAL_VIOLENCE_INJURY,hinglish,conversational,False,caller
SAATHI_01509,"unconscious on the floor pulse bohot weak hai, please kuch jaldi kijiye.",MEDICAL_EMERGENCY,hinglish,compound_dialogue,False,caller
SAATHI_01510,I am feeling extreme panic and dread,FEAR_DISTRESS_PANIC,en,standard,False,caller
SAATHI_01511,गाड़ी से मेरा पीछा किया जा रहा है बार-बार हॉर्न बजाता है,STALKING_FOLLOWING,hi,short,False,caller
SAATHI_01512,Officer... He demands large sums of extortion money or else he will upload my video,COERCION_BLACKMAIL,en,conversational,False,caller
SAATHI_01513,"कहता है अगर पैसे नहीं दिए तो वीडियो सोशल मीडिया पर डाल दूंगा, मुझे बहुत चिंता हो रही है।",COERCION_BLACKMAIL,hi,compound_dialogue,False,caller
SAATHI_01514,"The dread and terror are overwhelming, I'm crying nonstop",FEAR_DISTRESS_PANIC,en,standard,False,caller
SAATHI_01515,usne mujhe drug karke assault karne ka try kiya jaldi...,SEXUAL_VIOLENCE_HARASSMENT,hinglish,incomplete_hesitant,False,caller
SAATHI_01516,He blocked my path and made explicit obscene sexual demands,SEXUAL_VIOLENCE_HARASSMENT,en,spelling_variation,False,caller
SAATHI_01517,कृपया ध्यान दें... जहर खा लिया है मुंह से झाग निकल रहा है जल्दी एम्बुलेंस भेजो,MEDICAL_EMERGENCY,hi,spelling_variation,False,caller
SAATHI_01518,अरे... लगातार अश्लील इशारे और यौन फब्तियां कसता है,SEXUAL_VIOLENCE_HARASSMENT,hi,conversational,False,caller
SAATHI_01519,arre... obscene gestures kar raha hai aur dirty baatein bolta hai,SEXUAL_VIOLENCE_HARASSMENT,hinglish,conversational,False,caller
SAATHI_01520,He spiked my drink and tried to take sexual advantage of me pata nahi...,SEXUAL_VIOLENCE_HARASSMENT,en,incomplete_hesitant,False,caller
SAATHI_01521,Violent attacks on a wedding celebration because of caste discrimination,DISCRIMINATION_CASTE_VULNERABILITY,en,incomplete_hesitant,False,caller
SAATHI_01522,I am being coerced into signing blank property deeds under intense duress,COERCION_BLACKMAIL,en,standard,False,caller
SAATHI_01523,"Subjected to derogatory caste remarks and harassment by college staff, I am urgently asking for intervention.",DISCRIMINATION_CASTE_VULNERABILITY,en,compound_dialogue,False,caller
SAATHI_01524,"Police have apprehended the suspect, immediate risk is over, I am urgently asking for intervention.",CURRENT_SAFETY_REASSURANCE,en,compound_dialogue,True,caller
SAATHI_01525,"Send an emergency team right now, the door lock is giving way",IMMEDIATE_PHYSICAL_DANGER,en,standard,False,caller
SAATHI_01526,unpredictable behavior hai kabhi friendly kabhi threatening,CONTRADICTORY_CHANGING_SITUATION,hinglish,spelling_variation,False,caller
SAATHI_01527,"I don't see any reason to live anymore, I want to end my life jaldi...",SELF_HARM_CONCERN,en,incomplete_hesitant,False,caller
SAATHI_01528,please... accidental tha ya intentional not confident to say,UNCERTAINTY_UNCLEAR_INFO,hinglish,conversational,False,caller
SAATHI_01529,"Massive laceration, pressure bandage soaked in blood, patient fainting",MEDICAL_EMERGENCY,en,short,False,caller
SAATHI_01530,उसने फोन करके बोला कि तुझे देख लूंगा बाहर निकल,THREAT_INTIMIDATION,hi,short,False,caller
SAATHI_01531,उसने कहा अंजाम बहुत बुरा होगा समझ लो,THREAT_INTIMIDATION,hi,short,False,caller
SAATHI_01532,suniye... unknown numbers se 50 missed calls aur stalking messages deta hai,STALKING_FOLLOWING,hinglish,conversational,False,caller
SAATHI_01533,kehta hai agar wapas nahi aayi toh maar dalunga please...,THREAT_INTIMIDATION,hinglish,incomplete_hesitant,False,caller
SAATHI_01534,meri daughter disabled hai wheelchair par hum bhaag nahi sakte,CHILD_ELDERLY_DISABILITY_VULNERABILITY,hinglish,incomplete_hesitant,False,caller
SAATHI_01535,मेरे होंठ कट गए हैं और दांत से खून आ रहा है मारपीट की वजह से,PHYSICAL_VIOLENCE_INJURY,hi,standard,False,caller
SAATHI_01536,वो मुझे जबरन अपने साथ ले जाने की कोशिश कर रहा था,SEXUAL_VIOLENCE_HARASSMENT,hi,standard,False,caller
SAATHI_01537,"autistic child hai panic attack ho raha hai continuous crying, please kuch jaldi kijiye.",CHILD_ELDERLY_DISABILITY_VULNERABILITY,hinglish,compound_dialogue,False,caller
SAATHI_01538,Choking on blood,MEDICAL_EMERGENCY,en,short,False,caller
SAATHI_01539,सब कुछ धुंधला लग रहा है याददाश्त साथ नहीं दे रही,UNCERTAINTY_UNCLEAR_INFO,hi,standard,False,caller
SAATHI_01540,भ्रमित महसूस कर रही हूं पक्की जानकारी नहीं दे पाऊंगी,UNCERTAINTY_UNCLEAR_INFO,hi,incomplete_hesitant,False,caller
SAATHI_01541,police rescue van required immediately at landmark,REQUEST_POLICE_EMERGENCY_HELP,hinglish,short,False,caller
SAATHI_01542,suniye... wo car leke nikal gaya hai mohalla shant hai,CURRENT_SAFETY_REASSURANCE,hinglish,conversational,True,caller
SAATHI_01543,"I was looking at the ceiling fan and thinking about hanging myself, I am urgently asking for intervention.",SELF_HARM_CONCERN,en,compound_dialogue,False,caller
SAATHI_01544,"उसने मेरी मर्जी के बिना मुझे गलत तरीके से टच किया, मुझे बहुत चिंता हो रही है।",SEXUAL_VIOLENCE_HARASSMENT,hi,compound_dialogue,False,caller
SAATHI_01545,He threatnd to attack me on my way home,THREAT_INTIMIDATION,en,spelling_variation,False,caller
SAATHI_01546,college mein self defense martial arts practice chal rahi thi,NEUTRAL_NO_INDICATOR,hinglish,conversational,True,caller
SAATHI_01547,maybe kuch bola usne but voice clear nahi suni suno na...,UNCERTAINTY_UNCLEAR_INFO,hinglish,incomplete_hesitant,False,caller
SAATHI_01548,forced to spend night under open sky with no shelter jaldi...,NO_SAFE_PLACE_HOMELESSNESS,hinglish,incomplete_hesitant,False,caller
SAATHI_01549,husband aur saas milke roz dowry ke liye torture karte hain,DOMESTIC_FAMILY_VIOLENCE,hinglish,spelling_variation,False,caller
SAATHI_01550,madam... roz ghar ke bahar khada rehta hai stalk kar raha hai,STALKING_FOLLOWING,hinglish,conversational,False,caller
SAATHI_01551,I need non-emergency mental health counseling resources,REQUEST_COUNSELLING_LEGAL_MEDICAL,en,short,False,caller
SAATHI_01552,"Everything is calm now, the dispute has settled",CURRENT_SAFETY_REASSURANCE,en,spelling_variation,True,caller
SAATHI_01553,मेरे रिश्तेदार आ गए हैं अब मैं पूरी तरह सुरक्षित हूं jaldi...,CURRENT_SAFETY_REASSURANCE,hi,incomplete_hesitant,True,caller
SAATHI_01554,he groped me in the elevator and passed vulgar comments,SEXUAL_VIOLENCE_HARASSMENT,hinglish,standard,False,caller
SAATHI_01555,ek ladka roz mera peecha karta hai metro station tak,STALKING_FOLLOWING,hinglish,short,False,caller
SAATHI_01556,इतना खौफ है कि बोल भी नहीं पा रही,FEAR_DISTRESS_PANIC,hi,standard,False,caller
SAATHI_01557,husband kehta hai mayke se paise la varna jaan le lunga,DOMESTIC_FAMILY_VIOLENCE,hinglish,spelling_variation,False,caller
SAATHI_01558,He said he will kidnap my daughter if I speak up...,THREAT_INTIMIDATION,en,incomplete_hesitant,False,caller
SAATHI_01559,"ससुर और ननद ताने मारते हैं और मुझे घर से निकालना चाहते हैं, मुझे बहुत चिंता हो रही है।",DOMESTIC_FAMILY_VIOLENCE,hi,compound_dialogue,False,caller
SAATHI_01560,mood swings extreme hain kabhi sweet kabhi brutally abusive,CONTRADICTORY_CHANGING_SITUATION,hinglish,spelling_variation,False,caller
SAATHI_01561,"Please listen... Shelterless at 2 AM, suspicious individuals circling around me",NO_SAFE_PLACE_HOMELESSNESS,en,conversational,False,caller
SAATHI_01562,कृपया ध्यान दें... पता नहीं वो कौन था चेहरा ढका हुआ था पहचान नहीं पाई,UNCERTAINTY_UNCLEAR_INFO,hi,spelling_variation,False,caller
SAATHI_01563,I was thrown out of the house in the middle of the night with nowhere to go,NO_SAFE_PLACE_HOMELESSNESS,en,standard,False,caller
SAATHI_01564,कभी कहता है प्यार करता है,CONTRADICTORY_CHANGING_SITUATION,hi,short,False,caller
SAATHI_01565,Grievous open fracture with heavy arterial bleeding at the scene,MEDICAL_EMERGENCY,en,spelling_variation,False,caller
SAATHI_01566,Senior citizen couple being harassed and deprived of medication,CHILD_ELDERLY_DISABILITY_VULNERABILITY,en,spelling_variation,False,caller
SAATHI_01567,main itni scared hoon ki aawaz nahi nikal rahi,FEAR_DISTRESS_PANIC,hinglish,short,False,caller
SAATHI_01568,in-laws khana nahi dete aur abuse karte hain mental aur physical,DOMESTIC_FAMILY_VIOLENCE,hinglish,conversational,False,caller
SAATHI_01569,मैं जहां भी जाती हूं वो इंसान वहां पहले से मौजूद रहता है,STALKING_FOLLOWING,hi,standard,False,caller
SAATHI_01570,dalit hone ki wajah se mandir mein enter karne par maara,DISCRIMINATION_CASTE_VULNERABILITY,hinglish,standard,False,caller
SAATHI_01571,प्लीज... वो पेट्रोल की बोतल लेकर दरवाजे पर आ गया है,IMMEDIATE_PHYSICAL_DANGER,hi,conversational,False,caller
SAATHI_01572,I wanted to know the address of the district collectorate office,NEUTRAL_NO_INDICATOR,en,standard,True,caller
SAATHI_01573,dharamshala rejected entry now wandering on highway,NO_SAFE_PLACE_HOMELESSNESS,hinglish,conversational,False,caller
SAATHI_01574,My daughter has severe mobility disabilities and cannot run away jaldi...,CHILD_ELDERLY_DISABILITY_VULNERABILITY,en,incomplete_hesitant,False,caller
SAATHI_01575,Please listen... The police patrol car has arrived on the scene and officers are with me,CURRENT_SAFETY_REASSURANCE,en,conversational,True,caller
SAATHI_01576,landlord ne luggage bahar phenk ke room lock kar diya,NO_SAFE_PLACE_HOMELESSNESS,hinglish,conversational,False,caller
SAATHI_01577,He interrogates my neighbors about my schedule and follows me silently,STALKING_FOLLOWING,en,standard,False,caller
SAATHI_01578,धमकी देके बोला कि आवाज मत निकालना,THREAT_INTIMIDATION,hi,conversational,False,caller
SAATHI_01579,He fluctuates between begging for forgiveness,CONTRADICTORY_CHANGING_SITUATION,en,short,False,caller
SAATHI_01580,मैं जहां भी जाती हूं वो इंसान वहां पहले से मौजूद रहता है,STALKING_FOLLOWING,hi,standard,False,caller
SAATHI_01581,"बहुत रोना आ रहा है डर के मारे पसीने छूट रहे हैं, मुझे बहुत चिंता हो रही है।",FEAR_DISTRESS_PANIC,hi,compound_dialogue,False,caller
SAATHI_01582,"everything under control now thank you so much, please kuch jaldi kijiye.",CURRENT_SAFETY_REASSURANCE,hinglish,compound_dialogue,True,caller
SAATHI_01583,इमरजेंसी सायरन बजाते हुए गाड़ी भेजो देरी मत करो pata nahi...,REQUEST_POLICE_EMERGENCY_HELP,hi,incomplete_hesitant,False,caller
SAATHI_01584,"he is tracking my daily routine and following my cab, please kuch jaldi kijiye.",STALKING_FOLLOWING,hinglish,compound_dialogue,False,caller
SAATHI_01585,इमरजेंसी सायरन बजाते हुए गाड़ी भेजो देरी मत करो,REQUEST_POLICE_EMERGENCY_HELP,hi,standard,False,caller
SAATHI_01586,पेट में तेज दर्द है और खून की उल्टियां हो रही हैं please...,MEDICAL_EMERGENCY,hi,incomplete_hesitant,False,caller
SAATHI_01587,"My heart is racing, I feel paralyzed with fear",FEAR_DISTRESS_PANIC,en,short,False,caller
SAATHI_01588,I am completely isolated and cut off from the outside world suno na...,ISOLATION_NO_SUPPORT,en,incomplete_hesitant,False,caller
SAATHI_01589,यह एक नाटक का रिहर्सल चल रहा था रंगमंच के कलाकार हैं हम,NEUTRAL_NO_INDICATOR,hi,short,True,caller
SAATHI_01590,कृपया ध्यान दें... मेरे पास रहने की कोई जगह नहीं है ठंड में रेलवे स्टेशन पर हूं,NO_SAFE_PLACE_HOMELESSNESS,hi,spelling_variation,False,caller
SAATHI_01591,एक पल लगता है खतरा टल गया फिर अगले ही पल हमला शुरू हो जाता है,CONTRADICTORY_CHANGING_SITUATION,hi,conversational,False,caller
SAATHI_01592,pata nahi kon tha face covered tha identity unknown,UNCERTAINTY_UNCLEAR_INFO,hinglish,spelling_variation,False,caller
SAATHI_01593,वो छत से कूदकर अंदर घुस आया है जान बचाओ please...,IMMEDIATE_PHYSICAL_DANGER,hi,incomplete_hesitant,False,caller
SAATHI_01594,chat leak karne ki threat deke illegal kaam ke liye coerce kar raha,COERCION_BLACKMAIL,hinglish,spelling_variation,False,caller
SAATHI_01595,"He lingers outside my apartment gate for hours watching my window, I am urgently asking for intervention.",STALKING_FOLLOWING,en,compound_dialogue,False,caller
SAATHI_01596,समाज के ठेकेदार हमें गांव छोड़कर जाने का फरमान सुना रहे हैं,SOCIAL_COMMUNITY_PRESSURE,hi,short,False,caller
SAATHI_01597,husband beats me daily in front of my children,DOMESTIC_FAMILY_VIOLENCE,hinglish,spelling_variation,False,caller
SAATHI_01598,I was thrown out of the house in the middle of the night with nowhere to go,NO_SAFE_PLACE_HOMELESSNESS,en,standard,False,caller
SAATHI_01599,exact location nahi pata road ka naam yaad nahi aa raha,UNCERTAINTY_UNCLEAR_INFO,hinglish,short,False,caller
SAATHI_01600,He cornered me and touched my private areas forcefully,SEXUAL_VIOLENCE_HARASSMENT,en,standard,False,caller
SAATHI_01601,बेहोश हो गए हैं कोई रिस्पांस नहीं दे रहे तुरंत डॉक्टर चाहिए,MEDICAL_EMERGENCY,hi,incomplete_hesitant,False,caller
SAATHI_01602,पति ने रात के बारह बजे घर से निकाल दिया सड़क पर बैठी हूं,NO_SAFE_PLACE_HOMELESSNESS,hi,standard,False,caller
SAATHI_01603,"Officers have secured the premises and everyone is safe, I am urgently asking for intervention.",CURRENT_SAFETY_REASSURANCE,en,compound_dialogue,True,caller
SAATHI_01604,police department awareness program run kar raha hai safety par,NEUTRAL_NO_INDICATOR,hinglish,spelling_variation,True,caller
SAATHI_01605,he broke the window glass and trying to enter inside,IMMEDIATE_PHYSICAL_DANGER,hinglish,standard,False,caller
SAATHI_01606,"छाती में असहनीय दर्द हो रहा है सांस रुक रही है हार्ट अटैक जैसा है, मुझे बहुत चिंता हो रही है।",MEDICAL_EMERGENCY,hi,compound_dialogue,False,caller
SAATHI_01607,रो-रो कर बुरा हाल है बहुत डर है दिल में,FEAR_DISTRESS_PANIC,hi,short,False,caller
SAATHI_01608,he broke the window glass and trying to enter inside pata nahi...,IMMEDIATE_PHYSICAL_DANGER,hinglish,incomplete_hesitant,False,caller
SAATHI_01609,"I don't see any reason to live anymore, I want to end my life",SELF_HARM_CONCERN,en,standard,False,caller
SAATHI_01610,parents expire ho chuke hain koi apna nahi bacha,ISOLATION_NO_SUPPORT,hinglish,spelling_variation,False,caller
SAATHI_01611,He attempted to sexually assault me and tore my clothing jaldi...,SEXUAL_VIOLENCE_HARASSMENT,en,incomplete_hesitant,False,caller
SAATHI_01612,कृपया ध्यान दें... दबंग लोग हमारी बस्ती में आकर जातिसूचक शब्द बोलते हैं और धमकाते हैं,DISCRIMINATION_CASTE_VULNERABILITY,hi,spelling_variation,False,caller
SAATHI_01613,Subjected to systemic caste-based slurs,DISCRIMINATION_CASTE_VULNERABILITY,en,short,False,caller
SAATHI_01614,मैडम... मुझे बहुत डर लग रहा है हाथ पैर कांप रहे हैं,FEAR_DISTRESS_PANIC,hi,conversational,False,caller
SAATHI_01615,"lower caste bol kar school mein bacche ke sath discrimination kiya, please kuch jaldi kijiye.",DISCRIMINATION_CASTE_VULNERABILITY,hinglish,compound_dialogue,False,caller
SAATHI_01616,मुझे लात मारी पेट में बहुत भयानक दर्द हो रहा है,PHYSICAL_VIOLENCE_INJURY,hi,short,False,caller
SAATHI_01617,biradari se nikalne ki threat de rahe hain sab log milkar please...,SOCIAL_COMMUNITY_PRESSURE,hinglish,incomplete_hesitant,False,caller
SAATHI_01618,कृपया ध्यान दें... क्या आपकी संस्था लीगल काउंसलिंग और कोर्ट में मदद देती है?,REQUEST_COUNSELLING_LEGAL_MEDICAL,hi,spelling_variation,False,caller
SAATHI_01619,सर... पति ने मुझे पीटकर छत पर खुले में रात भर ठंड में छोड़ दिया,DOMESTIC_FAMILY_VIOLENCE,hi,conversational,False,caller
SAATHI_01620,chat leak karne ki threat deke illegal kaam ke liye coerce kar raha,COERCION_BLACKMAIL,hinglish,short,False,caller
SAATHI_01621,jaati ka naam leke abuse kiya aur job se nikal diya,DISCRIMINATION_CASTE_VULNERABILITY,hinglish,short,False,caller
SAATHI_01622,madam... fracture ho gaya hai leg bone visible hai severe trauma,MEDICAL_EMERGENCY,hinglish,conversational,False,caller
SAATHI_01623,उसने पहले धमकी दी फिर रोने लगा और माफी मांगने लगा,CONTRADICTORY_CHANGING_SITUATION,hi,standard,False,caller
SAATHI_01624,My in-laws starve me and lock me in a room without food or water,DOMESTIC_FAMILY_VIOLENCE,en,standard,False,caller
SAATHI_01625,Ma'am... I am shaking with extreme fear and having a panic attack,FEAR_DISTRESS_PANIC,en,conversational,False,caller
SAATHI_01626,Coercing me to drop legal charges by threatening public humiliation,COERCION_BLACKMAIL,en,standard,False,caller
SAATHI_01627,"Please listen... I am deaf and speech impaired, communicating via text in high distress",CHILD_ELDERLY_DISABILITY_VULNERABILITY,en,conversational,False,caller
SAATHI_01628,"मेरे रहने का कोई फायदा नहीं है दुनिया में, मुझे बहुत चिंता हो रही है।",SELF_HARM_CONCERN,hi,compound_dialogue,False,caller
SAATHI_01629,"He threatens to slander my character in front of my community, I am urgently asking for intervention.",COERCION_BLACKMAIL,en,compound_dialogue,False,caller
SAATHI_01630,usne bahut buri tarah mara hai chehre par neele nishan hain,PHYSICAL_VIOLENCE_INJURY,hinglish,spelling_variation,False,caller
SAATHI_01631,पहले लगा वो चला गया पर अब खिड़की पर फिर से परछाई दिख रही है,CONTRADICTORY_CHANGING_SITUATION,hi,standard,False,caller
SAATHI_01632,"The landlord threw all my belongings onto the road and locked me out, I am urgently asking for intervention.",NO_SAFE_PLACE_HOMELESSNESS,en,compound_dialogue,False,caller
SAATHI_01633,He said he will kidnap my daughter if I speak up...,THREAT_INTIMIDATION,en,incomplete_hesitant,False,caller
SAATHI_01634,एक अज्ञात आदमी कई दिनों से मेरे कदमों का पीछा कर रहा है,STALKING_FOLLOWING,hi,standard,False,caller
SAATHI_01635,Local authorities refuse to register our complaint due to dominant caste clout,DISCRIMINATION_CASTE_VULNERABILITY,en,standard,False,caller
SAATHI_01636,wo meri location track kar raha hai har jagah aa jata hai,STALKING_FOLLOWING,hinglish,standard,False,caller
SAATHI_01637,तुरंत पुलिस की गाड़ी भेजिए यहां बहुत बड़ा झगड़ा हो रहा है,REQUEST_POLICE_EMERGENCY_HELP,hi,standard,False,caller
SAATHI_01638,सर... मेरे शरीर पर चोट के निशान हैं मुझे बहुत दर्द हो रहा है,PHYSICAL_VIOLENCE_INJURY,hi,conversational,False,caller
SAATHI_01639,electricity bill payment process verify karna tha,NEUTRAL_NO_INDICATOR,hinglish,standard,True,caller
SAATHI_01640,Direct intervention by law enforcement required without delay,REQUEST_POLICE_EMERGENCY_HELP,en,short,False,caller
SAATHI_01641,"The in-laws are torturing me both mentally and physically for money, I am urgently asking for intervention.",DOMESTIC_FAMILY_VIOLENCE,en,compound_dialogue,False,caller
SAATHI_01642,"safe location par hoon currently no immediate danger, please kuch jaldi kijiye.",CURRENT_SAFETY_REASSURANCE,hinglish,compound_dialogue,True,caller
SAATHI_01643,Please listen... He flashed himself and tried to grab me by my clothes,SEXUAL_VIOLENCE_HARASSMENT,en,conversational,False,caller
SAATHI_01644,कृपया ध्यान दें... मैं ब्लेड से अपने हाथ पर कट लगाने जा रही थी,SELF_HARM_CONCERN,hi,spelling_variation,False,caller
SAATHI_01645,roz threatening messages bhej raha hai call pe,THREAT_INTIMIDATION,hinglish,standard,False,caller
SAATHI_01646,Completely displaced and roofless on the highway,NO_SAFE_PLACE_HOMELESSNESS,en,spelling_variation,False,caller
SAATHI_01647,He kicked me repeatedly in the ribs while I was on the floor...,PHYSICAL_VIOLENCE_INJURY,en,incomplete_hesitant,False,caller
SAATHI_01648,कृपया ध्यान दें... मेरे बच्चे बहुत रो रहे हैं भूख से बिलख रहे हैं,CHILD_ELDERLY_DISABILITY_VULNERABILITY,hi,spelling_variation,False,caller
SAATHI_01649,"I am shaking with extreme fear and having a panic attack, I am urgently asking for intervention.",FEAR_DISTRESS_PANIC,en,compound_dialogue,False,caller
SAATHI_01650,कृपया ध्यान दें... उसने मेरा कॉलर पकड़ लिया है प्लीज बचाओ,IMMEDIATE_PHYSICAL_DANGER,hi,spelling_variation,False,caller
SAATHI_01651,profuse bleeding after violent assault patient collapsing,MEDICAL_EMERGENCY,hinglish,standard,False,caller
SAATHI_01652,"police protection needed right away please dispatch, please kuch jaldi kijiye.",REQUEST_POLICE_EMERGENCY_HELP,hinglish,compound_dialogue,False,caller
SAATHI_01653,"I am completely homeless, wandering in an unfamiliar area in the dark please...",NO_SAFE_PLACE_HOMELESSNESS,en,incomplete_hesitant,False,caller
SAATHI_01654,not sure whether he was following me or just passing by,UNCERTAINTY_UNCLEAR_INFO,hinglish,short,False,caller
SAATHI_01655,Small toddlers crying hysterically while attackers bang on the gate,CHILD_ELDERLY_DISABILITY_VULNERABILITY,en,standard,False,caller
SAATHI_01656,family relatives pahunch gaye hain fully safe now,CURRENT_SAFETY_REASSURANCE,hinglish,standard,True,caller
SAATHI_01657,Hello... He flashed himself and tried to grab me by my clothes,SEXUAL_VIOLENCE_HARASSMENT,en,conversational,False,caller
SAATHI_01658,"He flashed himself and tried to grab me by my clothes, I am urgently asking for intervention.",SEXUAL_VIOLENCE_HARASSMENT,en,compound_dialogue,False,caller
SAATHI_01659,कमरे में बंद हूं और मेरे पास बात करने का कोई साधन नहीं है suno na...,ISOLATION_NO_SUPPORT,hi,incomplete_hesitant,False,caller
SAATHI_01660,I was thrown out of the house in the middle of the night with nowhere to go suno na...,NO_SAFE_PLACE_HOMELESSNESS,en,incomplete_hesitant,False,caller
SAATHI_01661,high fever convulsions seizures aa rahe hain medical help needed,MEDICAL_EMERGENCY,hinglish,short,False,caller
SAATHI_01662,Requesting legal advisor consultation regarding divorce petition suno na...,REQUEST_COUNSELLING_LEGAL_MEDICAL,en,incomplete_hesitant,False,caller
SAATHI_01663,The neighborhood mob is pelting stones and blocking our gate,SOCIAL_COMMUNITY_PRESSURE,en,standard,False,caller
SAATHI_01664,"coercing me into signing property papers under duress, please kuch jaldi kijiye.",COERCION_BLACKMAIL,hinglish,compound_dialogue,False,caller
SAATHI_01665,sir... building ke gate par khada rehta hai hours tak stalker,STALKING_FOLLOWING,hinglish,conversational,False,caller
SAATHI_01666,urgent patrol car send karein to my address right now,REQUEST_POLICE_EMERGENCY_HELP,hinglish,standard,False,caller
SAATHI_01667,"The entire locality has turned hostile and threatens collective violence, I am urgently asking for intervention.",SOCIAL_COMMUNITY_PRESSURE,en,compound_dialogue,False,caller
SAATHI_01668,Hello... Alert 112 control room and deploy the nearest response unit,REQUEST_POLICE_EMERGENCY_HELP,en,conversational,False,caller
SAATHI_01669,Community elders are forcing us under threat of violence to leave town,SOCIAL_COMMUNITY_PRESSURE,en,spelling_variation,False,caller
SAATHI_01670,"roz call karke dhamki deta hai bahar nikal, please kuch jaldi kijiye.",THREAT_INTIMIDATION,hinglish,compound_dialogue,False,caller
SAATHI_01671,Attacked and beaten for entering a place of worship due to my Dalit identity...,DISCRIMINATION_CASTE_VULNERABILITY,en,incomplete_hesitant,False,caller
SAATHI_01672,"coercing me into signing property papers under duress, please kuch jaldi kijiye.",COERCION_BLACKMAIL,hinglish,compound_dialogue,False,caller
SAATHI_01673,blade se hath kaatne ka soch rahi hoon,SELF_HARM_CONCERN,hinglish,short,False,caller
SAATHI_01674,akeli band hoon ghar mein koi dekhne wala nahi,ISOLATION_NO_SUPPORT,hinglish,incomplete_hesitant,False,caller
SAATHI_01675,पति ने मुझे पीटकर छत पर खुले में रात भर ठंड में छोड़ दिया,DOMESTIC_FAMILY_VIOLENCE,hi,conversational,False,caller
SAATHI_01676,मेरी बात सुनिए... ब्लैकमेल कर रहा है कि तेरे परिवार को सब बता दूंगा,COERCION_BLACKMAIL,hi,conversational,False,caller
SAATHI_01677,"disability ki wajah se main physically resist nahi kar pa raha, please kuch jaldi kijiye.",CHILD_ELDERLY_DISABILITY_VULNERABILITY,hinglish,compound_dialogue,False,caller
SAATHI_01678,Hello... I have visible contusions and open wounds from physical battering,PHYSICAL_VIOLENCE_INJURY,en,conversational,False,caller
SAATHI_01679,thana police ko forward karein emergency response chahiye jaldi...,REQUEST_POLICE_EMERGENCY_HELP,hinglish,incomplete_hesitant,False,caller
SAATHI_01680,pehle he said police bulaega then khud bhaagne laga,CONTRADICTORY_CHANGING_SITUATION,hinglish,standard,False,caller
SAATHI_01681,hathiyar leke khada hai bahar please jaldi gaadi bhejo pata nahi...,IMMEDIATE_PHYSICAL_DANGER,hinglish,incomplete_hesitant,False,caller
SAATHI_01682,मुझे खुद को खत्म करने के विचार आ रहे हैं लगातार,SELF_HARM_CONCERN,hi,standard,False,caller
SAATHI_01683,"Please send armed police units right away, situation is violent",REQUEST_POLICE_EMERGENCY_HELP,en,short,False,caller
SAATHI_01684,"वो फर्श पर गिर पड़े हैं नब्ज बहुत कमजोर चल रही है, मुझे बहुत चिंता हो रही है।",MEDICAL_EMERGENCY,hi,compound_dialogue,False,caller
SAATHI_01685,I am stranded on the street pavement with no safe shelter tonight,NO_SAFE_PLACE_HOMELESSNESS,en,short,False,caller
SAATHI_01686,मेरी बात सुनिए... घरेलू हिंसा का शिकार हूं ससुराल में रोज यातनाएं मिलती हैं,DOMESTIC_FAMILY_VIOLENCE,hi,conversational,False,caller
SAATHI_01687,Special needs child is panicking,CHILD_ELDERLY_DISABILITY_VULNERABILITY,en,short,False,caller
SAATHI_01688,saans nahi aa rahi heavy bleeding ho rahi hai send ambulance,MEDICAL_EMERGENCY,hinglish,standard,False,caller
SAATHI_01689,"There is no one in my corner, I am totally alone in this struggle",ISOLATION_NO_SUPPORT,en,spelling_variation,False,caller
SAATHI_01690,"पारिवारिक कलह और हिंसा से मेरी जान आफत में आ गई है, मुझे बहुत चिंता हो रही है।",DOMESTIC_FAMILY_VIOLENCE,hi,compound_dialogue,False,caller
SAATHI_01691,मैडम... इस दर्द से अच्छा है कि मैं मर जाऊं हमेशा के लिए,SELF_HARM_CONCERN,hi,conversational,False,caller
SAATHI_01692,"The physical abuse left severe bleeding lacerations on my body, I am urgently asking for intervention.",PHYSICAL_VIOLENCE_INJURY,en,compound_dialogue,False,caller
SAATHI_01693,डर के मारे दरवाजा नहीं खोल पा रही हूं,FEAR_DISTRESS_PANIC,hi,short,False,caller
SAATHI_01694,"therapist se connect kijiye anxiety aur depression deal karne ke liye, please kuch jaldi kijiye.",REQUEST_COUNSELLING_LEGAL_MEDICAL,hinglish,compound_dialogue,False,caller
SAATHI_01695,सुनिए... मकान मालिक ने ताला लगा दिया मेरा सामान सड़क पर फेंक दिया,NO_SAFE_PLACE_HOMELESSNESS,hi,conversational,False,caller
SAATHI_01696,I have an infant newborn in my arms and we were thrown out onto the street,CHILD_ELDERLY_DISABILITY_VULNERABILITY,en,incomplete_hesitant,False,caller
SAATHI_01697,प्लीज... वो कह रहा है कि तुझे बर्बाद कर दूंगा कोर्ट मत जाना,THREAT_INTIMIDATION,hi,conversational,False,caller
SAATHI_01698,caste discrimination ki wajah se police FIR darj nahi kar rahi,DISCRIMINATION_CASTE_VULNERABILITY,hinglish,standard,False,caller
SAATHI_01699,"knocking stop hui thi laga relief hai but ab rod leke aaya, please kuch jaldi kijiye.",CONTRADICTORY_CHANGING_SITUATION,hinglish,compound_dialogue,False,caller
SAATHI_01700,psychological guidance and rehabilitation support chahiye,REQUEST_COUNSELLING_LEGAL_MEDICAL,hinglish,standard,False,caller
SAATHI_01701,mlc medical legal examination ka process kya hota hai,REQUEST_COUNSELLING_LEGAL_MEDICAL,hinglish,spelling_variation,False,caller
SAATHI_01702,"Dispatch a police patrol car to my location immediately, emergency suno na...",REQUEST_POLICE_EMERGENCY_HELP,en,incomplete_hesitant,False,caller
SAATHI_01703,Severe social stigmatization and mob intimidation in our village...,SOCIAL_COMMUNITY_PRESSURE,en,incomplete_hesitant,False,caller
SAATHI_01704,वो गंदी-गंदी बातें बोलकर मुझे छूने की कोशिश करता है,SEXUAL_VIOLENCE_HARASSMENT,hi,standard,False,caller
SAATHI_01705,"He threatened to destroy me, then broke down crying asking for mercy",CONTRADICTORY_CHANGING_SITUATION,en,standard,False,caller
SAATHI_01706,मेरी बात सुनिए... कृपया वायरलेस पर मैसेज दीजिए नजदीकी चीता मोबाइल भेजिए,REQUEST_POLICE_EMERGENCY_HELP,hi,conversational,False,caller
SAATHI_01707,अरे... उसने मेरी मर्जी के बिना मुझे गलत तरीके से टच किया,SEXUAL_VIOLENCE_HARASSMENT,hi,conversational,False,caller
SAATHI_01708,he broke the window glass and trying to enter inside aur fir...,IMMEDIATE_PHYSICAL_DANGER,hinglish,incomplete_hesitant,False,caller
SAATHI_01709,अरे... हमारे कॉलेज में कराटे और आत्मरक्षा का खेल प्रशिक्षण चल रहा था,NEUTRAL_NO_INDICATOR,hi,conversational,True,caller
SAATHI_01710,"Massive laceration, pressure bandage soaked in blood, patient fainting",MEDICAL_EMERGENCY,en,spelling_variation,False,caller
SAATHI_01711,कम्युनिटी के लोग मिलकर दबाव बना रहे हैं कि हम चुप रहें,SOCIAL_COMMUNITY_PRESSURE,hi,standard,False,caller
SAATHI_01712,सर... लीगल एडवाइजर से बात करवा दीजिए प्लीज,REQUEST_COUNSELLING_LEGAL_MEDICAL,hi,conversational,False,caller
SAATHI_01713,भ्रमित महसूस कर रही हूं पक्की जानकारी नहीं दे पाऊंगी aur fir...,UNCERTAINTY_UNCLEAR_INFO,hi,incomplete_hesitant,False,caller
SAATHI_01714,matter resolve ho gaya hai violence stop ho gaya,CURRENT_SAFETY_REASSURANCE,hinglish,short,True,caller
SAATHI_01715,मेरा इस शहर में कोई नहीं है बिल्कुल अकेली हूं कोई रिश्तेदार नहीं,ISOLATION_NO_SUPPORT,hi,standard,False,caller
SAATHI_01716,रो-रो कर बुरा हाल है बहुत डर है दिल में,FEAR_DISTRESS_PANIC,hi,short,False,caller
SAATHI_01717,कृपया ध्यान दें... पुलिस भेजो जल्दी नहीं तो वो मार देगा,REQUEST_POLICE_EMERGENCY_HELP,hi,spelling_variation,False,caller
SAATHI_01718,kehta hai tera jeena haram kar dunga,THREAT_INTIMIDATION,hinglish,standard,False,caller
SAATHI_01719,"Completely abandoned by relatives, facing this ordeal entirely alone",ISOLATION_NO_SUPPORT,en,short,False,caller
SAATHI_01720,profuse bleeding after violent assault patient collapsing jaldi...,MEDICAL_EMERGENCY,hinglish,incomplete_hesitant,False,caller
SAATHI_01721,सर... उसने मेरे बाल पकड़कर दीवार पर सिर दे मारा,PHYSICAL_VIOLENCE_INJURY,hi,conversational,False,caller
SAATHI_01722,पुलिस भेजो जल्दी नहीं तो वो मार देगा,REQUEST_POLICE_EMERGENCY_HELP,hi,short,False,caller
SAATHI_01723,मोहल्ले के लोग हमारे घर पर पत्थर फेंक रहे हैं और बाहर निकलने नहीं दे रहे,SOCIAL_COMMUNITY_PRESSURE,hi,standard,False,caller
SAATHI_01724,There is a wedding celebration in our community hall with loud drums pata nahi...,NEUTRAL_NO_INDICATOR,en,incomplete_hesitant,True,caller
SAATHI_01725,"पूरी दुनिया से कट गई हूं बिल्कुल तन्हाई और लाचारी है, मुझे बहुत चिंता हो रही है।",ISOLATION_NO_SUPPORT,hi,compound_dialogue,False,caller
SAATHI_01726,Hello... Severe domestic battery occurring inside the matrimonial home,DOMESTIC_FAMILY_VIOLENCE,en,conversational,False,caller
SAATHI_01727,"Hello... No prominent landmarks around here, just an unfamiliar alley",UNCERTAINTY_UNCLEAR_INFO,en,conversational,False,caller
SAATHI_01728,"I have nobody in this city, no relatives, completely isolated",ISOLATION_NO_SUPPORT,en,standard,False,caller
SAATHI_01729,"Operator speaking: ERSS helpline, how may I assist your inquiry today?, I am urgently asking for intervention.",NEUTRAL_NO_INDICATOR,en,compound_dialogue,True,caller
SAATHI_01730,Send police officers with sirens immediately to disperse the attackers,REQUEST_POLICE_EMERGENCY_HELP,en,conversational,False,caller
SAATHI_01731,Officer... He is actively stalking me in person and recording videos of me,STALKING_FOLLOWING,en,conversational,False,caller
SAATHI_01732,mohalle mein wedding reception chal raha hai music baj raha hai,NEUTRAL_NO_INDICATOR,hinglish,standard,True,caller
SAATHI_01733,Local authorities refuse to register our complaint due to dominant caste clout jaldi...,DISCRIMINATION_CASTE_VULNERABILITY,en,incomplete_hesitant,False,caller
SAATHI_01734,कृपया ध्यान दें... सामूहिक दबाव डालकर हमें अपनी जमीन छोड़ने पर मजबूर किया जा रहा है,SOCIAL_COMMUNITY_PRESSURE,hi,spelling_variation,False,caller
SAATHI_01735,कृपया ध्यान दें... वो मेरी प्राइवेट फोटो वायरल करने की धमकी देकर ब्लैकमेल कर रहा है,COERCION_BLACKMAIL,hi,spelling_variation,False,caller
SAATHI_01736,"जातिसूचक गालियां देकर मुझे सार्वजनिक नल से पानी नहीं भरने दिया, मुझे बहुत चिंता हो रही है।",DISCRIMINATION_CASTE_VULNERABILITY,hi,compound_dialogue,False,caller
SAATHI_01737,तुरंत गश्त वाली गाड़ी को हमारे एड्रेस पर भेजिए,REQUEST_POLICE_EMERGENCY_HELP,hi,standard,False,caller
SAATHI_01738,"The person's face was concealed, I cannot verify their identity",UNCERTAINTY_UNCLEAR_INFO,en,spelling_variation,False,caller
SAATHI_01739,arre... chaku se cut lagaya hai deep wound hai bleeding ho rahi,PHYSICAL_VIOLENCE_INJURY,hinglish,conversational,False,caller
SAATHI_01740,"मेरे साथ छेड़छाड़ हुई है रास्ते में घेर लिया था, मुझे बहुत चिंता हो रही है।",SEXUAL_VIOLENCE_HARASSMENT,hi,compound_dialogue,False,caller
SAATHI_01741,bilkul shiver kar rahi hoon darr lag raha hai,FEAR_DISTRESS_PANIC,hinglish,conversational,False,caller
SAATHI_01742,एक्सीडेंट हुआ है पैर टूट गया है हड्डी बाहर निकल आई है,MEDICAL_EMERGENCY,hi,conversational,False,caller
SAATHI_01743,I was looking at the ceiling fan and thinking about hanging myself,SELF_HARM_CONCERN,en,conversational,False,caller
SAATHI_01744,listen... padosi bhi darte hain koi help karne nahi aata bilkul isolated,ISOLATION_NO_SUPPORT,hinglish,conversational,False,caller
SAATHI_01745,कृपया ध्यान दें... मैं पंखे से फंदा लगाने की सोच रही थी,SELF_HARM_CONCERN,hi,spelling_variation,False,caller
SAATHI_01746,wo mere padosiyon se pooch raha tha mere baare mein stalker,STALKING_FOLLOWING,hinglish,short,False,caller
SAATHI_01747,अरे... धमका कर मेरी जमीन अपने नाम करवाने का दबाव डाल रहा है,COERCION_BLACKMAIL,hi,conversational,False,caller
SAATHI_01748,"Destitute and homeless in need of immediate emergency housing support, I am urgently asking for intervention.",NO_SAFE_PLACE_HOMELESSNESS,en,compound_dialogue,False,caller
SAATHI_01749,क्या आपकी संस्था लीगल काउंसलिंग,REQUEST_COUNSELLING_LEGAL_MEDICAL,hi,short,False,caller
SAATHI_01750,mere bina sab khush rahenge main khatam kar rahi hoon sab,SELF_HARM_CONCERN,hinglish,short,False,caller
SAATHI_01751,"Severe crushing chest pain, difficulty breathing, possible heart attack, I am urgently asking for intervention.",MEDICAL_EMERGENCY,en,compound_dialogue,False,caller
SAATHI_01752,"चिंता की कोई बात नहीं है पुलिस ने उसे हिरासत में ले लिया है, मुझे बहुत चिंता हो रही है।",CURRENT_SAFETY_REASSURANCE,hi,compound_dialogue,True,caller
SAATHI_01753,"dharamshala rejected entry now wandering on highway, please kuch jaldi kijiye.",NO_SAFE_PLACE_HOMELESSNESS,hinglish,compound_dialogue,False,caller
SAATHI_01754,please... darr se room ka gate kholne ki himmat nahi ho rahi,FEAR_DISTRESS_PANIC,hinglish,conversational,False,caller
SAATHI_01755,कृपया ध्यान दें... मुझे यकीन नहीं है कि वो मेरा ही पीछा कर रहा था या किसी और का,UNCERTAINTY_UNCLEAR_INFO,hi,spelling_variation,False,caller
SAATHI_01756,"sleeping pills khane ka soch rahi hoon bohot sari, please kuch jaldi kijiye.",SELF_HARM_CONCERN,hinglish,compound_dialogue,False,caller
SAATHI_01757,मेरी बात सुनिए... मुझसे जबरदस्ती पैसे ऐंठ रहा है ब्लैकमेलिंग करके,COERCION_BLACKMAIL,hi,conversational,False,caller
SAATHI_01758,He is cyberstalking my whereabouts and showing up at my destinations,STALKING_FOLLOWING,en,spelling_variation,False,caller
SAATHI_01759,सांस नहीं आ रही बहुत खून बह रहा है तुरंत एम्बुलेंस भेजो jaldi...,MEDICAL_EMERGENCY,hi,incomplete_hesitant,False,caller
SAATHI_01760,I am being followed by a black motorcycle everywhere I travel,STALKING_FOLLOWING,en,standard,False,caller
SAATHI_01761,मैडम... जातिसूचक गालियां देकर मुझे सार्वजनिक नल से पानी नहीं भरने दिया,DISCRIMINATION_CASTE_VULNERABILITY,hi,conversational,False,caller
SAATHI_01762,"Send an emergency team right now, the door lock is giving way suno na...",IMMEDIATE_PHYSICAL_DANGER,en,incomplete_hesitant,False,caller
SAATHI_01763,उसके हाथ में चाकू है और वो अंदर घुसने की कोशिश कर रहा है,IMMEDIATE_PHYSICAL_DANGER,hi,standard,False,caller
SAATHI_01764,कृपया ध्यान दें... ससुराल में मेरा फोन छीन लिया गया है ताकि किसी को ना बता सकूं,DOMESTIC_FAMILY_VIOLENCE,hi,spelling_variation,False,caller
SAATHI_01765,कहा जा रहा है कि अगर पुलिस में गए तो कुल से बेदखल कर देंगे,SOCIAL_COMMUNITY_PRESSURE,hi,standard,False,caller
SAATHI_01766,"He has collapsed on the floor, barely breathing",MEDICAL_EMERGENCY,en,short,False,caller
SAATHI_01767,कृपया ध्यान दें... गहरी चोट लगी है खून रुक नहीं रहा पट्टी भी नहीं है,MEDICAL_EMERGENCY,hi,spelling_variation,False,caller
SAATHI_01768,Please listen... I am facing severe domestic violence and physical assault from my spouse,DOMESTIC_FAMILY_VIOLENCE,en,conversational,False,caller
SAATHI_01769,baal pakad ke deewar pe maara sar khoon nikal raha,PHYSICAL_VIOLENCE_INJURY,hinglish,short,False,caller
SAATHI_01770,उसने पहले धमकी दी फिर रोने लगा और माफी मांगने लगा suno na...,CONTRADICTORY_CHANGING_SITUATION,hi,incomplete_hesitant,False,caller
SAATHI_01771,"मैं अब सेफ रूम में बंद हूं और बाहर कोई नहीं है, मुझे बहुत चिंता हो रही है।",CURRENT_SAFETY_REASSURANCE,hi,compound_dialogue,True,caller
SAATHI_01772,जातिसूचक गालियां देकर मुझे सार्वजनिक नल से पानी नहीं भरने दिया,DISCRIMINATION_CASTE_VULNERABILITY,hi,conversational,False,caller
SAATHI_01773,He warned me that going to court will cost my life,THREAT_INTIMIDATION,en,standard,False,caller
SAATHI_01774,"Evicted without notice, sitting helpless on the roadside",NO_SAFE_PLACE_HOMELESSNESS,en,standard,False,caller
SAATHI_01775,"The dread and terror are overwhelming, I'm crying nonstop please...",FEAR_DISTRESS_PANIC,en,incomplete_hesitant,False,caller
SAATHI_01776,कम्युनिटी के लोग मिलकर दबाव बना रहे हैं कि हम चुप रहें pata nahi...,SOCIAL_COMMUNITY_PRESSURE,hi,incomplete_hesitant,False,caller
SAATHI_01777,"Severe head injury, pupil dilated, no verbal response from patient please...",MEDICAL_EMERGENCY,en,incomplete_hesitant,False,caller
SAATHI_01778,pcr van bhej do meri location par urgent police assistance needed,REQUEST_POLICE_EMERGENCY_HELP,hinglish,spelling_variation,False,caller
SAATHI_01779,"Facing severe casteist bigotry, denial of basic civic amenities,",DISCRIMINATION_CASTE_VULNERABILITY,en,short,False,caller
SAATHI_01780,I need urgent cops protection at my residential address,REQUEST_POLICE_EMERGENCY_HELP,en,spelling_variation,False,caller
SAATHI_01781,bohot confused hoon mind blank ho gaya hai...,UNCERTAINTY_UNCLEAR_INFO,hinglish,incomplete_hesitant,False,caller
SAATHI_01782,He placed a tracking device on my vehicle to stalk my movements please...,STALKING_FOLLOWING,en,incomplete_hesitant,False,caller
SAATHI_01783,इमरजेंसी सायरन बजाते हुए गाड़ी भेजो देरी मत करो,REQUEST_POLICE_EMERGENCY_HELP,hi,standard,False,caller
SAATHI_01784,pichle do hafte se lagatar koi mera peecha kar raha hai,STALKING_FOLLOWING,hinglish,standard,False,caller
SAATHI_01785,"मुझे शक है पर निश्चित तौर पर कुछ नहीं कह सकती, मुझे बहुत चिंता हो रही है।",UNCERTAINTY_UNCLEAR_INFO,hi,compound_dialogue,False,caller
SAATHI_01786,apni jaan lene ka mann kar raha hai sab khatam ho jaye,SELF_HARM_CONCERN,hinglish,spelling_variation,False,caller
SAATHI_01787,"One minute the confrontation de-escalates, the next minute weapons come out",CONTRADICTORY_CHANGING_SITUATION,en,spelling_variation,False,caller
SAATHI_01788,heart patient old grandmother hai unki tabiyat critical hai please...,CHILD_ELDERLY_DISABILITY_VULNERABILITY,hinglish,incomplete_hesitant,False,caller
SAATHI_01789,We are actors rehearsing a dramatic play for an upcoming festival,NEUTRAL_NO_INDICATOR,en,spelling_variation,True,caller
SAATHI_01790,wo meri location track kar raha hai har jagah aa jata hai aur fir...,STALKING_FOLLOWING,hinglish,incomplete_hesitant,False,caller
SAATHI_01791,"दिमाग सुन्न हो गया है पता नहीं क्या बोलूं, मुझे बहुत चिंता हो रही है।",UNCERTAINTY_UNCLEAR_INFO,hi,compound_dialogue,False,caller
SAATHI_01792,sasural mein mental physical torture ho raha hai continuous,DOMESTIC_FAMILY_VIOLENCE,hinglish,spelling_variation,False,caller
SAATHI_01793,"sir par chot aayi hai khoon beh raha hai bohot, please kuch jaldi kijiye.",PHYSICAL_VIOLENCE_INJURY,hinglish,compound_dialogue,False,caller
SAATHI_01794,My husband comes home intoxicated and violently beats me every night,DOMESTIC_FAMILY_VIOLENCE,en,spelling_variation,False,caller
SAATHI_01795,जातिगत भेदभाव की वजह से पुलिस हमारी एफआईआर नहीं लिख रही,DISCRIMINATION_CASTE_VULNERABILITY,hi,standard,False,caller
SAATHI_01796,mlc medical legal examination ka process kya hota hai,REQUEST_COUNSELLING_LEGAL_MEDICAL,hinglish,spelling_variation,False,caller
SAATHI_01797,sir fat gaya hai continuous blood flow unconscious hone laga hai,MEDICAL_EMERGENCY,hinglish,short,False,caller
SAATHI_01798,attacker bhag gaya hai ab koi threat nahi hai yahan,CURRENT_SAFETY_REASSURANCE,hinglish,spelling_variation,True,caller
SAATHI_01799,please koi safe shelter home ya protection home bataiye,NO_SAFE_PLACE_HOMELESSNESS,hinglish,short,False,caller
SAATHI_01800,collective harassment ho rahi hai neighbors dwara,SOCIAL_COMMUNITY_PRESSURE,hinglish,spelling_variation,False,caller
SAATHI_01801,कृपया ध्यान दें... मेरा हाथ मरोड़ कर तोड़ दिया है बहुत तेज दर्द हो रहा है,PHYSICAL_VIOLENCE_INJURY,hi,spelling_variation,False,caller
SAATHI_01802,main khud ko harm karne ki soch rahi hoon please...,SELF_HARM_CONCERN,hinglish,incomplete_hesitant,False,caller
SAATHI_01803,He grabbed my hair and slammed my head against the concrete wall,PHYSICAL_VIOLENCE_INJURY,en,spelling_variation,False,caller
SAATHI_01804,मेरी बच्ची दिव्यांग है व्हीलचेयर पर है हम भाग भी नहीं सकते aur fir...,CHILD_ELDERLY_DISABILITY_VULNERABILITY,hi,incomplete_hesitant,False,caller
SAATHI_01805,blade se hath kaatne ka soch rahi hoon,SELF_HARM_CONCERN,hinglish,spelling_variation,False,caller
SAATHI_01806,मुझे लगता है कि मेरे मरने से ही सबको शांति मिलेगी,SELF_HARM_CONCERN,hi,standard,False,caller
SAATHI_01807,उसके हाथ में चाकू है और वो अंदर घुसने की कोशिश कर रहा है jaldi...,IMMEDIATE_PHYSICAL_DANGER,hi,incomplete_hesitant,False,caller
SAATHI_01808,husband aur saas milke roz dowry ke liye torture karte hain,DOMESTIC_FAMILY_VIOLENCE,hinglish,short,False,caller
SAATHI_01809,kisi ka support nahi hai completely alone in this city,ISOLATION_NO_SUPPORT,hinglish,short,False,caller
SAATHI_01810,मुझे किसी सेफ हाउस या नारी निकेतन में जगह दिलवाइए प्लीज,NO_SAFE_PLACE_HOMELESSNESS,hi,standard,False,caller
SAATHI_01811,कहता है कि अगर मेरी बात नहीं मानी तो तेरी बदनामी कर दूंगा समाज में,COERCION_BLACKMAIL,hi,standard,False,caller
SAATHI_01812,proper address nahi malum bas itna pata hai flyover ke paas,UNCERTAINTY_UNCLEAR_INFO,hinglish,spelling_variation,False,caller
SAATHI_01813,मेरे पास कोई सपोर्ट सिस्टम नहीं है मैं बिल्कुल तन्हा हूं,ISOLATION_NO_SUPPORT,hi,standard,False,caller
SAATHI_01814,Three minor children are trapped inside the room with nowhere to go,CHILD_ELDERLY_DISABILITY_VULNERABILITY,en,spelling_variation,False,caller
SAATHI_01815,मेरे बच्चे बहुत रो रहे हैं भूख से बिलख रहे हैं,CHILD_ELDERLY_DISABILITY_VULNERABILITY,hi,short,False,caller
SAATHI_01816,"अस्पताल में भी जाति पूछकर इलाज में लापरवाही बरती जा रही है, मुझे बहुत चिंता हो रही है।",DISCRIMINATION_CASTE_VULNERABILITY,hi,compound_dialogue,False,caller
SAATHI_01817,"वो गाड़ी लेकर चला गया है अब सब नॉर्मल है, मुझे बहुत चिंता हो रही है।",CURRENT_SAFETY_REASSURANCE,hi,compound_dialogue,True,caller
SAATHI_01818,personal data misuse karne ki threat deke harass kar raha,COERCION_BLACKMAIL,hinglish,standard,False,caller
SAATHI_01819,प्लीज 112 को अलर्ट करिए मुझे तुरंत पुलिस सुरक्षा चाहिए...,REQUEST_POLICE_EMERGENCY_HELP,hi,incomplete_hesitant,False,caller
SAATHI_01820,"How can I apply for state legal services authority legal counsel?, I am urgently asking for intervention.",REQUEST_COUNSELLING_LEGAL_MEDICAL,en,compound_dialogue,False,caller
SAATHI_01821,left home due to danger but now completely shelterless,NO_SAFE_PLACE_HOMELESSNESS,hinglish,spelling_variation,False,caller
SAATHI_01822,Officer... He shadowed me on the bus and got off at my exact residential stop,STALKING_FOLLOWING,en,conversational,False,caller
SAATHI_01823,Hello... My husband threw boiling water near my feet during an argument,DOMESTIC_FAMILY_VIOLENCE,en,conversational,False,caller
SAATHI_01824,अभी इसी वक्त वो घर के अंदर आ गया है प्लीज बचाओ,IMMEDIATE_PHYSICAL_DANGER,hi,conversational,False,caller
SAATHI_01825,My 85-year-old bedridden mother is with me,CHILD_ELDERLY_DISABILITY_VULNERABILITY,en,short,False,caller
SAATHI_01826,सुनिए... थाना प्रभारी को बोलिए मौके पर पुलिस बल रवाना करें,REQUEST_POLICE_EMERGENCY_HELP,hi,conversational,False,caller
SAATHI_01827,He interrogates my neighbors about my schedule and follows me silently please...,STALKING_FOLLOWING,en,incomplete_hesitant,False,caller
SAATHI_01828,i am feeling safe now danger has passed,CURRENT_SAFETY_REASSURANCE,hinglish,short,True,caller
SAATHI_01829,मुझसे जबरन खाली स्टांप पेपर पर दस्तखत करवाए जा रहे हैं aur fir...,COERCION_BLACKMAIL,hi,incomplete_hesitant,False,caller
SAATHI_01830,He pushed me down the flight of stairs causing serious injuries,PHYSICAL_VIOLENCE_INJURY,en,spelling_variation,False,caller
SAATHI_01831,I am being followed by a black motorcycle everywhere I travel jaldi...,STALKING_FOLLOWING,en,incomplete_hesitant,False,caller
SAATHI_01832,मुझे यकीन नहीं है कि वो मेरा ही पीछा कर रहा था या किसी,UNCERTAINTY_UNCLEAR_INFO,hi,short,False,caller
SAATHI_01833,"वो अनजान नंबरों से दिन में पचास बार कॉल और मैसेज करता है, मुझे बहुत चिंता हो रही है।",STALKING_FOLLOWING,hi,compound_dialogue,False,caller
SAATHI_01834,कृपया ध्यान दें... मैं सहम गई हूं... बिल्कुल हिम्मत नहीं हो रही,FEAR_DISTRESS_PANIC,hi,spelling_variation,False,caller
SAATHI_01835,अरे... वो गाड़ी लेकर चला गया है अब सब नॉर्मल है,CURRENT_SAFETY_REASSURANCE,hi,conversational,True,caller
SAATHI_01836,"Suffering severe poisoning symptoms, rapid medical dispatch required...",MEDICAL_EMERGENCY,en,incomplete_hesitant,False,caller
SAATHI_01837,just calling to inquire about helpline operational timings,NEUTRAL_NO_INDICATOR,hinglish,standard,True,caller
SAATHI_01838,doctor se medical checkup ke liye routine assistance chahiye suno na...,REQUEST_COUNSELLING_LEGAL_MEDICAL,hinglish,incomplete_hesitant,False,caller
SAATHI_01839,"The house was quiet for an hour, but sudden chaotic shouting just erupted, I am urgently asking for intervention.",CONTRADICTORY_CHANGING_SITUATION,en,compound_dialogue,False,caller
SAATHI_01840,Ma'am... I was targeted with casteist slurs and assaulted at the public well,DISCRIMINATION_CASTE_VULNERABILITY,en,conversational,False,caller
SAATHI_01841,"wo car leke nikal gaya hai mohalla shant hai, please kuch jaldi kijiye.",CURRENT_SAFETY_REASSURANCE,hinglish,compound_dialogue,True,caller
SAATHI_01842,listen... room mein lock karke chala gaya hai bahar se taala hai,ISOLATION_NO_SUPPORT,hinglish,conversational,False,caller
SAATHI_01843,पूरी बिरादरी ने हमारे खिलाफ मोर्चा खोल रखा है,SOCIAL_COMMUNITY_PRESSURE,hi,short,False,caller
SAATHI_01844,sasural mein mental physical torture ho raha hai continuous,DOMESTIC_FAMILY_VIOLENCE,hinglish,short,False,caller
SAATHI_01845,not sure whether he was following me or just passing by,UNCERTAINTY_UNCLEAR_INFO,hinglish,spelling_variation,False,caller
SAATHI_01846,"दरवाजा ज्यादा देर नहीं टिकेगा वो तोड़ देगा, मुझे बहुत चिंता हो रही है।",IMMEDIATE_PHYSICAL_DANGER,hi,compound_dialogue,False,caller
SAATHI_01847,no roof over head kahan jaaun for night shelter,NO_SAFE_PLACE_HOMELESSNESS,hinglish,standard,False,caller
SAATHI_01848,He groped me inappropriately against my explicit consent,SEXUAL_VIOLENCE_HARASSMENT,en,spelling_variation,False,caller
SAATHI_01849,"right now wo mere samne khada hai chaku leke, please kuch jaldi kijiye.",IMMEDIATE_PHYSICAL_DANGER,hinglish,compound_dialogue,False,caller
SAATHI_01850,Please listen... He attempted forced sexual penetration while I was helpless,SEXUAL_VIOLENCE_HARASSMENT,en,conversational,False,caller
SAATHI_01851,उसने मारपीट करके मुझे कमरे में बंद कर दिया था suno na...,PHYSICAL_VIOLENCE_INJURY,hi,incomplete_hesitant,False,caller
SAATHI_01852,fir process ki step-by-step legal guidance chahiye,REQUEST_COUNSELLING_LEGAL_MEDICAL,hinglish,short,False,caller
SAATHI_01853,"Extreme mood swings, swinging from calm rational words to intense rage please...",CONTRADICTORY_CHANGING_SITUATION,en,incomplete_hesitant,False,caller
SAATHI_01854,प्लीज... वो दरवाजे के बाहर खड़ा है और गेट तोड़ने की कोशिश कर रहा है,IMMEDIATE_PHYSICAL_DANGER,hi,conversational,False,caller
SAATHI_01855,इतना खौफ है कि बोल भी नहीं पा रही please...,FEAR_DISTRESS_PANIC,hi,incomplete_hesitant,False,caller
SAATHI_01856,मेंटल हेल्थ के लिए किसी मनोवैज्ञानिक से परामर्श लेना चाहती हूं,REQUEST_COUNSELLING_LEGAL_MEDICAL,hi,short,False,caller
SAATHI_01857,"He stopped kicking the door, only to return with a heavy wooden club",CONTRADICTORY_CHANGING_SITUATION,en,conversational,False,caller
SAATHI_01858,"The person's face was concealed, I cannot verify their identity",UNCERTAINTY_UNCLEAR_INFO,en,short,False,caller
SAATHI_01859,ab jeene ka bilkul man nahi kar raha i want to end it all aur fir...,SELF_HARM_CONCERN,hinglish,incomplete_hesitant,False,caller
SAATHI_01860,Extortionist behavior threatening public exposure of private conversations please...,COERCION_BLACKMAIL,en,incomplete_hesitant,False,caller
SAATHI_01861,Grievous open fracture with heavy arterial bleeding at the scene,MEDICAL_EMERGENCY,en,spelling_variation,False,caller
SAATHI_01862,कृपया ध्यान दें... गहरी चोट लगी है खून रुक नहीं रहा पट्टी भी नहीं है,MEDICAL_EMERGENCY,hi,spelling_variation,False,caller
SAATHI_01863,"Extreme mood swings, swinging from calm rational words to intense rage",CONTRADICTORY_CHANGING_SITUATION,en,standard,False,caller
SAATHI_01864,"हमें शादी में घोड़ी पर चढ़ने से रोका और बारातियों को पीटा, मुझे बहुत चिंता हो रही है।",DISCRIMINATION_CASTE_VULNERABILITY,hi,compound_dialogue,False,caller
SAATHI_01865,Urgent police intervention needed to apprehend the armed trespasser,REQUEST_POLICE_EMERGENCY_HELP,en,standard,False,caller
SAATHI_01866,प्लीज... चारदीवारी में कैद कर दिया है किसी से मिलने नहीं देते,ISOLATION_NO_SUPPORT,hi,conversational,False,caller
SAATHI_01867,"Nowhere safe to go, sitting on a bench in the cold with my bags",NO_SAFE_PLACE_HOMELESSNESS,en,short,False,caller
SAATHI_01868,Ma'am... Send patrol officers right now to secure the premises,REQUEST_POLICE_EMERGENCY_HELP,en,conversational,False,caller
SAATHI_01869,There is a wedding celebration in our community hall with loud drums please...,NEUTRAL_NO_INDICATOR,en,incomplete_hesitant,True,caller
SAATHI_01870,I need non-emergency mental health counseling resources,REQUEST_COUNSELLING_LEGAL_MEDICAL,en,spelling_variation,False,caller
SAATHI_01871,I have suffered years of domestic cruelty and cannot endure it anymore,DOMESTIC_FAMILY_VIOLENCE,en,spelling_variation,False,caller
SAATHI_01872,"मैं अब सेफ रूम में बंद हूं और बाहर कोई नहीं है, मुझे बहुत चिंता हो रही है।",CURRENT_SAFETY_REASSURANCE,hi,compound_dialogue,True,caller
SAATHI_01873,कृपया ध्यान दें... समय का अंदाजा नहीं है शायद एक घंटा पहले या दो घंटे पहले,UNCERTAINTY_UNCLEAR_INFO,hi,spelling_variation,False,caller
SAATHI_01874,खतरा टल गया है पुलिस आ चुकी है सब शांत है,CURRENT_SAFETY_REASSURANCE,hi,standard,True,caller
SAATHI_01875,I need non-emergency mental health counseling resources,REQUEST_COUNSELLING_LEGAL_MEDICAL,en,spelling_variation,False,caller
SAATHI_01876,"लगातार निगरानी रखी जा रही है मुझ पर, पीछा नहीं छोड़ रहा...",STALKING_FOLLOWING,hi,incomplete_hesitant,False,caller
SAATHI_01877,I noticed the same man following on foot whenever I walk my dog jaldi...,STALKING_FOLLOWING,en,incomplete_hesitant,False,caller
SAATHI_01878,The neighborhood council ordered us to pay a punitive community fine,SOCIAL_COMMUNITY_PRESSURE,en,short,False,caller
SAATHI_01879,community elders pressurize kar rahe hain case wapas lene ke liye,SOCIAL_COMMUNITY_PRESSURE,hinglish,standard,False,caller
SAATHI_01880,room mein lock karke chala gaya hai bahar se taala hai,ISOLATION_NO_SUPPORT,hinglish,conversational,False,caller
SAATHI_01881,मैं अपनी जान देने की सोच रही हूं कोई रास्ता नहीं बचा,SELF_HARM_CONCERN,hi,short,False,caller
SAATHI_01882,Ma'am... Unstable dynamic with fluctuating danger levels every few moments,CONTRADICTORY_CHANGING_SITUATION,en,conversational,False,caller
SAATHI_01883,"just testing whether this emergency number is working or not, please kuch jaldi kijiye.",NEUTRAL_NO_INDICATOR,hinglish,compound_dialogue,True,caller
SAATHI_01884,सुनिए... धमकी भरे मैसेज भेज रहा है रोज,THREAT_INTIMIDATION,hi,conversational,False,caller
SAATHI_01885,listen... isolation itna hai ki depression mein chali gayi hoon akelapan se,ISOLATION_NO_SUPPORT,hinglish,conversational,False,caller
SAATHI_01886,Hello... He is using compromising screenshots to extort compliance from me,COERCION_BLACKMAIL,en,conversational,False,caller
SAATHI_01887,mujhe lawyer se legal advice chahiye court case ke liye,REQUEST_COUNSELLING_LEGAL_MEDICAL,hinglish,spelling_variation,False,caller
SAATHI_01888,"i am doubtful confirm nahi bata sakti, please kuch jaldi kijiye.",UNCERTAINTY_UNCLEAR_INFO,hinglish,compound_dialogue,False,caller
SAATHI_01889,कृपया ध्यान दें... हमलावर भाग गया है अब यहां कोई खतरा नहीं है,CURRENT_SAFETY_REASSURANCE,hi,spelling_variation,True,caller
SAATHI_01890,सांस नहीं आ रही बहुत खून बह रहा है तुरंत एम्बुलेंस भेजो suno na...,MEDICAL_EMERGENCY,hi,incomplete_hesitant,False,caller
SAATHI_01891,हम तो बस दोस्तों के साथ मजाक कर रहे थे कोई लड़ाई नहीं थी pata nahi...,NEUTRAL_NO_INDICATOR,hi,incomplete_hesitant,True,caller
SAATHI_01892,कल की खबर में देखा था कि पुलिस ने अपराधियों को पकड़ लिया,NEUTRAL_NO_INDICATOR,hi,conversational,True,caller
SAATHI_01893,meri will ke against physically violate karne ki koshish ki,SEXUAL_VIOLENCE_HARASSMENT,hinglish,short,False,caller
SAATHI_01894,divorce and child custody ke legal aspects samajhne hain,REQUEST_COUNSELLING_LEGAL_MEDICAL,hinglish,standard,False,caller
SAATHI_01895,The crisis keeps evolving unpredictably with shifting intentions,CONTRADICTORY_CHANGING_SITUATION,en,standard,False,caller
SAATHI_01896,"चिंता की कोई बात नहीं है पुलिस ने उसे हिरासत में ले लिया है, मुझे बहुत चिंता हो रही है।",CURRENT_SAFETY_REASSURANCE,hi,compound_dialogue,True,caller
SAATHI_01897,galat tarike se touch kiya jabardasti chedchad ki,SEXUAL_VIOLENCE_HARASSMENT,hinglish,spelling_variation,False,caller
SAATHI_01898,dhamki bhara letter phenka hai mere ghar mein,THREAT_INTIMIDATION,hinglish,short,False,caller
SAATHI_01899,"Barred from using public village roads solely due to our social caste, I am urgently asking for intervention.",DISCRIMINATION_CASTE_VULNERABILITY,en,compound_dialogue,False,caller
SAATHI_01900,"Call the police PCR van right now, we are under active siege pata nahi...",REQUEST_POLICE_EMERGENCY_HELP,en,incomplete_hesitant,False,caller
SAATHI_01901,"belt se mara hai usne puri back par red marks hain, please kuch jaldi kijiye.",PHYSICAL_VIOLENCE_INJURY,hinglish,compound_dialogue,False,caller
SAATHI_01902,"वो अनजान नंबरों से दिन में पचास बार कॉल और मैसेज करता है, मुझे बहुत चिंता हो रही है।",STALKING_FOLLOWING,hi,compound_dialogue,False,caller
SAATHI_01903,He threatnd to distribute forged defamatory pictures to my employers,COERCION_BLACKMAIL,en,spelling_variation,False,caller
SAATHI_01904,"Please send armed cops units right away, situation is violent",REQUEST_POLICE_EMERGENCY_HELP,en,spelling_variation,False,caller
SAATHI_01905,sir... unwanted surveillance aur following chal rahi hai mere against,STALKING_FOLLOWING,hinglish,conversational,False,caller
SAATHI_01906,My in-laws starve me and lock me in a room without food or water,DOMESTIC_FAMILY_VIOLENCE,en,standard,False,caller
SAATHI_01907,मनोचिकित्सक से संपर्क करने का तरीका बताइए,REQUEST_COUNSELLING_LEGAL_MEDICAL,hi,standard,False,caller
SAATHI_01908,"The situation has de-escalated, he left the premises",CURRENT_SAFETY_REASSURANCE,en,short,True,caller
SAATHI_01909,wireless message pass kijiye nearby police beat officer ko please...,REQUEST_POLICE_EMERGENCY_HELP,hinglish,incomplete_hesitant,False,caller
SAATHI_01910,प्लीज... पड़ोसी भी बात नहीं करते पूरी तरह से कट चुकी हूं समाज से,ISOLATION_NO_SUPPORT,hi,conversational,False,caller
SAATHI_01911,कृपया ध्यान दें... अब स्थिति सामान्य है उसने माफी मांग ली और चला गया,CURRENT_SAFETY_REASSURANCE,hi,spelling_variation,True,caller
SAATHI_01912,जातिगत अत्याचार हो रहा है हमारे मोहल्ले में,DISCRIMINATION_CASTE_VULNERABILITY,hi,standard,False,caller
SAATHI_01913,Enormous collective pressure from the clan to drop the complaint,SOCIAL_COMMUNITY_PRESSURE,en,standard,False,caller
SAATHI_01914,"He severed all my connections with my friends and childhood family, I am urgently asking for intervention.",ISOLATION_NO_SUPPORT,en,compound_dialogue,False,caller
SAATHI_01915,Seeking clinical psychologist consultation for chronic stress jaldi...,REQUEST_COUNSELLING_LEGAL_MEDICAL,en,incomplete_hesitant,False,caller
SAATHI_01916,Direct intervention by law enforcement required without delay,REQUEST_POLICE_EMERGENCY_HELP,en,spelling_variation,False,caller
SAATHI_01917,laath ghoonso se peeta hai usne zameen par gira kar,PHYSICAL_VIOLENCE_INJURY,hinglish,standard,False,caller
SAATHI_01918,blood vomit ho raha hai acute emergency condition,MEDICAL_EMERGENCY,hinglish,incomplete_hesitant,False,caller
SAATHI_01919,Please listen... I am eight months pregnant and suffering complications from stress,CHILD_ELDERLY_DISABILITY_VULNERABILITY,en,conversational,False,caller
SAATHI_01920,He slapped me so violently that my eardrum started ringing and bleeding,PHYSICAL_VIOLENCE_INJURY,en,standard,False,caller
SAATHI_01921,"mujhe bohot darr lag raha hai hath pair kaamp rahe hain, please kuch jaldi kijiye.",FEAR_DISTRESS_PANIC,hinglish,compound_dialogue,False,caller
SAATHI_01922,Help me... He lingers outside my apartment gate for hours watching my window,STALKING_FOLLOWING,en,conversational,False,caller
SAATHI_01923,electricity bill payment process verify karna tha pata nahi...,NEUTRAL_NO_INDICATOR,hinglish,incomplete_hesitant,True,caller
SAATHI_01924,"I am friendless, helpless, and completely secluded from society",ISOLATION_NO_SUPPORT,en,spelling_variation,False,caller
SAATHI_01925,He is holding a knife and trying to force his way in aur fir...,IMMEDIATE_PHYSICAL_DANGER,en,incomplete_hesitant,False,caller
SAATHI_01926,कृपया ध्यान दें... मेंटल हेल्थ के लिए किसी मनोवैज्ञानिक से परामर्श लेना चाहती हूं,REQUEST_COUNSELLING_LEGAL_MEDICAL,hi,spelling_variation,False,caller
SAATHI_01927,"unknown numbers se 50 missed calls aur stalking messages deta hai, please kuch jaldi kijiye.",STALKING_FOLLOWING,hinglish,compound_dialogue,False,caller
SAATHI_01928,marpeet hoti hai roz ghar pe in-laws ke dwara,DOMESTIC_FAMILY_VIOLENCE,hinglish,standard,False,caller
SAATHI_01929,Help me... We have been ostracized and shops are barred from selling us groceries,SOCIAL_COMMUNITY_PRESSURE,en,conversational,False,caller
SAATHI_01930,madam... one moment safe lagta hai next moment danger erupt ho jata,CONTRADICTORY_CHANGING_SITUATION,hinglish,conversational,False,caller
SAATHI_01931,सुनिए... धमका कर मेरी जमीन अपने नाम करवाने का दबाव डाल रहा है,COERCION_BLACKMAIL,hi,conversational,False,caller
SAATHI_01932,मैं केवल हेल्पलाइन के काम करने का समय जानने के लिए फोन कर रहा था,NEUTRAL_NO_INDICATOR,hi,standard,True,caller
SAATHI_01933,dhamkee bhara letter phenka hai mere ghar mein,THREAT_INTIMIDATION,hinglish,spelling_variation,False,caller
SAATHI_01934,no safe place left to stay completely stranded,NO_SAFE_PLACE_HOMELESSNESS,hinglish,spelling_variation,False,caller
SAATHI_01935,"warning de raha hai ki tu pachtayegi bohot, please kuch jaldi kijiye.",THREAT_INTIMIDATION,hinglish,compound_dialogue,False,caller
SAATHI_01936,मैडम... दरवाजा बंद कर लिया है वो जा चुका है अब डर नहीं है,CURRENT_SAFETY_REASSURANCE,hi,conversational,True,caller
SAATHI_01937,"स्थिति हर पांच मिनट में बदल रही है कुछ प्रेडिक्ट नहीं कर पा रहे, मुझे बहुत चिंता हो रही है।",CONTRADICTORY_CHANGING_SITUATION,hi,compound_dialogue,False,caller
SAATHI_01938,shadi ke baad se roz domestic violence jhel rahi hoon,DOMESTIC_FAMILY_VIOLENCE,hinglish,standard,False,caller
SAATHI_01939,fir process ki step-by-step legal guidance chahiye,REQUEST_COUNSELLING_LEGAL_MEDICAL,hinglish,short,False,caller
SAATHI_01940,"Immediate danger, someone is trying to violently enter my premises",IMMEDIATE_PHYSICAL_DANGER,en,short,False,caller
SAATHI_01941,"counsellor se baat karne ka number provide kar sakte hain kya, please kuch jaldi kijiye.",REQUEST_COUNSELLING_LEGAL_MEDICAL,hinglish,compound_dialogue,False,caller
SAATHI_01942,"gaon ki panchayat ne social boycott kar diya hai family ka, please kuch jaldi kijiye.",SOCIAL_COMMUNITY_PRESSURE,hinglish,compound_dialogue,False,caller
SAATHI_01943,belt se mara hai usne puri back par red marks hain,PHYSICAL_VIOLENCE_INJURY,hinglish,conversational,False,caller
SAATHI_01944,Senior citizen couple being harassed,CHILD_ELDERLY_DISABILITY_VULNERABILITY,en,short,False,caller
SAATHI_01945,A man has been stalking,STALKING_FOLLOWING,en,short,False,caller
SAATHI_01946,madam... sir par chot aayi hai khoon beh raha hai bohot,PHYSICAL_VIOLENCE_INJURY,hinglish,conversational,False,caller
SAATHI_01947,"We thought we reached a peaceful agreement, but he restarted the physical abuse",CONTRADICTORY_CHANGING_SITUATION,en,spelling_variation,False,caller
SAATHI_01948,He demanded sexual favors under threat of job termination,SEXUAL_VIOLENCE_HARASSMENT,en,short,False,caller
SAATHI_01949,He cornered me and touched my private areas forcefully aur fir...,SEXUAL_VIOLENCE_HARASSMENT,en,incomplete_hesitant,False,caller
SAATHI_01950,left home due to danger,NO_SAFE_PLACE_HOMELESSNESS,hinglish,short,False,caller
SAATHI_01951,"Please talk to me, I'm shivering in terror jaldi...",FEAR_DISTRESS_PANIC,en,incomplete_hesitant,False,caller
SAATHI_01952,मैं बहुत घबरा गई हूं कुछ समझ नहीं आ रहा jaldi...,FEAR_DISTRESS_PANIC,hi,incomplete_hesitant,False,caller
SAATHI_01953,सुनिए... पति ने मुझे कमरे में बंद करके बाहर से ताला लगा दिया है फोन भी नहीं है,ISOLATION_NO_SUPPORT,hi,conversational,False,caller
SAATHI_01954,Please guide me to an emergency women's shelter or safe house immediately,NO_SAFE_PLACE_HOMELESSNESS,en,short,False,caller
SAATHI_01955,"I require guidance on routine medical checkup and healthcare facilities, I am urgently asking for intervention.",REQUEST_COUNSELLING_LEGAL_MEDICAL,en,compound_dialogue,False,caller
SAATHI_01956,caste slurs use karke village well se door bhaga diya,DISCRIMINATION_CASTE_VULNERABILITY,hinglish,standard,False,caller
SAATHI_01957,"मुझे सरकारी योजनाओं और पेंशन फार्म के बारे में सामान्य जानकारी चाहिए, मुझे बहुत चिंता हो रही है।",NEUTRAL_NO_INDICATOR,hi,compound_dialogue,True,caller
SAATHI_01958,lag raha hai koi tha but i am not completely sure,UNCERTAINTY_UNCLEAR_INFO,hinglish,standard,False,caller
SAATHI_01959,"The caste panchayat passed an illegal diktat against our family, I am urgently asking for intervention.",SOCIAL_COMMUNITY_PRESSURE,en,compound_dialogue,False,caller
SAATHI_01960,suniye... saas taunt karti hai aur bhooka rakhti hai kamre mein,DOMESTIC_FAMILY_VIOLENCE,hinglish,conversational,False,caller
SAATHI_01961,एसएचओ को कनेक्ट कीजिए या तुरंत फोर्स भिजवाइए please...,REQUEST_POLICE_EMERGENCY_HELP,hi,incomplete_hesitant,False,caller
SAATHI_01962,I am a survivor of attempted rape and sexual battery,SEXUAL_VIOLENCE_HARASSMENT,en,spelling_variation,False,caller
SAATHI_01963,मुझे बहुत डर लग रहा है हाथ पैर कांप रहे हैं,FEAR_DISTRESS_PANIC,hi,conversational,False,caller
SAATHI_01964,"मैं जहर खाने जा रही हूं मुझसे और सहन नहीं होता, मुझे बहुत चिंता हो रही है।",SELF_HARM_CONCERN,hi,compound_dialogue,False,caller
SAATHI_01965,Continuous unlawful surveillance and predatory stalking of my routine,STALKING_FOLLOWING,en,spelling_variation,False,caller
SAATHI_01966,laath ghoonso se peeta hai usne zameen par gira kar,PHYSICAL_VIOLENCE_INJURY,hinglish,standard,False,caller
SAATHI_01967,"Please listen... It might have been accidental, I honestly cannot tell",UNCERTAINTY_UNCLEAR_INFO,en,conversational,False,caller
SAATHI_01968,I am stranded on the street pavement with no safe shelter tonight,NO_SAFE_PLACE_HOMELESSNESS,en,spelling_variation,False,caller
SAATHI_01969,"police pcr van has arrived they are standing outside, please kuch jaldi kijiye.",CURRENT_SAFETY_REASSURANCE,hinglish,compound_dialogue,True,caller
SAATHI_01970,He showed a weapon and threatened to shoot me,THREAT_INTIMIDATION,en,standard,False,caller
SAATHI_01971,bus mein peeche se aakar vulgar harassment kiya,SEXUAL_VIOLENCE_HARASSMENT,hinglish,conversational,False,caller
SAATHI_01972,He explicitly threatened to kill me if I report this to the police,THREAT_INTIMIDATION,en,conversational,False,caller
SAATHI_01973,pata nahi kon tha face covered tha identity unknown,UNCERTAINTY_UNCLEAR_INFO,hinglish,short,False,caller
SAATHI_01974,"chest pain bohot severe hai heart attack jaise symptoms, please kuch jaldi kijiye.",MEDICAL_EMERGENCY,hinglish,compound_dialogue,False,caller
SAATHI_01975,matter resolve ho gaya hai violence stop ho gaya,CURRENT_SAFETY_REASSURANCE,hinglish,spelling_variation,True,caller
SAATHI_01976,"Help me... He tried to strangle me with his hands, my throat is bruised and swollen",PHYSICAL_VIOLENCE_INJURY,en,conversational,False,caller
SAATHI_01977,"paise demand kar raha hai varna video upload kar dega, please kuch jaldi kijiye.",COERCION_BLACKMAIL,hinglish,compound_dialogue,False,caller
SAATHI_01978,The situation keeps alternating between tense silence and explosive fury,CONTRADICTORY_CHANGING_SITUATION,en,spelling_variation,False,caller
SAATHI_01979,left home due to danger but now completely shelterless,NO_SAFE_PLACE_HOMELESSNESS,hinglish,spelling_variation,False,caller
SAATHI_01980,"legal expert se call par consultation karwaiye, please kuch jaldi kijiye.",REQUEST_COUNSELLING_LEGAL_MEDICAL,hinglish,compound_dialogue,False,caller
SAATHI_01981,"legal expert se call par consultation karwaiye, please kuch jaldi kijiye.",REQUEST_COUNSELLING_LEGAL_MEDICAL,hinglish,compound_dialogue,False,caller
SAATHI_01982,panic ho raha hai mujhe saans lene mein takleef ho rahi darr se,FEAR_DISTRESS_PANIC,hinglish,short,False,caller
SAATHI_01983,caste slurs use karke village well se door bhaga diya suno na...,DISCRIMINATION_CASTE_VULNERABILITY,hinglish,incomplete_hesitant,False,caller
SAATHI_01984,bola court mein statement diya toh consequences bure honge,THREAT_INTIMIDATION,hinglish,short,False,caller
SAATHI_01985,"roz ghar ke bahar khada rehta hai stalk kar raha hai, please kuch jaldi kijiye.",STALKING_FOLLOWING,hinglish,compound_dialogue,False,caller
SAATHI_01986,मेरा अब जीने का बिल्कुल मन नहीं कर रहा सब खत्म करना चाहती हूं suno na...,SELF_HARM_CONCERN,hi,incomplete_hesitant,False,caller
SAATHI_01987,कृपया ध्यान दें... मेरे पति ने मुझे घर के सभी खर्चे से वंचित कर रखा है,DOMESTIC_FAMILY_VIOLENCE,hi,spelling_variation,False,caller
SAATHI_01988,कृपया ध्यान दें... वो मेरी पर्सनल ऑडियो रिकॉर्डिंग वायरल करने की धमकी दे रहा है,COERCION_BLACKMAIL,hi,spelling_variation,False,caller
SAATHI_01989,kisi ka support nahi hai completely alone in this city,ISOLATION_NO_SUPPORT,hinglish,short,False,caller
SAATHI_01990,workplace par casteist comments pass karke mental torture kar rahe,DISCRIMINATION_CASTE_VULNERABILITY,hinglish,standard,False,caller
SAATHI_01991,"main visually impaired hoon mujhe kuch dikh nahi raha, please kuch jaldi kijiye.",CHILD_ELDERLY_DISABILITY_VULNERABILITY,hinglish,compound_dialogue,False,caller
SAATHI_01992,"There is no one in my corner, I am totally alone in this struggle",ISOLATION_NO_SUPPORT,en,spelling_variation,False,caller
SAATHI_01993,Please listen... My mother-in-law and husband coordinate physical attacks against me,DOMESTIC_FAMILY_VIOLENCE,en,conversational,False,caller
SAATHI_01994,परिस्थिति लगातार बदल रही है कभी शांति कभी तनाव,CONTRADICTORY_CHANGING_SITUATION,hi,standard,False,caller
SAATHI_01995,परिस्थिति लगातार बदल रही है कभी शांति कभी तनाव aur fir...,CONTRADICTORY_CHANGING_SITUATION,hi,incomplete_hesitant,False,caller
SAATHI_01996,"धमकी भरे मैसेज भेज रहा है रोज, मुझे बहुत चिंता हो रही है।",THREAT_INTIMIDATION,hi,compound_dialogue,False,caller
SAATHI_01997,"I have visible contusions and open wounds from physical battering, I am urgently asking for intervention.",PHYSICAL_VIOLENCE_INJURY,en,compound_dialogue,False,caller
SAATHI_01998,गाड़ी से मेरा पीछा किया जा रहा है बार-बार हॉर्न बजाता है,STALKING_FOLLOWING,hi,short,False,caller
SAATHI_01999,He is holding a knife and trying to force his way in,IMMEDIATE_PHYSICAL_DANGER,en,standard,False,caller
SAATHI_02000,please... itna pain hai ki khud ko finish kar lene ka mann kar raha,SELF_HARM_CONCERN,hinglish,conversational,False,caller
SAATHI_02001,pehle laga chala gaya but ab shadow window par fir dikhi,CONTRADICTORY_CHANGING_SITUATION,hinglish,incomplete_hesitant,False,caller
SAATHI_02002,ससुराल में मेरा फोन छीन लिया गया है ताकि किसी को ना बता सकूं,DOMESTIC_FAMILY_VIOLENCE,hi,short,False,caller
SAATHI_02003,कृपया ध्यान दें... पति और सास मिलकर रोज दहेज के लिए प्रताड़ित करते हैं,DOMESTIC_FAMILY_VIOLENCE,hi,spelling_variation,False,caller
SAATHI_02004,he groped me in the elevator and passed vulgar comments pata nahi...,SEXUAL_VIOLENCE_HARASSMENT,hinglish,incomplete_hesitant,False,caller
SAATHI_02005,स्थिति नियंत्रण में है अब कोई झगड़ा नहीं हो रहा,CURRENT_SAFETY_REASSURANCE,hi,short,True,caller
SAATHI_02006,bohot zyada nervous aur terrified feel kar rahi hoon,FEAR_DISTRESS_PANIC,hinglish,short,False,caller
SAATHI_02007,"He explicitly threatened to kill me if I report this to the police, I am urgently asking for intervention.",THREAT_INTIMIDATION,en,compound_dialogue,False,caller
SAATHI_02008,husband kehta hai mayke se paise la varna jaan le lunga,DOMESTIC_FAMILY_VIOLENCE,hinglish,spelling_variation,False,caller
SAATHI_02009,kal hum sab action movie dekhne gaye the theater mein please...,NEUTRAL_NO_INDICATOR,hinglish,incomplete_hesitant,True,caller
SAATHI_02010,हम तो बस दोस्तों के साथ मजाक कर रहे थे कोई लड़ाई नहीं थी jaldi...,NEUTRAL_NO_INDICATOR,hi,incomplete_hesitant,True,caller
SAATHI_02011,"domestic abuse itna zyada hai ki main endure nahi kar sakti, please kuch jaldi kijiye.",DOMESTIC_FAMILY_VIOLENCE,hinglish,compound_dialogue,False,caller
SAATHI_02012,doctor hospital mein old wound ki routine dressing kar rahe hain,NEUTRAL_NO_INDICATOR,hinglish,spelling_variation,True,caller
SAATHI_02013,"मकान मालिक ने ताला लगा दिया मेरा सामान सड़क पर फेंक दिया, मुझे बहुत चिंता हो रही है।",NO_SAFE_PLACE_HOMELESSNESS,hi,compound_dialogue,False,caller
SAATHI_02014,"पारिवारिक कलह और हिंसा से मेरी जान आफत में आ गई है, मुझे बहुत चिंता हो रही है।",DOMESTIC_FAMILY_VIOLENCE,hi,compound_dialogue,False,caller
SAATHI_02015,"He is pouring kerosene at the door right now, please hurry",IMMEDIATE_PHYSICAL_DANGER,en,spelling_variation,False,caller
SAATHI_02016,madam... dynamic fluctuating situation cannot anticipate next move,CONTRADICTORY_CHANGING_SITUATION,hinglish,conversational,False,caller
SAATHI_02017,bachao mujhe wo mere upar hamla karne dauda hai,IMMEDIATE_PHYSICAL_DANGER,hinglish,short,False,caller
SAATHI_02018,suniye... physically assault kiya hai mujhe bohot chotein aayi hain,PHYSICAL_VIOLENCE_INJURY,hinglish,conversational,False,caller
SAATHI_02019,वो मुझे किसी अवैध काम में शामिल होने के लिए ब्लैकमेल कर रहा है,COERCION_BLACKMAIL,hi,short,False,caller
SAATHI_02020,har jagah follow karta hai mujhe safe feel nahi ho raha...,STALKING_FOLLOWING,hinglish,incomplete_hesitant,False,caller
SAATHI_02021,chote bacche rote hue terrace par baithe hain shivering,CHILD_ELDERLY_DISABILITY_VULNERABILITY,hinglish,spelling_variation,False,caller
SAATHI_02022,iron rod se mara hai usne leg par chal nahi pa rahi,PHYSICAL_VIOLENCE_INJURY,hinglish,standard,False,caller
SAATHI_02023,dominant caste ke log basti mein aakar galiyan aur dhamkee dete hain,DISCRIMINATION_CASTE_VULNERABILITY,hinglish,spelling_variation,False,caller
SAATHI_02024,deep wound hai bleeding stop nahi ho rahi no first aid,MEDICAL_EMERGENCY,hinglish,spelling_variation,False,caller
SAATHI_02025,चिंता की कोई बात नहीं है पुलिस ने उसे हिरासत में ले लिया है,CURRENT_SAFETY_REASSURANCE,hi,conversational,True,caller
SAATHI_02026,प्लीज... स्थिति हर पांच मिनट में बदल रही है कुछ प्रेडिक्ट नहीं कर पा रहे,CONTRADICTORY_CHANGING_SITUATION,hi,conversational,False,caller
SAATHI_02027,कृपया ध्यान दें... मुझे बेघर कर दिया गया है मेरे पास एक रुपया भी नहीं है,NO_SAFE_PLACE_HOMELESSNESS,hi,spelling_variation,False,caller
SAATHI_02028,Please guide me to an emergency women's shelter or safe house immediately,NO_SAFE_PLACE_HOMELESSNESS,en,spelling_variation,False,caller
SAATHI_02029,sir... obscene gestures kar raha hai aur dirty baatein bolta hai,SEXUAL_VIOLENCE_HARASSMENT,hinglish,conversational,False,caller
SAATHI_02030,"पड़ोसी भी बात नहीं करते पूरी तरह से कट चुकी हूं समाज से, मुझे बहुत चिंता हो रही है।",ISOLATION_NO_SUPPORT,hi,compound_dialogue,False,caller
SAATHI_02031,Targeted with untouchability practices and public caste humiliation,DISCRIMINATION_CASTE_VULNERABILITY,en,conversational,False,caller
SAATHI_02032,"The situation has de-escalated, he left the premises",CURRENT_SAFETY_REASSURANCE,en,spelling_variation,True,caller
SAATHI_02033,god mein 3 months ka chota baby hai aur road par khadi hoon,CHILD_ELDERLY_DISABILITY_VULNERABILITY,hinglish,standard,False,caller
SAATHI_02034,मुझे लगता है कि मेरे मरने से ही सबको शांति मिलेगी,SELF_HARM_CONCERN,hi,standard,False,caller
SAATHI_02035,roz threatening messages bhej raha hai call pe,THREAT_INTIMIDATION,hinglish,standard,False,caller
SAATHI_02036,मैं बहुत घबरा गई हूं कुछ समझ नहीं आ रहा,FEAR_DISTRESS_PANIC,hi,standard,False,caller
SAATHI_02037,मैं बहुत घबरा गई हूं कुछ समझ नहीं आ रहा,FEAR_DISTRESS_PANIC,hi,standard,False,caller
SAATHI_02038,मैं पंखे से फंदा लगाने की सोच रही थी,SELF_HARM_CONCERN,hi,short,False,caller
SAATHI_02039,We are actors rehearsing a dramatic play for an upcoming festival,NEUTRAL_NO_INDICATOR,en,spelling_variation,True,caller
SAATHI_02040,suicidal thoughts aa rahe hain continue mujhse tolerate nahi ho raha,SELF_HARM_CONCERN,hinglish,conversational,False,caller
SAATHI_02041,"bilkul shiver kar rahi hoon darr lag raha hai, please kuch jaldi kijiye.",FEAR_DISTRESS_PANIC,hinglish,compound_dialogue,False,caller
SAATHI_02042,husband drink karke aata hai aur belt se marta hai,DOMESTIC_FAMILY_VIOLENCE,hinglish,short,False,caller
SAATHI_02043,मेरा अब जीने का बिल्कुल मन नहीं कर रहा सब खत्म करना चाहती हूं,SELF_HARM_CONCERN,hi,incomplete_hesitant,False,caller
SAATHI_02044,He punched me repeatedly in the face and fractured my jaw,PHYSICAL_VIOLENCE_INJURY,en,standard,False,caller
SAATHI_02045,bohot khauf ka mahol hai main kaanp rahi hoon,FEAR_DISTRESS_PANIC,hinglish,standard,False,caller
SAATHI_02046,bike se follow karta hai roz office se aate waqt,STALKING_FOLLOWING,hinglish,spelling_variation,False,caller
SAATHI_02047,suniye... roz ghar ke bahar khada rehta hai stalk kar raha hai,STALKING_FOLLOWING,hinglish,conversational,False,caller
SAATHI_02048,अरे... दिमाग सुन्न हो गया है पता नहीं क्या बोलूं,UNCERTAINTY_UNCLEAR_INFO,hi,conversational,False,caller
SAATHI_02049,mere bina sab khush rahenge main khatam kar rahi hoon sab,SELF_HARM_CONCERN,hinglish,spelling_variation,False,caller
SAATHI_02050,Help me... Can you connect me with a licensed psychological counselor for support?,REQUEST_COUNSELLING_LEGAL_MEDICAL,en,conversational,False,caller
SAATHI_02051,case wapas lene ke liye coercion aur pressure create kar raha,COERCION_BLACKMAIL,hinglish,spelling_variation,False,caller
SAATHI_02052,He severed all my connections with my friends and childhood family,ISOLATION_NO_SUPPORT,en,conversational,False,caller
SAATHI_02053,मुझे किसी अच्छे वकील से कानूनी सलाह चाहिए केस करने के लिए,REQUEST_COUNSELLING_LEGAL_MEDICAL,hi,short,False,caller
SAATHI_02054,ab sab theek hai police is present at spot pata nahi...,CURRENT_SAFETY_REASSURANCE,hinglish,incomplete_hesitant,True,caller
SAATHI_02055,extortion racket chal raha hai photos ke naam pe blackmail karke please...,COERCION_BLACKMAIL,hinglish,incomplete_hesitant,False,caller
SAATHI_02056,inappropriate body touch kiya aur chup rehne ko bola,SEXUAL_VIOLENCE_HARASSMENT,hinglish,short,False,caller
SAATHI_02057,घर में सिर्फ छोटे अनाथ बच्चे हैं उनकी सुरक्षा का भारी खतरा है,CHILD_ELDERLY_DISABILITY_VULNERABILITY,hi,short,False,caller
SAATHI_02058,Help me... Could you provide information regarding the senior citizen pension scheme?,NEUTRAL_NO_INDICATOR,en,conversational,True,caller
SAATHI_02059,jaati ka naam leke abuse kiya aur job se nikal diya,DISCRIMINATION_CASTE_VULNERABILITY,hinglish,spelling_variation,False,caller
SAATHI_02060,मेरी गोद में तीन महीने का छोटा बच्चा है और हमें बाहर निकाल दिया pata nahi...,CHILD_ELDERLY_DISABILITY_VULNERABILITY,hi,incomplete_hesitant,False,caller
SAATHI_02061,मैडम... एक पल लगता है खतरा टल गया फिर अगले ही पल हमला शुरू हो जाता है,CONTRADICTORY_CHANGING_SITUATION,hi,conversational,False,caller
SAATHI_02062,trauma counselling session schedule karwa dijiye,REQUEST_COUNSELLING_LEGAL_MEDICAL,hinglish,conversational,False,caller
SAATHI_02063,i am very scared please kuch kijiye pata nahi...,FEAR_DISTRESS_PANIC,hinglish,incomplete_hesitant,False,caller
SAATHI_02064,मुझे घरेलू हिंसा कानून के तहत अपने अधिकारों की जानकारी चाहिए pata nahi...,REQUEST_COUNSELLING_LEGAL_MEDICAL,hi,incomplete_hesitant,False,caller
SAATHI_02065,कमरे में बंद हूं और मेरे पास बात करने का कोई साधन नहीं है jaldi...,ISOLATION_NO_SUPPORT,hi,incomplete_hesitant,False,caller
SAATHI_02066,"The threat has subsided, thank you, no further danger present",CURRENT_SAFETY_REASSURANCE,en,short,True,caller
SAATHI_02067,"dowry mein gaadi mang rahe hain nahi diya toh peet te hain, please kuch jaldi kijiye.",DOMESTIC_FAMILY_VIOLENCE,hinglish,compound_dialogue,False,caller
SAATHI_02068,nari niketan ya women shelter house mein admission chahiye,NO_SAFE_PLACE_HOMELESSNESS,hinglish,standard,False,caller
SAATHI_02069,मैं बहुत कन्फ्यूज हूं कुछ याद नहीं आ रहा क्या हुआ था,UNCERTAINTY_UNCLEAR_INFO,hi,standard,False,caller
SAATHI_02070,ek ladka roz mera peecha karta hai metro station tak,STALKING_FOLLOWING,hinglish,spelling_variation,False,caller
SAATHI_02071,Destitute and homeless in need of immediate emergency housing support,NO_SAFE_PLACE_HOMELESSNESS,en,conversational,False,caller
SAATHI_02072,dhamki bhara letter phenka hai mere ghar mein,THREAT_INTIMIDATION,hinglish,short,False,caller
SAATHI_02073,i am feeling safe now danger has passed,CURRENT_SAFETY_REASSURANCE,hinglish,short,True,caller
SAATHI_02074,He blocked my path and made explicit obscene sexual demands,SEXUAL_VIOLENCE_HARASSMENT,en,spelling_variation,False,caller
SAATHI_02075,pichle do hafte se lagatar koi mera peecha kar raha hai,STALKING_FOLLOWING,hinglish,standard,False,caller
SAATHI_02076,Need to consult an advocate to understand bail procedures,REQUEST_COUNSELLING_LEGAL_MEDICAL,en,short,False,caller
SAATHI_02077,He broke the main latch and has entered the living room,IMMEDIATE_PHYSICAL_DANGER,en,standard,False,caller
SAATHI_02078,He said there will be severe consequences if I call the helpline,THREAT_INTIMIDATION,en,spelling_variation,False,caller
SAATHI_02079,तुरंत गश्त वाली गाड़ी को हमारे एड्रेस पर भेजिए aur fir...,REQUEST_POLICE_EMERGENCY_HELP,hi,incomplete_hesitant,False,caller
SAATHI_02080,"I am under severe extortion threats regarding sensitive personal data, I am urgently asking for intervention.",COERCION_BLACKMAIL,en,compound_dialogue,False,caller
SAATHI_02081,He grabbed my hair and slammed my head against the concrete wall,PHYSICAL_VIOLENCE_INJURY,en,spelling_variation,False,caller
SAATHI_02082,अब मैं पुलिस स्टेशन पहुंच गई हूं बिल्कुल सुरक्षित हूं,CURRENT_SAFETY_REASSURANCE,hi,standard,True,caller
SAATHI_02083,उसने मुझे बहुत बुरी तरह पीटा है मेरे चेहरे पर नीले निशान हैं,PHYSICAL_VIOLENCE_INJURY,hi,short,False,caller
SAATHI_02084,बस स्टैंड पर बैठी हूं अनजान लोग मुझे घूर रहे हैं कोई आसरा नहीं suno na...,NO_SAFE_PLACE_HOMELESSNESS,hi,incomplete_hesitant,False,caller
SAATHI_02085,please 112 ko alert kijiye need immediate police escort,REQUEST_POLICE_EMERGENCY_HELP,hinglish,incomplete_hesitant,False,caller
SAATHI_02086,police rescue van required immediately at landmark,REQUEST_POLICE_EMERGENCY_HELP,hinglish,spelling_variation,False,caller
SAATHI_02087,"Help me... Nobody would care if I died tonight, I want to end everything",SELF_HARM_CONCERN,en,conversational,False,caller
SAATHI_02088,सांस नहीं आ रही बहुत खून बह रहा है तुरंत एम्बुलेंस भेजो,MEDICAL_EMERGENCY,hi,standard,False,caller
SAATHI_02089,उसने मुझे कमरे में बंद करके अश्लील हरकतें कीं please...,SEXUAL_VIOLENCE_HARASSMENT,hi,incomplete_hesitant,False,caller
SAATHI_02090,"kuch yaad nahi aa raha shock ki wajah se, please kuch jaldi kijiye.",UNCERTAINTY_UNCLEAR_INFO,hinglish,compound_dialogue,False,caller
SAATHI_02091,kabhi sorry bolta hai fir next second throat choke karta hai,CONTRADICTORY_CHANGING_SITUATION,hinglish,spelling_variation,False,caller
SAATHI_02092,wireless message pass kijiye nearby police beat officer ko,REQUEST_POLICE_EMERGENCY_HELP,hinglish,incomplete_hesitant,False,caller
SAATHI_02093,"societal reputation destroy karne ki dhamki de raha hai blackmailing, please kuch jaldi kijiye.",COERCION_BLACKMAIL,hinglish,compound_dialogue,False,caller
SAATHI_02094,My mother-in-law and husband coordinate physical attacks against me,DOMESTIC_FAMILY_VIOLENCE,en,conversational,False,caller
SAATHI_02095,completely helpless,ISOLATION_NO_SUPPORT,hinglish,short,False,caller
SAATHI_02096,कृपया ध्यान दें... मुझे किसी अच्छे वकील से कानूनी सलाह चाहिए केस करने के लिए,REQUEST_COUNSELLING_LEGAL_MEDICAL,hi,spelling_variation,False,caller
SAATHI_02097,He slashed my arm with a sharp blade causing a deep bleeding cut,PHYSICAL_VIOLENCE_INJURY,en,short,False,caller
SAATHI_02098,मेरा इस शहर में कोई नहीं है बिल्कुल अकेली हूं कोई रिश्तेदार नहीं,ISOLATION_NO_SUPPORT,hi,standard,False,caller
SAATHI_02099,Send immediate police reinforcements before someone gets killed please...,REQUEST_POLICE_EMERGENCY_HELP,en,incomplete_hesitant,False,caller
SAATHI_02100,fan se latakne ka mann ho raha hai koi raasta nahi dikh raha,SELF_HARM_CONCERN,hinglish,short,False,caller
SAATHI_02101,pura shareer tharthara raha hai darr se aur fir...,FEAR_DISTRESS_PANIC,hinglish,incomplete_hesitant,False,caller
SAATHI_02102,कृपया ध्यान दें... स्थिति नियंत्रण में है अब कोई झगड़ा नहीं हो रहा,CURRENT_SAFETY_REASSURANCE,hi,spelling_variation,True,caller
SAATHI_02103,Land grabbing attempt coupled with caste discrimination and threats aur fir...,DISCRIMINATION_CASTE_VULNERABILITY,en,incomplete_hesitant,False,caller
SAATHI_02104,तुरंत गश्त वाली गाड़ी को हमारे एड्रेस पर भेजिए,REQUEST_POLICE_EMERGENCY_HELP,hi,standard,False,caller
SAATHI_02105,mera hath marod diya fracture lag raha hai severe pain,PHYSICAL_VIOLENCE_INJURY,hinglish,short,False,caller
SAATHI_02106,अब सांस लेने की भी इच्छा नहीं है सब खत्म हो जाए बस,SELF_HARM_CONCERN,hi,short,False,caller
SAATHI_02107,secretly recorded videos ko use karke extortion kar raha hai aur fir...,COERCION_BLACKMAIL,hinglish,incomplete_hesitant,False,caller
SAATHI_02108,मैं गर्भवती हूं और पेट में दर्द हो रहा है मुझे मदद चाहिए aur fir...,CHILD_ELDERLY_DISABILITY_VULNERABILITY,hi,incomplete_hesitant,False,caller
SAATHI_02109,"autistic child hai panic attack ho raha hai continuous crying, please kuch jaldi kijiye.",CHILD_ELDERLY_DISABILITY_VULNERABILITY,hinglish,compound_dialogue,False,caller
SAATHI_02110,I want information about filing under the Domestic Violence Act,REQUEST_COUNSELLING_LEGAL_MEDICAL,en,standard,False,caller
SAATHI_02111,"He locked me inside the apartment from the outside with no phone, I am urgently asking for intervention.",ISOLATION_NO_SUPPORT,en,compound_dialogue,False,caller
SAATHI_02112,मुझे खुद को खत्म करने के विचार आ रहे हैं लगातार...,SELF_HARM_CONCERN,hi,incomplete_hesitant,False,caller
SAATHI_02113,"One minute the confrontation de-escalates, the next minute weapons come out",CONTRADICTORY_CHANGING_SITUATION,en,short,False,caller
SAATHI_02114,मेरी बात सुनिए... हमें शादी में घोड़ी पर चढ़ने से रोका और बारातियों को पीटा,DISCRIMINATION_CASTE_VULNERABILITY,hi,conversational,False,caller
SAATHI_02115,कृपया ध्यान दें... अभी के लिए शांति है हम सेफ जगह पर शिफ्ट हो गए हैं,CURRENT_SAFETY_REASSURANCE,hi,spelling_variation,True,caller
SAATHI_02116,"ऑपरेटर: नमस्ते, महिला एवं बाल हेल्पलाइन में आपका स्वागत है।, मुझे बहुत चिंता हो रही है।",NEUTRAL_NO_INDICATOR,hi,compound_dialogue,True,operator
SAATHI_02117,poison consume kar liya hai mouth se foam nikal raha hai ambulance jaldi,MEDICAL_EMERGENCY,hinglish,incomplete_hesitant,False,caller
SAATHI_02118,मैं बिल्कुल बेसहारा हूं मुझे कोई रास्ता नहीं दिख रहा,ISOLATION_NO_SUPPORT,hi,short,False,caller
SAATHI_02119,"पुलिस की पेट्रोलिंग गाड़ी भेजिए वो गेट तोड़ रहे हैं, मुझे बहुत चिंता हो रही है।",REQUEST_POLICE_EMERGENCY_HELP,hi,compound_dialogue,False,caller
SAATHI_02120,I am locked in the bathroom while he is kicking the door outside,IMMEDIATE_PHYSICAL_DANGER,en,short,False,caller
SAATHI_02121,मैं खुद को खत्म कर लेना चाहती हूं प्लीज aur fir...,SELF_HARM_CONCERN,hi,incomplete_hesitant,False,caller
SAATHI_02122,"दिव्यांग होने के कारण मैं अपनी रक्षा खुद नहीं कर पा रहा हूं, मुझे बहुत चिंता हो रही है।",CHILD_ELDERLY_DISABILITY_VULNERABILITY,hi,compound_dialogue,False,caller
SAATHI_02123,"We have been ostracized and shops are barred from selling us groceries, I am urgently asking for intervention.",SOCIAL_COMMUNITY_PRESSURE,en,compound_dialogue,False,caller
SAATHI_02124,He is compelling me under duress to perform unlawful activities,COERCION_BLACKMAIL,en,short,False,caller
SAATHI_02125,Please listen... How can I apply for state legal services authority legal counsel?,REQUEST_COUNSELLING_LEGAL_MEDICAL,en,conversational,False,caller
SAATHI_02126,प्लीज... आसपास कोई बोर्ड या लैंडमार्क नहीं दिख रहा सुनसान रास्ता है,UNCERTAINTY_UNCLEAR_INFO,hi,conversational,False,caller
SAATHI_02127,पति ने कहा कि तेरे बाप से 5 लाख ला नहीं तो मार डालूंगा,DOMESTIC_FAMILY_VIOLENCE,hi,standard,False,caller
SAATHI_02128,"My family members have arrived to take care of me, I am out of harm's way",CURRENT_SAFETY_REASSURANCE,en,standard,True,caller
SAATHI_02129,office mein senior ne physical favors demand kiye,SEXUAL_VIOLENCE_HARASSMENT,hinglish,incomplete_hesitant,False,caller
SAATHI_02130,हमारे पड़ोस में शादी का फंक्शन चल रहा है और डीजे बज रहा है please...,NEUTRAL_NO_INDICATOR,hi,incomplete_hesitant,True,caller
SAATHI_02131,Looking for free legal aid services,REQUEST_COUNSELLING_LEGAL_MEDICAL,en,short,False,caller
SAATHI_02132,"sitting at public park shivering no safe sanctuary available, please kuch jaldi kijiye.",NO_SAFE_PLACE_HOMELESSNESS,hinglish,compound_dialogue,False,caller
SAATHI_02133,arre... audio recordings edit karke defame karne ki blackmail de raha,COERCION_BLACKMAIL,hinglish,conversational,False,caller
SAATHI_02134,मुझे समझ नहीं आ रहा वो दोस्त है या दुश्मन अजीब बर्ताव कर रहा,CONTRADICTORY_CHANGING_SITUATION,hi,short,False,caller
SAATHI_02135,कृपया ध्यान दें... उसने मुझे बहुत बुरी तरह पीटा है मेरे चेहरे पर नीले निशान हैं,PHYSICAL_VIOLENCE_INJURY,hi,spelling_variation,False,caller
SAATHI_02136,koi ek person bhi nahi jisko call karke bula sakoon,ISOLATION_NO_SUPPORT,hinglish,standard,False,caller
SAATHI_02137,"roz ghar ke bahar khada rehta hai stalk kar raha hai, please kuch jaldi kijiye.",STALKING_FOLLOWING,hinglish,compound_dialogue,False,caller
SAATHI_02138,panic ho raha hai mujhe saans lene mein takleef ho rahi dar se,FEAR_DISTRESS_PANIC,hinglish,spelling_variation,False,caller
SAATHI_02139,blackmail kar raha hai continuous money extortion chal raha,COERCION_BLACKMAIL,hinglish,short,False,caller
SAATHI_02140,socially totally isolated kar diya hai mujhe,ISOLATION_NO_SUPPORT,hinglish,incomplete_hesitant,False,caller
SAATHI_02141,He has an iron rod and is walking aggressively towards me suno na...,IMMEDIATE_PHYSICAL_DANGER,en,incomplete_hesitant,False,caller
SAATHI_02142,Special needs child is panicking and cannot handle the violence outside,CHILD_ELDERLY_DISABILITY_VULNERABILITY,en,spelling_variation,False,caller
SAATHI_02143,He kicked me repeatedly in the ribs while I was on the floor,PHYSICAL_VIOLENCE_INJURY,en,standard,False,caller
SAATHI_02144,send police intervention team immediately without delay,REQUEST_POLICE_EMERGENCY_HELP,hinglish,short,False,caller
SAATHI_02145,madam... maybe white car thi ya black clear notice nahi kiya,UNCERTAINTY_UNCLEAR_INFO,hinglish,conversational,False,caller
SAATHI_02146,Not sure if they were tailing me or just heading in the same direction,UNCERTAINTY_UNCLEAR_INFO,en,short,False,caller
SAATHI_02147,"suicidal thoughts aa rahe hain continue mujhse tolerate nahi ho raha, please kuch jaldi kijiye.",SELF_HARM_CONCERN,hinglish,compound_dialogue,False,caller
SAATHI_02148,अरे... लिफ्ट में उसने मुझे कॉर्नर करके हैरास किया,SEXUAL_VIOLENCE_HARASSMENT,hi,conversational,False,caller
SAATHI_02149,"footpath par baithe hain bahut unsafe lag raha hai suspicious people around, please kuch jaldi kijiye.",NO_SAFE_PLACE_HOMELESSNESS,hinglish,compound_dialogue,False,caller
SAATHI_02150,A stranger has been trailing behind my car for the past forty minutes,STALKING_FOLLOWING,en,spelling_variation,False,caller
SAATHI_02151,He forced himself on top of me despite my continuous screaming...,SEXUAL_VIOLENCE_HARASSMENT,en,incomplete_hesitant,False,caller
SAATHI_02152,बुजुर्ग पिता को हार्ट की बीमारी है और वो बेहोश हो रहे हैं,CHILD_ELDERLY_DISABILITY_VULNERABILITY,hi,standard,False,caller
SAATHI_02153,he is stalking me everywhere i go he appears there,STALKING_FOLLOWING,hinglish,standard,False,caller
SAATHI_02154,sir... building ke gate par khada rehta hai hours tak stalker,STALKING_FOLLOWING,hinglish,conversational,False,caller
SAATHI_02155,Ending my own life feels like the only escape from this torment,SELF_HARM_CONCERN,en,spelling_variation,False,caller
SAATHI_02156,community members threatening honor retaliation against us,SOCIAL_COMMUNITY_PRESSURE,hinglish,standard,False,caller
SAATHI_02157,"Acute respiratory distress, lips turning blue, need oxygen support",MEDICAL_EMERGENCY,en,standard,False,caller
SAATHI_02158,rehney ki koi jagah nahi hai railway station par bethi hoon,NO_SAFE_PLACE_HOMELESSNESS,hinglish,spelling_variation,False,caller
SAATHI_02159,यौन उत्पीड़न किया गया है मेरे साथ ऑफिस में,SEXUAL_VIOLENCE_HARASSMENT,hi,short,False,caller
SAATHI_02160,bola court mein statement diya toh consequences bure honge,THREAT_INTIMIDATION,hinglish,short,False,caller
SAATHI_02161,kal hum sab action movie dekhne gaye the theater mein,NEUTRAL_NO_INDICATOR,hinglish,standard,True,caller
SAATHI_02162,"Severe domestic battery occurring inside the matrimonial home, I am urgently asking for intervention.",DOMESTIC_FAMILY_VIOLENCE,en,compound_dialogue,False,caller
SAATHI_02163,"Can you connect me with a licensed psychological counselor for support?, I am urgently asking for intervention.",REQUEST_COUNSELLING_LEGAL_MEDICAL,en,compound_dialogue,False,caller
SAATHI_02164,सुनिए... पूरी दुनिया से कट गई हूं बिल्कुल तन्हाई और लाचारी है,ISOLATION_NO_SUPPORT,hi,conversational,False,caller
SAATHI_02165,कृपया ध्यान दें... पता नहीं वो कौन था चेहरा ढका हुआ था पहचान नहीं पाई,UNCERTAINTY_UNCLEAR_INFO,hi,spelling_variation,False,caller
SAATHI_02166,मोहल्ले के लोग हमारे घर पर पत्थर फेंक रहे हैं और बाहर निकलने नहीं दे रहे aur fir...,SOCIAL_COMMUNITY_PRESSURE,hi,incomplete_hesitant,False,caller
SAATHI_02167,Need to consult an advocate to understand bail procedures and FIR,REQUEST_COUNSELLING_LEGAL_MEDICAL,en,spelling_variation,False,caller
SAATHI_02168,"Send police officers with sirens immediately to disperse the attackers, I am urgently asking for intervention.",REQUEST_POLICE_EMERGENCY_HELP,en,compound_dialogue,False,caller
SAATHI_02169,सर... छाती में असहनीय दर्द हो रहा है सांस रुक रही है हार्ट अटैक जैसा है,MEDICAL_EMERGENCY,hi,conversational,False,caller
SAATHI_02170,Severe social stigmatization and mob intimidation in our village jaldi...,SOCIAL_COMMUNITY_PRESSURE,en,incomplete_hesitant,False,caller
SAATHI_02171,"Memory is clouded by shock, unable to confirm exact facts",UNCERTAINTY_UNCLEAR_INFO,en,standard,False,caller
SAATHI_02172,Hello... Please instruct the local police station to dispatch an emergency squad,REQUEST_POLICE_EMERGENCY_HELP,en,conversational,False,caller
SAATHI_02173,slap kiya bahut zor se kaan se aawaz aana band ho gayi,PHYSICAL_VIOLENCE_INJURY,hinglish,spelling_variation,False,caller
SAATHI_02174,कृपया ध्यान दें... वार्निंग दे रहा है कि कोई तेरी मदद नहीं कर पाएगा,THREAT_INTIMIDATION,hi,spelling_variation,False,caller
SAATHI_02175,The physician is performing a routine post-surgical checkup at the clinic,NEUTRAL_NO_INDICATOR,en,spelling_variation,True,caller
SAATHI_02176,extortion racket chal raha hai photos ke naam pe blackmail karke please...,COERCION_BLACKMAIL,hinglish,incomplete_hesitant,False,caller
SAATHI_02177,अरे... गांव की पंचायत ने हमारे परिवार का सामाजिक बहिष्कार कर दिया है,SOCIAL_COMMUNITY_PRESSURE,hi,conversational,False,caller
SAATHI_02178,"घरेलू हिंसा का शिकार हूं ससुराल में रोज यातनाएं मिलती हैं, मुझे बहुत चिंता हो रही है।",DOMESTIC_FAMILY_VIOLENCE,hi,compound_dialogue,False,caller
SAATHI_02179,"I am overwhelmed with panic, please stay on the line",FEAR_DISTRESS_PANIC,en,short,False,caller
SAATHI_02180,"Operator speaking: ERSS helpline, how may I assist your inquiry today?, I am urgently asking for intervention.",NEUTRAL_NO_INDICATOR,en,compound_dialogue,True,caller
SAATHI_02181,phone karke bol raha hai dekh lunga tujhe,THREAT_INTIMIDATION,hinglish,short,False,caller
SAATHI_02182,कृपया ध्यान दें... कल रात टीवी सीरियल में बहुत रोमांचक सस्पेंस वाला सीन था,NEUTRAL_NO_INDICATOR,hi,spelling_variation,True,caller
SAATHI_02183,"Please listen... Please help me, I am fighting severe urges to commit suicide",SELF_HARM_CONCERN,en,conversational,False,caller
SAATHI_02184,कृपया ध्यान दें... कभी बहुत अच्छा बन जाता है कभी भयानक हिंसक हो जाता है,CONTRADICTORY_CHANGING_SITUATION,hi,spelling_variation,False,caller
SAATHI_02185,mera hath marod diya fracture lag raha hai severe pain,PHYSICAL_VIOLENCE_INJURY,hinglish,short,False,caller
SAATHI_02186,saans nahi aa rahi heavy bleeding ho rahi hai send ambulance,MEDICAL_EMERGENCY,hinglish,standard,False,caller
SAATHI_02187,"कहता है अगर पैसे नहीं दिए तो वीडियो सोशल मीडिया पर डाल दूंगा, मुझे बहुत चिंता हो रही है।",COERCION_BLACKMAIL,hi,compound_dialogue,False,caller
SAATHI_02188,caste discrimination ki wajah se police FIR darj nahi kar rahi please...,DISCRIMINATION_CASTE_VULNERABILITY,hinglish,incomplete_hesitant,False,caller
SAATHI_02189,main room mein locked hoon wo darwaza kick kar raha hai,IMMEDIATE_PHYSICAL_DANGER,hinglish,spelling_variation,False,caller
SAATHI_02190,प्लीज जल्दी सुनिए मुझे बहुत खौफ हो रहा है,FEAR_DISTRESS_PANIC,hi,standard,False,caller
SAATHI_02191,"पहले लगा कि समझौता हो गया पर अब फिर से गाली-गलौज शुरू हो गई, मुझे बहुत चिंता हो रही है।",CONTRADICTORY_CHANGING_SITUATION,hi,compound_dialogue,False,caller
SAATHI_02192,Systematic caste oppression and exclusion practiced against our community,DISCRIMINATION_CASTE_VULNERABILITY,en,standard,False,caller
SAATHI_02193,paise demand kar raha hai varna video upload kar dega,COERCION_BLACKMAIL,hinglish,conversational,False,caller
SAATHI_02194,"government scholarship and welfare schemes ki basic info chahiye, please kuch jaldi kijiye.",NEUTRAL_NO_INDICATOR,hinglish,compound_dialogue,True,caller
SAATHI_02195,infant child with me feeding nahi kar pa rahi darr se,CHILD_ELDERLY_DISABILITY_VULNERABILITY,hinglish,short,False,caller
SAATHI_02196,Extortionist behavior threatening public exposure of private conversations,COERCION_BLACKMAIL,en,standard,False,caller
SAATHI_02197,मैं गर्भवती हूं और पेट में दर्द हो रहा है मुझे मदद चाहिए pata nahi...,CHILD_ELDERLY_DISABILITY_VULNERABILITY,hi,incomplete_hesitant,False,caller
SAATHI_02198,usne hot tea throw kar di burn marks ho gaye,PHYSICAL_VIOLENCE_INJURY,hinglish,spelling_variation,False,caller
SAATHI_02199,Attacked and beaten for entering a place of worship due to my Dalit identity,DISCRIMINATION_CASTE_VULNERABILITY,en,standard,False,caller
SAATHI_02200,"I have a physical locomotor disability and cannot defend myself, I am urgently asking for intervention.",CHILD_ELDERLY_DISABILITY_VULNERABILITY,en,compound_dialogue,False,caller
SAATHI_02201,no friends no family members kis se help maangu aur fir...,ISOLATION_NO_SUPPORT,hinglish,incomplete_hesitant,False,caller
SAATHI_02202,no friends no family members kis se help maangu,ISOLATION_NO_SUPPORT,hinglish,standard,False,caller
SAATHI_02203,सर... कल की खबर में देखा था कि पुलिस ने अपराधियों को पकड़ लिया,NEUTRAL_NO_INDICATOR,hi,conversational,True,caller
SAATHI_02204,"दरवाजा ज्यादा देर नहीं टिकेगा वो तोड़ देगा, मुझे बहुत चिंता हो रही है।",IMMEDIATE_PHYSICAL_DANGER,hi,compound_dialogue,False,caller
SAATHI_02205,padosi ke ghar shift ho gayi hoon everything is fine now,CURRENT_SAFETY_REASSURANCE,hinglish,standard,True,caller
SAATHI_02206,"bahar nikalne nahi dete phone bhi restricted hai, please kuch jaldi kijiye.",ISOLATION_NO_SUPPORT,hinglish,compound_dialogue,False,caller
SAATHI_02207,कृपया ध्यान दें... मेरे पास मदद मांगने के लिए एक भी इंसान नहीं है,ISOLATION_NO_SUPPORT,hi,spelling_variation,False,caller
SAATHI_02208,"sir par chot aayi hai khoon beh raha hai bohot, please kuch jaldi kijiye.",PHYSICAL_VIOLENCE_INJURY,hinglish,compound_dialogue,False,caller
SAATHI_02209,listen... free legal aid kahan se milegi guidance dijiye,REQUEST_COUNSELLING_LEGAL_MEDICAL,hinglish,conversational,False,caller
SAATHI_02210,शुरुआत में सब नॉर्मल लग रहा था पर अब मामला गंभीर होता जा रहा suno na...,CONTRADICTORY_CHANGING_SITUATION,hi,incomplete_hesitant,False,caller
SAATHI_02211,discrimination on basis of caste identity and social background,DISCRIMINATION_CASTE_VULNERABILITY,hinglish,spelling_variation,False,caller
SAATHI_02212,He has cornered me against the wall and is raising his fist,IMMEDIATE_PHYSICAL_DANGER,en,conversational,False,caller
SAATHI_02213,"लगातार निगरानी रखी जा रही है मुझ पर, पीछा नहीं छोड़ रहा please...",STALKING_FOLLOWING,hi,incomplete_hesitant,False,caller
SAATHI_02214,Pregnant patient in severe hemorrhagic shock and extreme labor pain,MEDICAL_EMERGENCY,en,conversational,False,caller
SAATHI_02215,"No prominent landmarks around here, just an unfamiliar alley, I am urgently asking for intervention.",UNCERTAINTY_UNCLEAR_INFO,en,compound_dialogue,False,caller
SAATHI_02216,I require guidance on routine medical checkup and healthcare facilities,REQUEST_COUNSELLING_LEGAL_MEDICAL,en,conversational,False,caller
SAATHI_02217,forced to spend night under open sky with no shelter,NO_SAFE_PLACE_HOMELESSNESS,hinglish,standard,False,caller
SAATHI_02218,सुनिए... उसने मेरी मर्जी के बिना मुझे गलत तरीके से टच किया,SEXUAL_VIOLENCE_HARASSMENT,hi,conversational,False,caller
SAATHI_02219,domestic violence act ke under rights ki information chahiye please...,REQUEST_COUNSELLING_LEGAL_MEDICAL,hinglish,incomplete_hesitant,False,caller
SAATHI_02220,सरकारी वकील की सुविधा कैसे प्राप्त करें? jaldi...,REQUEST_COUNSELLING_LEGAL_MEDICAL,hi,incomplete_hesitant,False,caller
SAATHI_02221,"Send patrol officers right now to secure the premises, I am urgently asking for intervention.",REQUEST_POLICE_EMERGENCY_HELP,en,compound_dialogue,False,caller
SAATHI_02222,मोहल्ले के लोग हमारे घर पर पत्थर फेंक रहे हैं और बाहर निकलने नहीं दे रहे,SOCIAL_COMMUNITY_PRESSURE,hi,standard,False,caller
SAATHI_02223,dalit hone ki wajah se mandir mein enter karne par maara,DISCRIMINATION_CASTE_VULNERABILITY,hinglish,incomplete_hesitant,False,caller
SAATHI_02224,samaj ke log village chhodne ka pressure daal rahe hain,SOCIAL_COMMUNITY_PRESSURE,hinglish,spelling_variation,False,caller
SAATHI_02225,"I want to kill myself, the agony is completely unbearable",SELF_HARM_CONCERN,en,short,False,caller
SAATHI_02226,मुझे मेडिकल एग्जामिनेशन (एमएलसी) की प्रक्रिया समझनी है,REQUEST_COUNSELLING_LEGAL_MEDICAL,hi,short,False,caller
SAATHI_02227,We were discussing a crime fiction novel in our university book club,NEUTRAL_NO_INDICATOR,en,spelling_variation,True,caller
SAATHI_02228,हमलावर भाग गया है अब यहां कोई खतरा नहीं है,CURRENT_SAFETY_REASSURANCE,hi,short,True,caller
SAATHI_02229,"Could you provide information regarding the senior citizen pension scheme?, I am urgently asking for intervention.",NEUTRAL_NO_INDICATOR,en,compound_dialogue,True,caller
SAATHI_02230,"he is tracking my daily routine and following my cab, please kuch jaldi kijiye.",STALKING_FOLLOWING,hinglish,compound_dialogue,False,caller
SAATHI_02231,He harassed me sexually in the stairwell,SEXUAL_VIOLENCE_HARASSMENT,en,short,False,caller
SAATHI_02232,He showed a weapon and threatened to shoot me...,THREAT_INTIMIDATION,en,incomplete_hesitant,False,caller
SAATHI_02233,My husband and in-laws abuse me daily demanding additional dowry,DOMESTIC_FAMILY_VIOLENCE,en,spelling_variation,False,caller
SAATHI_02234,80 years old elderly mother hai jo walk nahi kar sakti,CHILD_ELDERLY_DISABILITY_VULNERABILITY,hinglish,short,False,caller
SAATHI_02235,"suffocation ho raha hai lips blue ho gaye oxygen needed, please kuch jaldi kijiye.",MEDICAL_EMERGENCY,hinglish,compound_dialogue,False,caller
SAATHI_02236,Coordinated harassment campaign organized by local influential figures suno na...,SOCIAL_COMMUNITY_PRESSURE,en,incomplete_hesitant,False,caller
SAATHI_02237,"She swallowed rat poison and is foaming at the mouth, rush medical team",MEDICAL_EMERGENCY,en,incomplete_hesitant,False,caller
SAATHI_02238,"Call the police PCR van right now, we are under active siege",REQUEST_POLICE_EMERGENCY_HELP,en,standard,False,caller
SAATHI_02239,"I have nobody in this city, no relatives, completely isolated jaldi...",ISOLATION_NO_SUPPORT,en,incomplete_hesitant,False,caller
SAATHI_02240,कांप रही हूं मैं... प्लीज कोई मेरी मदद करो...,FEAR_DISTRESS_PANIC,hi,incomplete_hesitant,False,caller
SAATHI_02241,Help me... I am locked inside a secure room and the attacker has departed,CURRENT_SAFETY_REASSURANCE,en,conversational,True,caller
SAATHI_02242,"The anxiety and fear are making me dizzy and weak, I am urgently asking for intervention.",FEAR_DISTRESS_PANIC,en,compound_dialogue,False,caller
SAATHI_02243,कृपया ध्यान दें... उसने मेरे प्राइवेट पार्ट्स पर हाथ लगाया बदतमीजी की,SEXUAL_VIOLENCE_HARASSMENT,hi,spelling_variation,False,caller
SAATHI_02244,kabhi bolta hai care karta hai fir achanak violent ho jata hai,CONTRADICTORY_CHANGING_SITUATION,hinglish,short,False,caller
SAATHI_02245,कल हम सब मिलकर एक एक्शन फिल्म देखने सिनेमा हॉल गए थे,NEUTRAL_NO_INDICATOR,hi,standard,True,caller
SAATHI_02246,Small toddlers crying hysterically while attackers bang on the gate pata nahi...,CHILD_ELDERLY_DISABILITY_VULNERABILITY,en,incomplete_hesitant,False,caller
SAATHI_02247,पता नहीं वो कौन था चेहरा ढका हुआ था पहचान नहीं पाई,UNCERTAINTY_UNCLEAR_INFO,hi,short,False,caller
SAATHI_02248,कृपया ध्यान दें... मैं पंखे से फंदा लगाने की सोच रही थी,SELF_HARM_CONCERN,hi,spelling_variation,False,caller
SAATHI_02249,He grabbed my hair,PHYSICAL_VIOLENCE_INJURY,en,short,False,caller
SAATHI_02250,no roof over head kahan jaaun for night shelter,NO_SAFE_PLACE_HOMELESSNESS,hinglish,standard,False,caller
SAATHI_02251,ghar mein sirf minor children hain severe safety vulnerability,CHILD_ELDERLY_DISABILITY_VULNERABILITY,hinglish,short,False,caller
SAATHI_02252,peaceful discussion tha suddenly weapon nikal liya pata nahi...,CONTRADICTORY_CHANGING_SITUATION,hinglish,incomplete_hesitant,False,caller
SAATHI_02253,"Could you provide information regarding the senior citizen pension scheme?, I am urgently asking for intervention.",NEUTRAL_NO_INDICATOR,en,compound_dialogue,True,caller
SAATHI_02254,saans nahi aa rahi heavy bleeding ho rahi hai send ambulance jaldi...,MEDICAL_EMERGENCY,hinglish,incomplete_hesitant,False,caller
SAATHI_02255,"We thought we reached a peaceful agreement,",CONTRADICTORY_CHANGING_SITUATION,en,short,False,caller
SAATHI_02256,pura shareer tharthara raha hai darr se,FEAR_DISTRESS_PANIC,hinglish,standard,False,caller
SAATHI_02257,अरे... मैं जहर खाने जा रही हूं मुझसे और सहन नहीं होता,SELF_HARM_CONCERN,hi,conversational,False,caller
SAATHI_02258,मुझे सरकारी योजनाओं और पेंशन फार्म के बारे में सामान्य जानकारी चाहिए,NEUTRAL_NO_INDICATOR,hi,conversational,True,caller
SAATHI_02259,Could I schedule a session with a trauma therapist to cope with anxiety? please...,REQUEST_COUNSELLING_LEGAL_MEDICAL,en,incomplete_hesitant,False,caller
SAATHI_02260,घरेलू प्रताड़ना इतनी बढ़ गई है कि जीना दूभर हो गया है,DOMESTIC_FAMILY_VIOLENCE,hi,standard,False,caller
SAATHI_02261,Coercing me to drop legal charges by threatening public humiliation pata nahi...,COERCION_BLACKMAIL,en,incomplete_hesitant,False,caller
SAATHI_02262,सर... मेरी हिम्मत जवाब दे चुकी है बहुत घबराई हुई हूं,FEAR_DISTRESS_PANIC,hi,conversational,False,caller
SAATHI_02263,arre... societal reputation destroy karne ki dhamki de raha hai blackmailing,COERCION_BLACKMAIL,hinglish,conversational,False,caller
SAATHI_02264,मुझे लगातार जान से मारने की धमकियां मिल रही हैं,THREAT_INTIMIDATION,hi,standard,False,caller
SAATHI_02265,"ससुराल वाले खाना नहीं देते और कमरे में बंद रखते हैं, मुझे बहुत चिंता हो रही है।",DOMESTIC_FAMILY_VIOLENCE,hi,compound_dialogue,False,caller
SAATHI_02266,"The entire locality has turned hostile and threatens collective violence, I am urgently asking for intervention.",SOCIAL_COMMUNITY_PRESSURE,en,compound_dialogue,False,caller
SAATHI_02267,समाज के लोग हमारे बच्चों को स्कूल नहीं जाने दे रहे,SOCIAL_COMMUNITY_PRESSURE,hi,standard,False,caller
SAATHI_02268,ab dar lagne ki koi baat nahi main surakshit hoon,CURRENT_SAFETY_REASSURANCE,hinglish,spelling_variation,True,caller
SAATHI_02269,"Hello... I am deaf and speech impaired, communicating via text in high distress",CHILD_ELDERLY_DISABILITY_VULNERABILITY,en,conversational,False,caller
SAATHI_02270,"हुक्का-पानी बंद करने का ऐलान कर दिया गया है बिरादरी द्वारा, मुझे बहुत चिंता हो रही है।",SOCIAL_COMMUNITY_PRESSURE,hi,compound_dialogue,False,caller
SAATHI_02271,"He sent someone to deliver an open death threat, I am urgently asking for intervention.",THREAT_INTIMIDATION,en,compound_dialogue,False,caller
SAATHI_02272,family relatives pahunch gaye hain fully safe now,CURRENT_SAFETY_REASSURANCE,hinglish,incomplete_hesitant,True,caller
SAATHI_02273,police pcr van has arrived they are standing outside,CURRENT_SAFETY_REASSURANCE,hinglish,conversational,True,caller
SAATHI_02274,Alert the station house officer for immediate backup,REQUEST_POLICE_EMERGENCY_HELP,en,conversational,False,caller
SAATHI_02275,"Suffering severe poisoning symptoms, rapid medical dispatch required",MEDICAL_EMERGENCY,en,standard,False,caller
SAATHI_02276,"I'm not sure if the vehicle was blue or grey, it happened so fast, I am urgently asking for intervention.",UNCERTAINTY_UNCLEAR_INFO,en,compound_dialogue,False,caller
SAATHI_02277,listen... meri halat kharab ho rahi hai ghabrahat ki wajah se,FEAR_DISTRESS_PANIC,hinglish,conversational,False,caller
SAATHI_02278,majboor kar raha hai ki main uski galat shartein manoon,COERCION_BLACKMAIL,hinglish,short,False,caller
SAATHI_02279,"Please listen... Emergency ambulance required, pulse fading rapidly",MEDICAL_EMERGENCY,en,conversational,False,caller
SAATHI_02280,He is holding a knife and trying to force his way in,IMMEDIATE_PHYSICAL_DANGER,en,standard,False,caller
SAATHI_02281,Hello... He attempted forced sexual penetration while I was helpless,SEXUAL_VIOLENCE_HARASSMENT,en,conversational,False,caller
SAATHI_02282,"My children are forced to sit separately in school due to caste bias, I am urgently asking for intervention.",DISCRIMINATION_CASTE_VULNERABILITY,en,compound_dialogue,False,caller
SAATHI_02283,"pati ne gale par hath rakh kar jaan se marne ki dhamki di domestic issue pe, please kuch jaldi kijiye.",DOMESTIC_FAMILY_VIOLENCE,hinglish,compound_dialogue,False,caller
SAATHI_02284,He demands large sums of extortion money or else he will upload my video,COERCION_BLACKMAIL,en,conversational,False,caller
SAATHI_02285,कृपया ध्यान दें... उसने फोन करके बोला कि तुझे देख लूंगा बाहर निकल,THREAT_INTIMIDATION,hi,spelling_variation,False,caller
SAATHI_02286,please 112 ko alert kijiye need immediate police escort,REQUEST_POLICE_EMERGENCY_HELP,hinglish,standard,False,caller
SAATHI_02287,I am being followed by a black motorcycle everywhere I travel,STALKING_FOLLOWING,en,standard,False,caller
SAATHI_02288,कृपया ध्यान दें... मैं अपनी जान देने की सोच रही हूं कोई रास्ता नहीं बचा,SELF_HARM_CONCERN,hi,spelling_variation,False,caller
SAATHI_02289,पति,DOMESTIC_FAMILY_VIOLENCE,hi,short,False,caller
SAATHI_02290,blood vomit ho raha hai acute emergency condition please...,MEDICAL_EMERGENCY,hinglish,incomplete_hesitant,False,caller
SAATHI_02291,banduk dikha kar dara raha hai dhamki di,THREAT_INTIMIDATION,hinglish,standard,False,caller
SAATHI_02292,"He has collapsed on the floor, barely breathing",MEDICAL_EMERGENCY,en,short,False,caller
SAATHI_02293,"landlord ne luggage bahar phenk ke room lock kar diya, please kuch jaldi kijiye.",NO_SAFE_PLACE_HOMELESSNESS,hinglish,compound_dialogue,False,caller
SAATHI_02294,"college mein self defense martial arts practice chal rahi thi, please kuch jaldi kijiye.",NEUTRAL_NO_INDICATOR,hinglish,compound_dialogue,True,caller
SAATHI_02295,"My heart is racing, I feel paralyzed with fear",FEAR_DISTRESS_PANIC,en,short,False,caller
SAATHI_02296,बुजुर्ग पिता को हार्ट की बीमारी है और वो बेहोश हो रहे हैं aur fir...,CHILD_ELDERLY_DISABILITY_VULNERABILITY,hi,incomplete_hesitant,False,caller
SAATHI_02297,legal counseling,REQUEST_COUNSELLING_LEGAL_MEDICAL,hinglish,short,False,caller
SAATHI_02298,domestic abuse itna zyada hai ki main endure nahi kar sakti,DOMESTIC_FAMILY_VIOLENCE,hinglish,conversational,False,caller
SAATHI_02299,"मुझे बहुत डर लग रहा है हाथ पैर कांप रहे हैं, मुझे बहुत चिंता हो रही है।",FEAR_DISTRESS_PANIC,hi,compound_dialogue,False,caller
SAATHI_02300,apni jaan lene ka mann kar raha hai sab khatam ho jaye,SELF_HARM_CONCERN,hinglish,spelling_variation,False,caller
SAATHI_02301,सबने मुझे छोड़ दिया है मैं लाचार और अकेली पड़ गई हूं,ISOLATION_NO_SUPPORT,hi,conversational,False,caller
SAATHI_02302,husband kehta hai mayke se paise la varna jaan le lunga,DOMESTIC_FAMILY_VIOLENCE,hinglish,short,False,caller
SAATHI_02303,madam... unwanted surveillance aur following chal rahi hai mere against,STALKING_FOLLOWING,hinglish,conversational,False,caller
SAATHI_02304,I have suicidal thoughts,SELF_HARM_CONCERN,en,short,False,caller
SAATHI_02305,Help me... Subjected to derogatory caste remarks and harassment by college staff,DISCRIMINATION_CASTE_VULNERABILITY,en,conversational,False,caller
SAATHI_02306,suniye... unconscious on the floor pulse bohot weak hai,MEDICAL_EMERGENCY,hinglish,conversational,False,caller
SAATHI_02307,गहरी चोट लगी है खून रुक नहीं रहा पट्टी भी नहीं है,MEDICAL_EMERGENCY,hi,short,False,caller
SAATHI_02308,"उसने मेरे बाल पकड़कर दीवार पर सिर दे मारा, मुझे बहुत चिंता हो रही है।",PHYSICAL_VIOLENCE_INJURY,hi,compound_dialogue,False,caller
SAATHI_02309,"sexual assault attempt hua hai mere against please help, please kuch jaldi kijiye.",SEXUAL_VIOLENCE_HARASSMENT,hinglish,compound_dialogue,False,caller
SAATHI_02310,"थाना प्रभारी को बोलिए मौके पर पुलिस बल रवाना करें, मुझे बहुत चिंता हो रही है।",REQUEST_POLICE_EMERGENCY_HELP,hi,compound_dialogue,False,caller
SAATHI_02311,He said he knows where I work and will teach me a lesson,THREAT_INTIMIDATION,en,incomplete_hesitant,False,caller
SAATHI_02312,कृपया ध्यान दें... उसके पास हथियार है और वो मुझे मारने के लिए बढ़ रहा है,IMMEDIATE_PHYSICAL_DANGER,hi,spelling_variation,False,caller
SAATHI_02313,मुझे लगातार जान से मारने की धमकियां मिल रही हैं jaldi...,THREAT_INTIMIDATION,hi,incomplete_hesitant,False,caller
SAATHI_02314,advanced pregnancy stage mein physically assaulted,CHILD_ELDERLY_DISABILITY_VULNERABILITY,hinglish,incomplete_hesitant,False,caller
SAATHI_02315,I am currently in a safe location and feeling completely reassured,CURRENT_SAFETY_REASSURANCE,en,standard,True,caller
SAATHI_02316,i feel like killing myself right now suno na...,SELF_HARM_CONCERN,hinglish,incomplete_hesitant,False,caller
SAATHI_02317,मेरी गोद में तीन महीने का छोटा बच्चा है और हमें बाहर निकाल दिया,CHILD_ELDERLY_DISABILITY_VULNERABILITY,hi,standard,False,caller
SAATHI_02318,एसएचओ को कनेक्ट कीजिए या तुरंत फोर्स भिजवाइए,REQUEST_POLICE_EMERGENCY_HELP,hi,standard,False,caller
SAATHI_02319,कृपया ध्यान दें... मुझे पैनिक अटैक आ रहा है सांस फूल रही है,FEAR_DISTRESS_PANIC,hi,spelling_variation,False,caller
SAATHI_02320,"no landmark visible nearby just empty road, please kuch jaldi kijiye.",UNCERTAINTY_UNCLEAR_INFO,hinglish,compound_dialogue,False,caller
SAATHI_02321,fan se latakne ka mann ho raha hai koi raasta nahi dikh raha,SELF_HARM_CONCERN,hinglish,short,False,caller
SAATHI_02322,He threatens to slander my character in front of my community,COERCION_BLACKMAIL,en,conversational,False,caller
SAATHI_02323,कृपया ध्यान दें... एड्रेस ठीक से नहीं पता बस इतना पता है किसी लाल बिल्डिंग के पास हूं,UNCERTAINTY_UNCLEAR_INFO,hi,spelling_variation,False,caller
SAATHI_02324,अरे... पड़ोसी भी बात नहीं करते पूरी तरह से कट चुकी हूं समाज से,ISOLATION_NO_SUPPORT,hi,conversational,False,caller
SAATHI_02325,bol raha hai ki ghar jalwa dunga agar complain kiya,THREAT_INTIMIDATION,hinglish,spelling_variation,False,caller
SAATHI_02326,husband beats me daily in front of my children,DOMESTIC_FAMILY_VIOLENCE,hinglish,short,False,caller
SAATHI_02327,"At first it seemed he had left, but now shadows appeared at the window again",CONTRADICTORY_CHANGING_SITUATION,en,standard,False,caller
SAATHI_02328,please... counsellor se baat karne ka number provide kar sakte hain kya,REQUEST_COUNSELLING_LEGAL_MEDICAL,hinglish,conversational,False,caller
SAATHI_02329,मैं केवल हेल्पलाइन के काम करने का समय जानने के लिए फोन कर रहा था pata nahi...,NEUTRAL_NO_INDICATOR,hi,incomplete_hesitant,True,caller
SAATHI_02330,My husband confiscated my phone and isolated me from my parental family,DOMESTIC_FAMILY_VIOLENCE,en,spelling_variation,False,caller
SAATHI_02331,biradari se nikalne ki threat de rahe hain sab log milkar,SOCIAL_COMMUNITY_PRESSURE,hinglish,standard,False,caller
SAATHI_02332,footpath par baithe hain bahut unsafe lag raha hai suspicious people around,NO_SAFE_PLACE_HOMELESSNESS,hinglish,conversational,False,caller
SAATHI_02333,सामूहिक दबाव डालकर हमें अपनी जमीन छोड़ने पर मजबूर किया जा रहा है,SOCIAL_COMMUNITY_PRESSURE,hi,short,False,caller
SAATHI_02334,"Please talk to me, I'm shivering in terror",FEAR_DISTRESS_PANIC,en,standard,False,caller
SAATHI_02335,"I only know I am somewhere near the bypass, no street numbers",UNCERTAINTY_UNCLEAR_INFO,en,spelling_variation,False,caller
SAATHI_02336,sir... dhamki mil rahi hai ki bacho ko nuksan pahuchayega,THREAT_INTIMIDATION,hinglish,conversational,False,caller
SAATHI_02337,मुझे इमरजेंसी पुलिस सहायता चाहिए यहां कानून व्यवस्था बिगड़ गई है,REQUEST_POLICE_EMERGENCY_HELP,hi,short,False,caller
SAATHI_02338,I have an infant newborn in my arms and we were thrown out onto the street,CHILD_ELDERLY_DISABILITY_VULNERABILITY,en,standard,False,caller
SAATHI_02339,कृपया ध्यान दें... पति शराब पीकर आता है और बच्चों के सामने मारता है,DOMESTIC_FAMILY_VIOLENCE,hi,spelling_variation,False,caller
SAATHI_02340,Hello... Please provide information on how to obtain an official MLC medical report,REQUEST_COUNSELLING_LEGAL_MEDICAL,en,conversational,False,caller
SAATHI_02341,कृपया ध्यान दें... हमारी जाति का नाम लेकर बेइज्जत किया और काम से निकाल दिया,DISCRIMINATION_CASTE_VULNERABILITY,hi,spelling_variation,False,caller
SAATHI_02342,सर... सिर पर डंडा मारा है खून लगातार बह रहा है,PHYSICAL_VIOLENCE_INJURY,hi,conversational,False,caller
SAATHI_02343,"Ambiguous situation, I lack definitive details to report please...",UNCERTAINTY_UNCLEAR_INFO,en,incomplete_hesitant,False,caller
SAATHI_02344,alone elderly citizen target kiya ja raha hai property ke liye,CHILD_ELDERLY_DISABILITY_VULNERABILITY,hinglish,spelling_variation,False,caller
SAATHI_02345,"building ke gate par khada rehta hai hours tak stalker, please kuch jaldi kijiye.",STALKING_FOLLOWING,hinglish,compound_dialogue,False,caller
SAATHI_02346,He grabbed my hair,PHYSICAL_VIOLENCE_INJURY,en,short,False,caller
SAATHI_02347,bachaoo mujhe wo mere upar hamla karne dauda hai,IMMEDIATE_PHYSICAL_DANGER,hinglish,spelling_variation,False,caller
SAATHI_02348,Our academy conducted a fire safety awareness drill this afternoon,NEUTRAL_NO_INDICATOR,en,spelling_variation,True,caller
SAATHI_02349,सुनिए... अब जिंदगी में कुछ नहीं बचा मैं खुद को नुकसान पहुंचा लूंगी,SELF_HARM_CONCERN,hi,conversational,False,caller
SAATHI_02350,deep wound hai bleeding stop nahi ho rahi no first aid,MEDICAL_EMERGENCY,hinglish,spelling_variation,False,caller
SAATHI_02351,अभी मेरे बिल्कुल सामने खड़ा है वो मुझे चोट पहुंचाएगा,IMMEDIATE_PHYSICAL_DANGER,hi,standard,False,caller
SAATHI_02352,कृपया ध्यान दें... स्थिति नियंत्रण में है अब कोई झगड़ा नहीं हो रहा,CURRENT_SAFETY_REASSURANCE,hi,spelling_variation,True,caller
SAATHI_02353,Ma'am... The caste panchayat passed an illegal diktat against our family,SOCIAL_COMMUNITY_PRESSURE,en,conversational,False,caller
SAATHI_02354,बस स्टैंड पर बैठी हूं अनजान लोग मुझे घूर रहे हैं कोई आसरा नहीं...,NO_SAFE_PLACE_HOMELESSNESS,hi,incomplete_hesitant,False,caller
SAATHI_02355,"मैं पूरी तरह से टूट चुकी हूं बहुत डर गई हूं, मुझे बहुत चिंता हो रही है।",FEAR_DISTRESS_PANIC,hi,compound_dialogue,False,caller
SAATHI_02356,"अभी तक सब शांत था पर अचानक फिर से चिल्लाने की आवाजें आ रही हैं, मुझे बहुत चिंता हो रही है।",CONTRADICTORY_CHANGING_SITUATION,hi,compound_dialogue,False,caller
SAATHI_02357,I was looking at the ceiling fan and thinking about hanging myself,SELF_HARM_CONCERN,en,conversational,False,caller
SAATHI_02358,inappropriate places par touch kiya bina consent ke,SEXUAL_VIOLENCE_HARASSMENT,hinglish,short,False,caller
SAATHI_02359,कृपया ध्यान दें... उसने मुझे लोहे की रॉड से मारा है पीठ पर गहरी चोट है,PHYSICAL_VIOLENCE_INJURY,hi,spelling_variation,False,caller
SAATHI_02360,sir... caste based exclusion face kar rahe hain public road use karne par,DISCRIMINATION_CASTE_VULNERABILITY,hinglish,conversational,False,caller
SAATHI_02361,सुनिए... वो फर्श पर गिर पड़े हैं नब्ज बहुत कमजोर चल रही है,MEDICAL_EMERGENCY,hi,conversational,False,caller
SAATHI_02362,bus stand par akeli baithi hoon strangers are stalking jaldi...,NO_SAFE_PLACE_HOMELESSNESS,hinglish,incomplete_hesitant,False,caller
SAATHI_02363,"khap panchayat illegal order pass karke hume isolate kar rahi, please kuch jaldi kijiye.",SOCIAL_COMMUNITY_PRESSURE,hinglish,compound_dialogue,False,caller
SAATHI_02364,"He calls me from dozens of virtual numbers whenever I block him, I am urgently asking for intervention.",STALKING_FOLLOWING,en,compound_dialogue,False,caller
SAATHI_02365,Deploy a quick response team to our coordinates right now,REQUEST_POLICE_EMERGENCY_HELP,en,short,False,caller
SAATHI_02366,80 years old elderly mother hai jo walk nahi kar sakti,CHILD_ELDERLY_DISABILITY_VULNERABILITY,hinglish,spelling_variation,False,caller
SAATHI_02367,"Immediate emergency has passed, situation is stable",CURRENT_SAFETY_REASSURANCE,en,short,True,caller
SAATHI_02368,कृपया ध्यान दें... समाज के ठेकेदार हमें गांव छोड़कर जाने का फरमान सुना रहे हैं,SOCIAL_COMMUNITY_PRESSURE,hi,spelling_variation,False,caller
SAATHI_02369,emergency police help required law,REQUEST_POLICE_EMERGENCY_HELP,hinglish,short,False,caller
SAATHI_02370,infant child with me feeding nahi kar pa rahi darr se,CHILD_ELDERLY_DISABILITY_VULNERABILITY,hinglish,short,False,caller
SAATHI_02371,koi support system nahi hai mere paas I am all by myself,ISOLATION_NO_SUPPORT,hinglish,short,False,caller
SAATHI_02372,husband ne mara aur bola ghar se nikal ja aur fir...,DOMESTIC_FAMILY_VIOLENCE,hinglish,incomplete_hesitant,False,caller
SAATHI_02373,"खून की धार बह रही है मरीज की आंखें पलट रही हैं, मुझे बहुत चिंता हो रही है।",MEDICAL_EMERGENCY,hi,compound_dialogue,False,caller
SAATHI_02374,arre... dowry mein gaadi mang rahe hain nahi diya toh peet te hain,DOMESTIC_FAMILY_VIOLENCE,hinglish,conversational,False,caller
SAATHI_02375,"I am unsure whether it was a genuine threat or a misunderstanding, I am urgently asking for intervention.",UNCERTAINTY_UNCLEAR_INFO,en,compound_dialogue,False,caller
SAATHI_02376,कृपया ध्यान दें... वो सोशल मीडिया पर फेक आईडी बनाकर मेरी फोटो पर कमेंट करता है,STALKING_FOLLOWING,hi,spelling_variation,False,caller
SAATHI_02377,i am 6 months pregnant severe abdominal pain ho raha hai suno na...,CHILD_ELDERLY_DISABILITY_VULNERABILITY,hinglish,incomplete_hesitant,False,caller
SAATHI_02378,मेरी सास मुझे भूखा रखती है,DOMESTIC_FAMILY_VIOLENCE,hi,short,False,caller
SAATHI_02379,forcefully blank stamp paper par signature karwa raha hai,COERCION_BLACKMAIL,hinglish,standard,False,caller
SAATHI_02380,divorce and child custody ke legal aspects samajhne hain,REQUEST_COUNSELLING_LEGAL_MEDICAL,hinglish,standard,False,caller
SAATHI_02381,कल हम सब मिलकर एक एक्शन फिल्म देखने सिनेमा हॉल गए थे aur fir...,NEUTRAL_NO_INDICATOR,hi,incomplete_hesitant,True,caller
SAATHI_02382,jaati ka naam leke abuse kiya aur job se nikal diya,DISCRIMINATION_CASTE_VULNERABILITY,hinglish,spelling_variation,False,caller
SAATHI_02383,उसने चाकू से कट मार दिया है हाथ पर गहरा घाव है,PHYSICAL_VIOLENCE_INJURY,hi,incomplete_hesitant,False,caller
SAATHI_02384,"He beat me with a belt and there are severe bruises across my back, I am urgently asking for intervention.",PHYSICAL_VIOLENCE_INJURY,en,compound_dialogue,False,caller
SAATHI_02385,baal pakad ke deewar pe maara sar khoon nikal raha,PHYSICAL_VIOLENCE_INJURY,hinglish,spelling_variation,False,caller
SAATHI_02386,"chaku se cut lagaya hai deep wound hai bleeding ho rahi, please kuch jaldi kijiye.",PHYSICAL_VIOLENCE_INJURY,hinglish,compound_dialogue,False,caller
SAATHI_02387,samajik dabav itna hai ki koi help ke liye aage nahi aa raha,SOCIAL_COMMUNITY_PRESSURE,hinglish,spelling_variation,False,caller
SAATHI_02388,We were discussing a crime fiction novel in our university book club,NEUTRAL_NO_INDICATOR,en,spelling_variation,True,caller
SAATHI_02389,Continuous criminal blackmail and extortion over private media,COERCION_BLACKMAIL,en,spelling_variation,False,caller
SAATHI_02390,रेस्क्यू टीम,REQUEST_POLICE_EMERGENCY_HELP,hi,short,False,caller
SAATHI_02391,sir... no landmark visible nearby just empty road,UNCERTAINTY_UNCLEAR_INFO,hinglish,conversational,False,caller
SAATHI_02392,"Acute respiratory distress, lips turning blue, need oxygen support",MEDICAL_EMERGENCY,en,standard,False,caller
SAATHI_02393,कल रात टीवी सीरियल में बहुत रोमांचक सस्पेंस वाला सीन था,NEUTRAL_NO_INDICATOR,hi,short,True,caller
SAATHI_02394,कृपया ध्यान दें... उसके पास हथियार है और वो मुझे मारने के लिए बढ़ रहा है,IMMEDIATE_PHYSICAL_DANGER,hi,spelling_variation,False,caller
SAATHI_02395,कभी हाथ जोड़ता है फिर अचानक कॉलर पकड़ लेता है,CONTRADICTORY_CHANGING_SITUATION,hi,short,False,caller
SAATHI_02396,ab wo andar aa gaya hai mujhe maarne dauda hai,IMMEDIATE_PHYSICAL_DANGER,hinglish,short,False,caller
SAATHI_02397,pet mein kick kiya hai unbearable pain ho raha hai,PHYSICAL_VIOLENCE_INJURY,hinglish,standard,False,caller
SAATHI_02398,"I cannot continue living under this trauma, I want to die",SELF_HARM_CONCERN,en,short,False,caller
SAATHI_02399,कृपया ध्यान दें... मेरी सास मुझे भूखा रखती है और मानसिक रूप से टॉर्चर करती है,DOMESTIC_FAMILY_VIOLENCE,hi,spelling_variation,False,caller
SAATHI_02400,उसने मेरे साथ जबरदस्ती संबंध बनाने का दबाव डाला aur fir...,SEXUAL_VIOLENCE_HARASSMENT,hi,incomplete_hesitant,False,caller
SAATHI_02401,Escaped violent situation but now stranded without any safe place,NO_SAFE_PLACE_HOMELESSNESS,en,spelling_variation,False,caller
SAATHI_02402,"paise demand kar raha hai varna video upload kar dega, please kuch jaldi kijiye.",COERCION_BLACKMAIL,hinglish,compound_dialogue,False,caller
SAATHI_02403,public place mein chedkhani ki aur molest kiya pata nahi...,SEXUAL_VIOLENCE_HARASSMENT,hinglish,incomplete_hesitant,False,caller
SAATHI_02404,psychological guidance and rehabilitation support chahiye...,REQUEST_COUNSELLING_LEGAL_MEDICAL,hinglish,incomplete_hesitant,False,caller
SAATHI_02405,Requesting legal advisor consultation regarding divorce petition,REQUEST_COUNSELLING_LEGAL_MEDICAL,en,standard,False,caller
SAATHI_02406,lag raha hai koi tha but i am not completely sure,UNCERTAINTY_UNCLEAR_INFO,hinglish,standard,False,caller
SAATHI_02407,Help me... He threatened that he will burn my house down,THREAT_INTIMIDATION,en,conversational,False,caller
SAATHI_02408,cheetah mobile ya interceptor vehicle turant send kijiye,REQUEST_POLICE_EMERGENCY_HELP,hinglish,conversational,False,caller
SAATHI_02409,"पार्क की बेंच पर बैठी हूं ठंड से कांप रही हूं कोई सेफ जगह नहीं, मुझे बहुत चिंता हो रही है।",NO_SAFE_PLACE_HOMELESSNESS,hi,compound_dialogue,False,caller
SAATHI_02410,आरक्षण और जाति को लेकर मुझे कार्यस्थल पर प्रताड़ित किया जा रहा है jaldi...,DISCRIMINATION_CASTE_VULNERABILITY,hi,incomplete_hesitant,False,caller
SAATHI_02411,"he is outside right now with an iron rod kicking the door, please kuch jaldi kijiye.",IMMEDIATE_PHYSICAL_DANGER,hinglish,compound_dialogue,False,caller
SAATHI_02412,"She swallowed rat poison and is foaming at the mouth, rush medical team",MEDICAL_EMERGENCY,en,standard,False,caller
SAATHI_02413,i feel like killing myself right now,SELF_HARM_CONCERN,hinglish,standard,False,caller
SAATHI_02414,"Hello... He claimed he would call the police, then started barricading the exits",CONTRADICTORY_CHANGING_SITUATION,en,conversational,False,caller
SAATHI_02415,कृपया ध्यान दें... पूरी बिरादरी ने हमारे खिलाफ मोर्चा खोल रखा है,SOCIAL_COMMUNITY_PRESSURE,hi,spelling_variation,False,caller
SAATHI_02416,कृपया ध्यान दें... अभी के लिए शांति है हम सेफ जगह पर शिफ्ट हो गए हैं,CURRENT_SAFETY_REASSURANCE,hi,spelling_variation,True,caller
SAATHI_02417,"There is no one in my corner, I am totally alone in this struggle",ISOLATION_NO_SUPPORT,en,short,False,caller
SAATHI_02418,mental health support ke liye psychologist counselling chahiye,REQUEST_COUNSELLING_LEGAL_MEDICAL,hinglish,spelling_variation,False,caller
SAATHI_02419,मैडम... मेरे रहने का कोई फायदा नहीं है दुनिया में,SELF_HARM_CONCERN,hi,conversational,False,caller
SAATHI_02420,पूरा मोहल्ला हमारे खिलाफ हो गया है कोई दुकान वाला सामान नहीं दे रहा,SOCIAL_COMMUNITY_PRESSURE,hi,short,False,caller
SAATHI_02421,Deploy a quick response team to our coordinates right now,REQUEST_POLICE_EMERGENCY_HELP,en,spelling_variation,False,caller
SAATHI_02422,majboor kar raha hai ki main uski galat shartein manoon,COERCION_BLACKMAIL,hinglish,spelling_variation,False,caller
SAATHI_02423,मैं ब्लेड से अपने हाथ पर कट लगाने जा रही थी,SELF_HARM_CONCERN,hi,short,False,caller
SAATHI_02424,ab main police station aa gayi hoon safe hoon bilkul,CURRENT_SAFETY_REASSURANCE,hinglish,standard,True,caller
SAATHI_02425,उसने मेरा कॉलर पकड़ लिया है प्लीज बचाओ,IMMEDIATE_PHYSICAL_DANGER,hi,short,False,caller
SAATHI_02426,उसने धोखे से मेरी तस्वीरें लीं और अब ब्लैकमेल करके ब्लैकमनी मांग रहा,COERCION_BLACKMAIL,hi,standard,False,caller
SAATHI_02427,मेरे होंठ कट गए हैं और दांत से खून आ रहा है मारपीट की वजह से,PHYSICAL_VIOLENCE_INJURY,hi,standard,False,caller
SAATHI_02428,घरेलू प्रताड़ना इतनी बढ़ गई है कि जीना दूभर हो गया है aur fir...,DOMESTIC_FAMILY_VIOLENCE,hi,incomplete_hesitant,False,caller
SAATHI_02429,Persistent stalking behavior that makes me afraid to leave my house,STALKING_FOLLOWING,en,conversational,False,caller
SAATHI_02430,"Social harassment where neighbors spit and insult us when we step outside, I am urgently asking for intervention.",SOCIAL_COMMUNITY_PRESSURE,en,compound_dialogue,False,caller
SAATHI_02431,Officer... Officers have secured the premises and everyone is safe,CURRENT_SAFETY_REASSURANCE,en,conversational,True,caller
SAATHI_02432,हमला हो रहा है तुरंत पुलिस भेजिए इसी सेकंड,IMMEDIATE_PHYSICAL_DANGER,hi,short,False,caller
SAATHI_02433,एफआईआर दर्ज करवाने की कानूनी प्रक्रिया क्या है मार्गदर्शन करें,REQUEST_COUNSELLING_LEGAL_MEDICAL,hi,short,False,caller
SAATHI_02434,police department awareness program run kar raha hai safety par,NEUTRAL_NO_INDICATOR,hinglish,short,True,caller
SAATHI_02435,He recorded me without my knowledge,COERCION_BLACKMAIL,en,short,False,caller
SAATHI_02436,"He threatened to destroy me, then broke down crying asking for mercy",CONTRADICTORY_CHANGING_SITUATION,en,standard,False,caller
SAATHI_02437,He said he will send edited photos to my father unless I pay him,COERCION_BLACKMAIL,en,standard,False,caller
SAATHI_02438,जाति के आधार पर मुझे किराए का कमरा देने से मना कर दिया गया,DISCRIMINATION_CASTE_VULNERABILITY,hi,short,False,caller
SAATHI_02439,Coordinated harassment campaign organized by local influential figures,SOCIAL_COMMUNITY_PRESSURE,en,standard,False,caller
SAATHI_02440,हमारे पड़ोस में शादी का फंक्शन चल रहा है और डीजे बज रहा है,NEUTRAL_NO_INDICATOR,hi,standard,True,caller
SAATHI_02441,"रिश्तेदार और समाज मिलकर हमें बेइज्जत कर रहे हैं, मुझे बहुत चिंता हो रही है।",SOCIAL_COMMUNITY_PRESSURE,hi,compound_dialogue,False,caller
SAATHI_02442,"He demands large sums of extortion money or else he will upload my video, I am urgently asking for intervention.",COERCION_BLACKMAIL,en,compound_dialogue,False,caller
SAATHI_02443,"He beat me with a belt and there are severe bruises across my back, I am urgently asking for intervention.",PHYSICAL_VIOLENCE_INJURY,en,compound_dialogue,False,caller
SAATHI_02444,Choking on blood,MEDICAL_EMERGENCY,en,short,False,caller
SAATHI_02445,"Alert the station house officer for immediate backup, I am urgently asking for intervention.",REQUEST_POLICE_EMERGENCY_HELP,en,compound_dialogue,False,caller
SAATHI_02446,Local authorities refuse to register our complaint due to dominant caste clout,DISCRIMINATION_CASTE_VULNERABILITY,en,standard,False,caller
SAATHI_02447,Subjected to systemic caste-based slurs and unlawful termination from work,DISCRIMINATION_CASTE_VULNERABILITY,en,spelling_variation,False,caller
SAATHI_02448,पति ने कहा कि तेरे बाप से 5 लाख ला नहीं तो मार डालूंगा jaldi...,DOMESTIC_FAMILY_VIOLENCE,hi,incomplete_hesitant,False,caller
SAATHI_02449,"bilkul shiver kar rahi hoon darr lag raha hai, please kuch jaldi kijiye.",FEAR_DISTRESS_PANIC,hinglish,compound_dialogue,False,caller
SAATHI_02450,gala dabane ki koshish ki thi usne suffocated feel hua,PHYSICAL_VIOLENCE_INJURY,hinglish,standard,False,caller
SAATHI_02451,"Forced out of my residence without any money or temporary shelter, I am urgently asking for intervention.",NO_SAFE_PLACE_HOMELESSNESS,en,compound_dialogue,False,caller
SAATHI_02452,"वो दरवाजे के बाहर खड़ा है और गेट तोड़ने की कोशिश कर रहा है, मुझे बहुत चिंता हो रही है।",IMMEDIATE_PHYSICAL_DANGER,hi,compound_dialogue,False,caller
SAATHI_02453,He threatened to distribute forged defamatory pictures to my employers,COERCION_BLACKMAIL,en,short,False,caller
SAATHI_02454,उसने मेरा कॉलर पकड़ लिया है प्लीज बचाओ,IMMEDIATE_PHYSICAL_DANGER,hi,short,False,caller
SAATHI_02455,मेरी गोद में तीन महीने का छोटा बच्चा है और हमें बाहर निकाल दिया,CHILD_ELDERLY_DISABILITY_VULNERABILITY,hi,standard,False,caller
SAATHI_02456,i am very scared please kuch kijiye,FEAR_DISTRESS_PANIC,hinglish,standard,False,caller
SAATHI_02457,He kicked me repeatedly in the ribs while I was on the floor,PHYSICAL_VIOLENCE_INJURY,en,standard,False,caller
SAATHI_02458,please koi safe shelter home ya protection home bataiye,NO_SAFE_PLACE_HOMELESSNESS,hinglish,short,False,caller
SAATHI_02459,ghar mein sirf minor children hain severe safety vulnerability,CHILD_ELDERLY_DISABILITY_VULNERABILITY,hinglish,spelling_variation,False,caller
SAATHI_02460,"I am confined to this room and prohibited from speaking to anyone, I am urgently asking for intervention.",ISOLATION_NO_SUPPORT,en,compound_dialogue,False,caller
SAATHI_02461,कृपया ध्यान दें... उसने मुझे नशीला पदार्थ पिलाकर गलत काम करने की कोशिश की,SEXUAL_VIOLENCE_HARASSMENT,hi,spelling_variation,False,caller
SAATHI_02462,ab main police station aa gayi hoon safe hoon bilkul jaldi...,CURRENT_SAFETY_REASSURANCE,hinglish,incomplete_hesitant,True,caller
SAATHI_02463,"स्पेशल चाइल्ड है मेरा वो बहुत डर गया है पैनिक कर रहा है, मुझे बहुत चिंता हो रही है।",CHILD_ELDERLY_DISABILITY_VULNERABILITY,hi,compound_dialogue,False,caller
SAATHI_02464,मेरी बात सुनिए... मैं पूरी तरह से टूट चुकी हूं बहुत डर गई हूं,FEAR_DISTRESS_PANIC,hi,conversational,False,caller
SAATHI_02465,"Memory is clouded by shock, unable to confirm exact facts",UNCERTAINTY_UNCLEAR_INFO,en,incomplete_hesitant,False,caller
SAATHI_02466,ab sab theek hai police is present at spot,CURRENT_SAFETY_REASSURANCE,hinglish,incomplete_hesitant,True,caller
SAATHI_02467,My 85-year-old bedridden mother is with me and cannot walk or escape,CHILD_ELDERLY_DISABILITY_VULNERABILITY,en,spelling_variation,False,caller
SAATHI_02468,Help me... The entire locality has turned hostile and threatens collective violence,SOCIAL_COMMUNITY_PRESSURE,en,conversational,False,caller
SAATHI_02469,रात भर खुले आसमान के नीचे रहने को मजबूर हूं,NO_SAFE_PLACE_HOMELESSNESS,hi,incomplete_hesitant,False,caller
SAATHI_02470,"पुलिस को भेजिए ताकि हमलावर को पकड़ा जा सके, मुझे बहुत चिंता हो रही है।",REQUEST_POLICE_EMERGENCY_HELP,hi,compound_dialogue,False,caller
SAATHI_02471,"Extreme mood swings, swinging from calm rational words to intense rage jaldi...",CONTRADICTORY_CHANGING_SITUATION,en,incomplete_hesitant,False,caller
SAATHI_02472,He has an iron rod and is walking aggressively towards me,IMMEDIATE_PHYSICAL_DANGER,en,standard,False,caller
SAATHI_02473,He follows me into convenience stores and stands right behind me,STALKING_FOLLOWING,en,standard,False,caller
SAATHI_02474,"hukka pani band karne ka farman sunaya gaya hai biradari dwara, please kuch jaldi kijiye.",SOCIAL_COMMUNITY_PRESSURE,hinglish,compound_dialogue,False,caller
SAATHI_02475,"I am trembling in horror at what might happen, I am urgently asking for intervention.",FEAR_DISTRESS_PANIC,en,compound_dialogue,False,caller
SAATHI_02476,bohot ghabrahat ho rahi hai panic attack jaisa lag raha,FEAR_DISTRESS_PANIC,hinglish,incomplete_hesitant,False,caller
SAATHI_02477,"Please listen... It might have been accidental, I honestly cannot tell",UNCERTAINTY_UNCLEAR_INFO,en,conversational,False,caller
SAATHI_02478,god mein 3 months ka chota baby hai aur road par khadi hoon please...,CHILD_ELDERLY_DISABILITY_VULNERABILITY,hinglish,incomplete_hesitant,False,caller
SAATHI_02479,Officer... I am confined to this room and prohibited from speaking to anyone,ISOLATION_NO_SUPPORT,en,conversational,False,caller
SAATHI_02480,उसके हाथ में चाकू है और वो अंदर घुसने की कोशिश कर रहा है jaldi...,IMMEDIATE_PHYSICAL_DANGER,hi,incomplete_hesitant,False,caller
SAATHI_02481,मुझे डॉक्टर से चेकअप के लिए अपॉइंटमेंट की जानकारी चाहिए...,REQUEST_COUNSELLING_LEGAL_MEDICAL,hi,incomplete_hesitant,False,caller
SAATHI_02482,private photos viral karne ki dhamki deke blackmail kar raha hai,COERCION_BLACKMAIL,hinglish,short,False,caller
SAATHI_02483,"I am overwhelmed with panic, please stay on the line",FEAR_DISTRESS_PANIC,en,spelling_variation,False,caller
SAATHI_02484,emergency police help required law,REQUEST_POLICE_EMERGENCY_HELP,hinglish,short,False,caller
SAATHI_02485,अरे... वो रोज मेरे जिम के बाहर खड़ा रहता है मुझे बहुत घबराहट होती है,STALKING_FOLLOWING,hi,conversational,False,caller
SAATHI_02486,no one to turn to in this entire district,ISOLATION_NO_SUPPORT,hinglish,spelling_variation,False,caller
SAATHI_02487,My daughter has severe mobility disabilities and cannot run away,CHILD_ELDERLY_DISABILITY_VULNERABILITY,en,standard,False,caller
SAATHI_02488,छोटे मासूम बच्चे हैं उनको छुपा कर बैठी हूं,CHILD_ELDERLY_DISABILITY_VULNERABILITY,hi,short,False,caller
SAATHI_02489,प्लीज जल्दी सुनिए मुझे बहुत खौफ हो रहा है,FEAR_DISTRESS_PANIC,hi,incomplete_hesitant,False,caller
SAATHI_02490,god mein 3 months ka chota baby hai aur road par khadi hoon aur fir...,CHILD_ELDERLY_DISABILITY_VULNERABILITY,hinglish,incomplete_hesitant,False,caller
SAATHI_02491,उसने मुझे लोहे की रॉड से मारा है पीठ पर गहरी चोट है,PHYSICAL_VIOLENCE_INJURY,hi,short,False,caller
SAATHI_02492,kisi ka support nahi hai completely alone in this city,ISOLATION_NO_SUPPORT,hinglish,spelling_variation,False,caller
SAATHI_02493,प्लीज... सबने मुझे छोड़ दिया है मैं लाचार और अकेली पड़ गई हूं,ISOLATION_NO_SUPPORT,hi,conversational,False,caller
SAATHI_02494,Not sure if they were tailing me or just heading in the same direction,UNCERTAINTY_UNCLEAR_INFO,en,spelling_variation,False,caller
SAATHI_02495,A pregnant woman subjected to violence and in critical vulnerability pata nahi...,CHILD_ELDERLY_DISABILITY_VULNERABILITY,en,incomplete_hesitant,False,caller
SAATHI_02496,He fluctuates between begging for forgiveness,CONTRADICTORY_CHANGING_SITUATION,en,short,False,caller
SAATHI_02497,"The situation has de-escalated, he left the premises",CURRENT_SAFETY_REASSURANCE,en,spelling_variation,True,caller
SAATHI_02498,meri daughter disabled hai wheelchair par hum bhaag nahi sakte,CHILD_ELDERLY_DISABILITY_VULNERABILITY,hinglish,standard,False,caller
SAATHI_02499,nari niketan ya women shelter house mein admission chahiye jaldi...,NO_SAFE_PLACE_HOMELESSNESS,hinglish,incomplete_hesitant,False,caller
SAATHI_02500,He burnt my hand with a cigarette and hit me with a wooden stick,PHYSICAL_VIOLENCE_INJURY,en,standard,False,caller
SAATHI_02501,situation constantly changing fluctuating every few minutes,CONTRADICTORY_CHANGING_SITUATION,hinglish,standard,False,caller
SAATHI_02502,He slapped me so violently that my eardrum started ringing and bleeding...,PHYSICAL_VIOLENCE_INJURY,en,incomplete_hesitant,False,caller
SAATHI_02503,emergency police help required law and order violation here,REQUEST_POLICE_EMERGENCY_HELP,hinglish,spelling_variation,False,caller
SAATHI_02504,He pushed me down the flight of stairs causing serious injuries,PHYSICAL_VIOLENCE_INJURY,en,short,False,caller
SAATHI_02505,meri will ke against physically violate karne ki koshish ki,SEXUAL_VIOLENCE_HARASSMENT,hinglish,spelling_variation,False,caller
SAATHI_02506,dowry mein gaadi mang rahe hain nahi diya toh peet te hain,DOMESTIC_FAMILY_VIOLENCE,hinglish,conversational,False,caller
SAATHI_02507,"I want to kill myself, the agony is completely unbearable",SELF_HARM_CONCERN,en,short,False,caller
SAATHI_02508,meri jaan khatre mein hai wo mujhe pakadne aa raha hai,IMMEDIATE_PHYSICAL_DANGER,hinglish,standard,False,caller
SAATHI_02509,"I think I heard something suspicious, but I cannot be certain",UNCERTAINTY_UNCLEAR_INFO,en,standard,False,caller
SAATHI_02510,"I only know I am somewhere near the bypass, no street numbers",UNCERTAINTY_UNCLEAR_INFO,en,short,False,caller
SAATHI_02511,extortion racket chal raha hai photos ke naam pe blackmail karke,COERCION_BLACKMAIL,hinglish,standard,False,caller
SAATHI_02512,कृपया ध्यान दें... वो मुझे किसी अवैध काम में शामिल होने के लिए ब्लैकमेल कर रहा है,COERCION_BLACKMAIL,hi,spelling_variation,False,caller
SAATHI_02513,"He touched me in an obscene manner and threatened retaliation, I am urgently asking for intervention.",SEXUAL_VIOLENCE_HARASSMENT,en,compound_dialogue,False,caller
SAATHI_02514,मेरे पास रहने की कोई जगह नहीं है ठंड में रेलवे स्टेशन पर हूं,NO_SAFE_PLACE_HOMELESSNESS,hi,short,False,caller
SAATHI_02515,"My mind is in a fog, I cannot recall the exact timeline",UNCERTAINTY_UNCLEAR_INFO,en,incomplete_hesitant,False,caller
SAATHI_02516,"Nobody would care if I died tonight, I want to end everything, I am urgently asking for intervention.",SELF_HARM_CONCERN,en,compound_dialogue,False,caller
SAATHI_02517,I am stranded on the street pavement with no safe shelter tonight,NO_SAFE_PLACE_HOMELESSNESS,en,short,False,caller
SAATHI_02518,वो छत से कूदकर अंदर घुस आया है जान बचाओ,IMMEDIATE_PHYSICAL_DANGER,hi,standard,False,caller
SAATHI_02519,body par multiple bruises hain uski beating ki wajah se,PHYSICAL_VIOLENCE_INJURY,hinglish,standard,False,caller
SAATHI_02520,"He is using compromising screenshots to extort compliance from me, I am urgently asking for intervention.",COERCION_BLACKMAIL,en,compound_dialogue,False,caller
SAATHI_02521,सुनिए... पता नहीं कि उसने मुझे जानबूझकर धक्का दिया या गलती से,UNCERTAINTY_UNCLEAR_INFO,hi,conversational,False,caller
SAATHI_02522,sir... audio recordings edit karke defame karne ki blackmail de raha,COERCION_BLACKMAIL,hinglish,conversational,False,caller
SAATHI_02523,suniye... bahar nikalne nahi dete phone bhi restricted hai,ISOLATION_NO_SUPPORT,hinglish,conversational,False,caller
SAATHI_02524,"laga tha truce ho gaya settlement but fir assault shuru, please kuch jaldi kijiye.",CONTRADICTORY_CHANGING_SITUATION,hinglish,compound_dialogue,False,caller
SAATHI_02525,turant police bhejiye wo mujh par attack karne aa raha aur fir...,IMMEDIATE_PHYSICAL_DANGER,hinglish,incomplete_hesitant,False,caller
SAATHI_02526,saans nahi aa rahi heavy bleeding ho rahi hai send ambulance...,MEDICAL_EMERGENCY,hinglish,incomplete_hesitant,False,caller
SAATHI_02527,The neighborhood mob is pelting stones and blocking our gate,SOCIAL_COMMUNITY_PRESSURE,en,standard,False,caller
SAATHI_02528,कृपया ध्यान दें... पुलिस भेजो जल्दी नहीं तो वो मार देगा,REQUEST_POLICE_EMERGENCY_HELP,hi,spelling_variation,False,caller
SAATHI_02529,Suffering physical violence rooted in deep-seated caste hostility,DISCRIMINATION_CASTE_VULNERABILITY,en,short,False,caller
SAATHI_02530,शादी के बाद से रोज घर में मारपीट और गाली-गलौज होती है jaldi...,DOMESTIC_FAMILY_VIOLENCE,hi,incomplete_hesitant,False,caller
SAATHI_02531,bachaoo mujhe wo mere upar hamla karne dauda hai,IMMEDIATE_PHYSICAL_DANGER,hinglish,spelling_variation,False,caller
SAATHI_02532,दलित होने की वजह से मंदिर में जाने पर मारपीट की गई aur fir...,DISCRIMINATION_CASTE_VULNERABILITY,hi,incomplete_hesitant,False,caller
SAATHI_02533,कृपया ध्यान दें... तुरंत गाड़ी भेजो वो लाठी लेकर मुझ पर हमला करने आ रहा है,IMMEDIATE_PHYSICAL_DANGER,hi,spelling_variation,False,caller
SAATHI_02534,कृपया ध्यान दें... मुझे ठीक से नहीं पता मैं कहां हूं सड़क का नाम याद नहीं आ रहा,UNCERTAINTY_UNCLEAR_INFO,hi,spelling_variation,False,caller
SAATHI_02535,बुजुर्ग महिला अकेली रहती है उसकी देखभाल करने वाला कोई नहीं,CHILD_ELDERLY_DISABILITY_VULNERABILITY,hi,short,False,caller
SAATHI_02536,Requesting immediate police assistance at landmark building,REQUEST_POLICE_EMERGENCY_HELP,en,short,False,caller
SAATHI_02537,"belt se mara hai usne puri back par red marks hain, please kuch jaldi kijiye.",PHYSICAL_VIOLENCE_INJURY,hinglish,compound_dialogue,False,caller
SAATHI_02538,no one to turn to in this entire district,ISOLATION_NO_SUPPORT,hinglish,spelling_variation,False,caller
SAATHI_02539,kehta hai agar wapas nahi aayi toh maar dalunga,THREAT_INTIMIDATION,hinglish,standard,False,caller
SAATHI_02540,निचली जाति का कहकर स्कूल में मेरे बच्चे को अलग बिठाया गया,DISCRIMINATION_CASTE_VULNERABILITY,hi,conversational,False,caller
SAATHI_02541,वो अपनी ही बातों से पलट रहा है कभी हां कभी ना बोलता है,CONTRADICTORY_CHANGING_SITUATION,hi,short,False,caller
SAATHI_02542,कृपया ध्यान दें... क्या आपकी संस्था लीगल काउंसलिंग और कोर्ट में मदद देती है?,REQUEST_COUNSELLING_LEGAL_MEDICAL,hi,spelling_variation,False,caller
SAATHI_02543,दबंग लोग हमारी बस्ती में आकर जातिसूचक शब्द बोलते हैं,DISCRIMINATION_CASTE_VULNERABILITY,hi,short,False,caller
SAATHI_02544,हमारी जाति का नाम लेकर बेइज्जत किया,DISCRIMINATION_CASTE_VULNERABILITY,hi,short,False,caller
SAATHI_02545,"The police patrol car has arrived on the scene and officers are with me, I am urgently asking for intervention.",CURRENT_SAFETY_REASSURANCE,en,compound_dialogue,True,caller
SAATHI_02546,"हमें सार्वजनिक रास्ते से गुजरने से रोका जाता है जाति के नाम पर, मुझे बहुत चिंता हो रही है।",DISCRIMINATION_CASTE_VULNERABILITY,hi,compound_dialogue,False,caller
SAATHI_02547,मेरे रिश्तेदार आ गए हैं अब मैं पूरी तरह सुरक्षित हूं pata nahi...,CURRENT_SAFETY_REASSURANCE,hi,incomplete_hesitant,True,caller
SAATHI_02548,akeli band hoon ghar mein koi dekhne wala nahi,ISOLATION_NO_SUPPORT,hinglish,standard,False,caller
SAATHI_02549,खिड़की का कांच तोड़ दिया है उसने वो अंदर आ रहा है,IMMEDIATE_PHYSICAL_DANGER,hi,conversational,False,caller
SAATHI_02550,A pregnant woman subjected to violence and in critical vulnerability,CHILD_ELDERLY_DISABILITY_VULNERABILITY,en,standard,False,caller
SAATHI_02551,kehta hai tera jeena haram kar dunga please...,THREAT_INTIMIDATION,hinglish,incomplete_hesitant,False,caller
SAATHI_02552,suniye... casteist slurs dekar public tap se paani nahi lene diya,DISCRIMINATION_CASTE_VULNERABILITY,hinglish,conversational,False,caller
SAATHI_02553,"Please talk to me, I'm shivering in terror jaldi...",FEAR_DISTRESS_PANIC,en,incomplete_hesitant,False,caller
SAATHI_02554,मैडम... मोहल्ले की सभा में हमें बदनाम और प्रताड़ित किया गया,SOCIAL_COMMUNITY_PRESSURE,hi,conversational,False,caller
SAATHI_02555,suniye... bilkul shiver kar rahi hoon darr lag raha hai,FEAR_DISTRESS_PANIC,hinglish,conversational,False,caller
SAATHI_02556,chat leak karne ki threat deke illegal kaam ke liye coerce kar raha,COERCION_BLACKMAIL,hinglish,spelling_variation,False,caller
SAATHI_02557,"I am fine now, with trusted friends in a secure compound jaldi...",CURRENT_SAFETY_REASSURANCE,en,incomplete_hesitant,True,caller
SAATHI_02558,मेरे सिर पर कोई छत नहीं है मैं कहां जाऊं रात काटने के लिए,NO_SAFE_PLACE_HOMELESSNESS,hi,standard,False,caller
SAATHI_02559,madam... knocking stop hui thi laga relief hai but ab rod leke aaya,CONTRADICTORY_CHANGING_SITUATION,hinglish,conversational,False,caller
SAATHI_02560,आंख में गंभीर चोट लगी है दिखाई देना बंद हो गया है pata nahi...,MEDICAL_EMERGENCY,hi,incomplete_hesitant,False,caller
SAATHI_02561,कम्युनिटी के लोग मिलकर दबाव बना रहे हैं कि हम चुप रहें please...,SOCIAL_COMMUNITY_PRESSURE,hi,incomplete_hesitant,False,caller
SAATHI_02562,sir... meri life ka koi meaning nahi bacha i want to die,SELF_HARM_CONCERN,hinglish,conversational,False,caller
SAATHI_02563,"dynamic fluctuating situation cannot anticipate next move, please kuch jaldi kijiye.",CONTRADICTORY_CHANGING_SITUATION,hinglish,compound_dialogue,False,caller
SAATHI_02564,Violent attacks on a wedding celebration because of caste discrimination,DISCRIMINATION_CASTE_VULNERABILITY,en,standard,False,caller
SAATHI_02565,पार्क की बेंच पर बैठी हूं ठंड से कांप रही हूं कोई सेफ जगह नहीं,NO_SAFE_PLACE_HOMELESSNESS,hi,conversational,False,caller
SAATHI_02566,तलाक और बच्चे की कस्टडी के कानूनी नियम समझना चाहती हूं,REQUEST_COUNSELLING_LEGAL_MEDICAL,hi,standard,False,caller
SAATHI_02567,I bought rat poison,SELF_HARM_CONCERN,en,short,False,caller
SAATHI_02568,suniye... no landmark visible nearby just empty road,UNCERTAINTY_UNCLEAR_INFO,hinglish,conversational,False,caller
SAATHI_02569,कृपया ध्यान दें... एक लड़का रोज मेरे कॉलेज से घर तक पीछा करता है,STALKING_FOLLOWING,hi,spelling_variation,False,caller
SAATHI_02570,My husband comes home intoxicated,DOMESTIC_FAMILY_VIOLENCE,en,short,False,caller
SAATHI_02571,chhat pe khadi hoon neeche koodne ka dil kar raha hai,SELF_HARM_CONCERN,hinglish,short,False,caller
SAATHI_02572,"bus mein peeche se aakar vulgar harassment kiya, please kuch jaldi kijiye.",SEXUAL_VIOLENCE_HARASSMENT,hinglish,compound_dialogue,False,caller
SAATHI_02573,suniye... sab relation tod diye unhone mere relatives ke saath,ISOLATION_NO_SUPPORT,hinglish,conversational,False,caller
SAATHI_02574,अरे... उसने मुझे ब्लैकमेल करके गलत संबंध बनाने को मजबूर किया,SEXUAL_VIOLENCE_HARASSMENT,hi,conversational,False,caller
SAATHI_02575,kehta hai tera jeena haram kar dunga,THREAT_INTIMIDATION,hinglish,standard,False,caller
SAATHI_02576,Officer... The anxiety and fear are making me dizzy and weak,FEAR_DISTRESS_PANIC,en,conversational,False,caller
SAATHI_02577,प्लीज 112 को अलर्ट करिए मुझे तुरंत पुलिस सुरक्षा चाहिए,REQUEST_POLICE_EMERGENCY_HELP,hi,standard,False,caller
SAATHI_02578,"caste and community backlash face kar rahe hain hum, please kuch jaldi kijiye.",SOCIAL_COMMUNITY_PRESSURE,hinglish,compound_dialogue,False,caller
SAATHI_02579,ससुराल वाले खाना नहीं देते और कमरे में बंद रखते हैं,DOMESTIC_FAMILY_VIOLENCE,hi,conversational,False,caller
SAATHI_02580,सर... मेरी हिम्मत जवाब दे चुकी है बहुत घबराई हुई हूं,FEAR_DISTRESS_PANIC,hi,conversational,False,caller
SAATHI_02581,कमरे में बंद हूं और मेरे पास बात करने का कोई साधन नहीं है,ISOLATION_NO_SUPPORT,hi,standard,False,caller
SAATHI_02582,deep wound hai bleeding stop nahi ho rahi no first aid,MEDICAL_EMERGENCY,hinglish,short,False,caller
SAATHI_02583,"sitting at public park shivering no safe sanctuary available, please kuch jaldi kijiye.",NO_SAFE_PLACE_HOMELESSNESS,hinglish,compound_dialogue,False,caller
SAATHI_02584,Emergency police dispatch requested for life safety please...,REQUEST_POLICE_EMERGENCY_HELP,en,incomplete_hesitant,False,caller
SAATHI_02585,He waited outside my gym,STALKING_FOLLOWING,en,short,False,caller
SAATHI_02586,apni jaan lene ka mann kar raha hai sab khatam ho jaye,SELF_HARM_CONCERN,hinglish,short,False,caller
SAATHI_02587,"Barred from using public village roads solely due to our social caste, I am urgently asking for intervention.",DISCRIMINATION_CASTE_VULNERABILITY,en,compound_dialogue,False,caller
SAATHI_02588,arre... government scholarship and welfare schemes ki basic info chahiye,NEUTRAL_NO_INDICATOR,hinglish,conversational,True,caller
SAATHI_02589,"sleeping pills khane ka soch rahi hoon bohot sari, please kuch jaldi kijiye.",SELF_HARM_CONCERN,hinglish,compound_dialogue,False,caller
SAATHI_02590,please koi safe shelter home ya protection home bataiye,NO_SAFE_PLACE_HOMELESSNESS,hinglish,spelling_variation,False,caller
SAATHI_02591,"उसने मुझे ब्लैकमेल करके गलत संबंध बनाने को मजबूर किया, मुझे बहुत चिंता हो रही है।",SEXUAL_VIOLENCE_HARASSMENT,hi,compound_dialogue,False,caller
SAATHI_02592,"Persistent stalking behavior that makes me afraid to leave my house, I am urgently asking for intervention.",STALKING_FOLLOWING,en,compound_dialogue,False,caller
SAATHI_02593,sir... casteist slurs dekar public tap se paani nahi lene diya,DISCRIMINATION_CASTE_VULNERABILITY,hinglish,conversational,False,caller
SAATHI_02594,Yesterday we went to the cinema to watch an action movie with fight scenes,NEUTRAL_NO_INDICATOR,en,standard,True,caller
SAATHI_02595,प्लीज... पहले दरवाजा पीटना बंद कर दिया था अब कुल्हाड़ी लेकर आ गया,CONTRADICTORY_CHANGING_SITUATION,hi,conversational,False,caller
SAATHI_02596,कृपया ध्यान दें... घर छोड़ना पड़ा जान बचाने के लिए पर अब कोई ठिकाना नहीं,NO_SAFE_PLACE_HOMELESSNESS,hi,spelling_variation,False,caller
SAATHI_02597,Systematic caste oppression and exclusion practiced against our community aur fir...,DISCRIMINATION_CASTE_VULNERABILITY,en,incomplete_hesitant,False,caller
SAATHI_02598,Three minor children are trapped inside the room with nowhere to go,CHILD_ELDERLY_DISABILITY_VULNERABILITY,en,short,False,caller
SAATHI_02599,scooty ke peeche bike laga ke follow karta hai continuously,STALKING_FOLLOWING,hinglish,spelling_variation,False,caller
SAATHI_02600,petrol leke aaya hai aag lagane ki koshish kar raha,IMMEDIATE_PHYSICAL_DANGER,hinglish,short,False,caller
SAATHI_02601,I am completely in panic mode,FEAR_DISTRESS_PANIC,en,short,False,caller
SAATHI_02602,police rescue van required immediately at landmark,REQUEST_POLICE_EMERGENCY_HELP,hinglish,short,False,caller
SAATHI_02603,doctor se medical checkup ke liye routine assistance chahiye,REQUEST_COUNSELLING_LEGAL_MEDICAL,hinglish,standard,False,caller
SAATHI_02604,usne hot tea throw kar di burn marks ho gaye,PHYSICAL_VIOLENCE_INJURY,hinglish,short,False,caller
SAATHI_02605,"I feel so vulnerable and deeply terrified inside, I am urgently asking for intervention.",FEAR_DISTRESS_PANIC,en,compound_dialogue,False,caller
SAATHI_02606,"He is pounding on my door right now trying to break it down, I am urgently asking for intervention.",IMMEDIATE_PHYSICAL_DANGER,en,compound_dialogue,False,caller
SAATHI_02607,मेरी बात सुनिए... कृपया वायरलेस पर मैसेज दीजिए नजदीकी चीता मोबाइल भेजिए,REQUEST_POLICE_EMERGENCY_HELP,hi,conversational,False,caller
SAATHI_02608,I am currently in a safe location and feeling completely reassured jaldi...,CURRENT_SAFETY_REASSURANCE,en,incomplete_hesitant,True,caller
SAATHI_02609,अरे... अभी तक सब शांत था पर अचानक फिर से चिल्लाने की आवाजें आ रही हैं,CONTRADICTORY_CHANGING_SITUATION,hi,conversational,False,caller
SAATHI_02610,completely helpless and alone feel ho raha hai,ISOLATION_NO_SUPPORT,hinglish,spelling_variation,False,caller
SAATHI_02611,पूरा मोहल्ला हमारे खिलाफ हो गया है कोई दुकान वाला सामान नहीं दे रहा,SOCIAL_COMMUNITY_PRESSURE,hi,short,False,caller
SAATHI_02612,I have been battered brutally and require immediate medical trauma care suno na...,PHYSICAL_VIOLENCE_INJURY,en,incomplete_hesitant,False,caller
SAATHI_02613,private photos viral karne ki dhamkee deke blackmail kar raha hai,COERCION_BLACKMAIL,hinglish,spelling_variation,False,caller
SAATHI_02614,मैं बहुत कन्फ्यूज हूं कुछ याद नहीं आ रहा क्या हुआ था pata nahi...,UNCERTAINTY_UNCLEAR_INFO,hi,incomplete_hesitant,False,caller
SAATHI_02615,कृपया ध्यान दें... जाति के आधार पर मुझे किराए का कमरा देने से मना कर दिया गया,DISCRIMINATION_CASTE_VULNERABILITY,hi,spelling_variation,False,caller
SAATHI_02616,community members threatening honor retaliation against us jaldi...,SOCIAL_COMMUNITY_PRESSURE,hinglish,incomplete_hesitant,False,caller
SAATHI_02617,I am a survivor of attempted rape and sexual battery,SEXUAL_VIOLENCE_HARASSMENT,en,spelling_variation,False,caller
SAATHI_02618,बेहोश हो गए हैं कोई रिस्पांस नहीं दे रहे तुरंत डॉक्टर चाहिए,MEDICAL_EMERGENCY,hi,standard,False,caller
SAATHI_02619,madam... maybe white car thi ya black clear notice nahi kiya,UNCERTAINTY_UNCLEAR_INFO,hinglish,conversational,False,caller
SAATHI_02620,He called me,THREAT_INTIMIDATION,en,short,False,caller
SAATHI_02621,शायद वो कोई सफेद गाड़ी थी या काली ठीक से नहीं देखा,UNCERTAINTY_UNCLEAR_INFO,hi,conversational,False,caller
SAATHI_02622,I bought rat poison,SELF_HARM_CONCERN,en,short,False,caller
SAATHI_02623,arre... operator: hello erss control room aapko kis prakar ki sahayata chahiye,NEUTRAL_NO_INDICATOR,hinglish,conversational,True,operator
SAATHI_02624,समाज के ठेकेदार हमें गांव छोड़कर जाने का फरमान सुना रहे हैं,SOCIAL_COMMUNITY_PRESSURE,hi,short,False,caller
SAATHI_02625,मैं अब सेफ रूम में बंद हूं और बाहर कोई नहीं है,CURRENT_SAFETY_REASSURANCE,hi,conversational,True,caller
SAATHI_02626,situation constantly changing fluctuating every few minutes,CONTRADICTORY_CHANGING_SITUATION,hinglish,standard,False,caller
SAATHI_02627,He punched me repeatedly in the face and fractured my jaw,PHYSICAL_VIOLENCE_INJURY,en,standard,False,caller
SAATHI_02628,bol raha hai ki ghar jalwa dunga agar complain kiya,THREAT_INTIMIDATION,hinglish,spelling_variation,False,caller
SAATHI_02629,लगातार ब्लैकमेल के जाल में फंसा कर रखा है मुझे,COERCION_BLACKMAIL,hi,standard,False,caller
SAATHI_02630,Blackmail coercion threatening to ruin my marriage and future,COERCION_BLACKMAIL,en,conversational,False,caller
SAATHI_02631,"Hello... The house was quiet for an hour, but sudden chaotic shouting just erupted",CONTRADICTORY_CHANGING_SITUATION,en,conversational,False,caller
SAATHI_02632,डॉक्टर साहब अस्पताल में मरीज की पुरानी चोट की पट्टी बदल रहे हैं,NEUTRAL_NO_INDICATOR,hi,short,True,caller
SAATHI_02633,"सिर पर डंडा मारा है खून लगातार बह रहा है, मुझे बहुत चिंता हो रही है।",PHYSICAL_VIOLENCE_INJURY,hi,compound_dialogue,False,caller
SAATHI_02634,"Help me... The house was quiet for an hour, but sudden chaotic shouting just erupted",CONTRADICTORY_CHANGING_SITUATION,en,conversational,False,caller
SAATHI_02635,कृपया ध्यान दें... एक लड़का रोज मेरे कॉलेज से घर तक पीछा करता है,STALKING_FOLLOWING,hi,spelling_variation,False,caller
SAATHI_02636,pcr van bhej do meri location par urgent police assistance needed,REQUEST_POLICE_EMERGENCY_HELP,hinglish,short,False,caller
SAATHI_02637,He warned me that nobody will be able to protect me from him,THREAT_INTIMIDATION,en,short,False,caller
SAATHI_02638,अब मुझे कोई परेशानी नहीं है मैं सुरक्षित महसूस कर रही हूं,CURRENT_SAFETY_REASSURANCE,hi,short,True,caller
SAATHI_02639,mlc medical legal examination ka process kya hota hai,REQUEST_COUNSELLING_LEGAL_MEDICAL,hinglish,short,False,caller
SAATHI_02640,Direct intervention by law enforcement required without delay,REQUEST_POLICE_EMERGENCY_HELP,en,short,False,caller
SAATHI_02641,Send immediate police reinforcements before someone gets killed,REQUEST_POLICE_EMERGENCY_HELP,en,standard,False,caller
SAATHI_02642,I have safely reached the local police station and I am secure now,CURRENT_SAFETY_REASSURANCE,en,standard,True,caller
SAATHI_02643,Influential village groups are attacking our hamlet using casteist abuse,DISCRIMINATION_CASTE_VULNERABILITY,en,spelling_variation,False,caller
SAATHI_02644,He threatened to throw acid on me over a domestic dispute...,DOMESTIC_FAMILY_VIOLENCE,en,incomplete_hesitant,False,caller
SAATHI_02645,I managed to escape into my neighbor's house and I am safe here,CURRENT_SAFETY_REASSURANCE,en,standard,True,caller
SAATHI_02646,ek ladka roz mera peecha karta hai metro station tak,STALKING_FOLLOWING,hinglish,short,False,caller
SAATHI_02647,I am having strong urges to cut myself and bleed out,SELF_HARM_CONCERN,en,standard,False,caller
SAATHI_02648,The neighborhood mob is pelting stones and blocking our gate...,SOCIAL_COMMUNITY_PRESSURE,en,incomplete_hesitant,False,caller
SAATHI_02649,Hello... Can I get psychological therapy referrals for domestic trauma survivors?,REQUEST_COUNSELLING_LEGAL_MEDICAL,en,conversational,False,caller
SAATHI_02650,"मेरी प्रतिष्ठा खराब करने की धमकी देकर मनमानी कर रहा है, मुझे बहुत चिंता हो रही है।",COERCION_BLACKMAIL,hi,compound_dialogue,False,caller
SAATHI_02651,He fluctuates between begging for forgiveness and violent screaming fits,CONTRADICTORY_CHANGING_SITUATION,en,spelling_variation,False,caller
SAATHI_02652,मेरे पति ने मुझे घर के सभी खर्चे से वंचित कर रखा है,DOMESTIC_FAMILY_VIOLENCE,hi,short,False,caller
SAATHI_02653,"evicted from house in dark lonely street right now, please kuch jaldi kijiye.",NO_SAFE_PLACE_HOMELESSNESS,hinglish,compound_dialogue,False,caller
SAATHI_02654,उसने चाकू से कट मार दिया है हाथ पर गहरा घाव है,PHYSICAL_VIOLENCE_INJURY,hi,standard,False,caller
SAATHI_02655,zabardasti pakad ke intimacy force karne laga,SEXUAL_VIOLENCE_HARASSMENT,hinglish,short,False,caller
SAATHI_02656,"Evicted without notice, sitting helpless on the roadside aur fir...",NO_SAFE_PLACE_HOMELESSNESS,en,incomplete_hesitant,False,caller
SAATHI_02657,खतरा टल गया है पुलिस आ चुकी है सब शांत है,CURRENT_SAFETY_REASSURANCE,hi,standard,True,caller
SAATHI_02658,petrol leke aaya hai aag lagane ki koshish kar raha,IMMEDIATE_PHYSICAL_DANGER,hinglish,short,False,caller
SAATHI_02659,वो मेरी प्राइवेट फोटो वायरल करने की धमकी देकर ब्लैकमेल कर रहा है,COERCION_BLACKMAIL,hi,short,False,caller
SAATHI_02660,"sab relation tod diye unhone mere relatives ke saath, please kuch jaldi kijiye.",ISOLATION_NO_SUPPORT,hinglish,compound_dialogue,False,caller
SAATHI_02661,I need urgent police protection at my residential address,REQUEST_POLICE_EMERGENCY_HELP,en,short,False,caller
SAATHI_02662,उसने कहा कि वो पुलिस बुलाएगा फिर खुद ही भागने की बात करने लगा pata nahi...,CONTRADICTORY_CHANGING_SITUATION,hi,incomplete_hesitant,False,caller
SAATHI_02663,कृपया ध्यान दें... अंदर से बहुत डर लग रहा है दिल जोर-जोर से धड़क रहा है,FEAR_DISTRESS_PANIC,hi,spelling_variation,False,caller
SAATHI_02664,untouchability practice karke humiliating treatment de rahe hain,DISCRIMINATION_CASTE_VULNERABILITY,hinglish,conversational,False,caller
SAATHI_02665,I am being coerced into signing blank property deeds under intense duress please...,COERCION_BLACKMAIL,en,incomplete_hesitant,False,caller
SAATHI_02666,कृपया ध्यान दें... डॉक्टर साहब अस्पताल में मरीज की पुरानी चोट की पट्टी बदल रहे हैं,NEUTRAL_NO_INDICATOR,hi,spelling_variation,True,caller
SAATHI_02667,मैं बहुत कन्फ्यूज हूं कुछ याद नहीं आ रहा क्या हुआ था suno na...,UNCERTAINTY_UNCLEAR_INFO,hi,incomplete_hesitant,False,caller
SAATHI_02668,वो मेरी प्राइवेट फोटो वायरल करने की धमकी देकर ब्लैकमेल कर रहा है,COERCION_BLACKMAIL,hi,short,False,caller
SAATHI_02669,Need to consult an advocate to understand bail procedures,REQUEST_COUNSELLING_LEGAL_MEDICAL,en,short,False,caller
SAATHI_02670,The perpetrator has fled the area,CURRENT_SAFETY_REASSURANCE,en,short,True,caller
SAATHI_02671,"Dispatch a police patrol car to my location immediately, emergency",REQUEST_POLICE_EMERGENCY_HELP,en,standard,False,caller
SAATHI_02672,"I am terrified, my hands are trembling uncontrollably suno na...",FEAR_DISTRESS_PANIC,en,incomplete_hesitant,False,caller
SAATHI_02673,police custody mein le liya usko tension nahi hai ab,CURRENT_SAFETY_REASSURANCE,hinglish,standard,True,caller
SAATHI_02674,शायद उसने कुछ बोला था पर समझ नहीं आया आवाज साफ नहीं थी,UNCERTAINTY_UNCLEAR_INFO,hi,standard,False,caller
SAATHI_02675,Our relatives are boycotting us due to patriarchal community dictates,SOCIAL_COMMUNITY_PRESSURE,en,spelling_variation,False,caller
SAATHI_02676,He is holding a knife and trying to force his way in suno na...,IMMEDIATE_PHYSICAL_DANGER,en,incomplete_hesitant,False,caller
SAATHI_02677,arre... wedding procession par attack kiya caste prejudice ki wajah se,DISCRIMINATION_CASTE_VULNERABILITY,hinglish,conversational,False,caller
SAATHI_02678,"मुझे सरकारी योजनाओं और पेंशन फार्म के बारे में सामान्य जानकारी चाहिए, मुझे बहुत चिंता हो रही है।",NEUTRAL_NO_INDICATOR,hi,compound_dialogue,True,caller
SAATHI_02679,hathiyar leke khada hai bahar please jaldi gaadi bhejo,IMMEDIATE_PHYSICAL_DANGER,hinglish,standard,False,caller
SAATHI_02680,arre... lathi leke do log mere ghar ke bahar khade hain ghus rahe hain,IMMEDIATE_PHYSICAL_DANGER,hinglish,conversational,False,caller
SAATHI_02681,bohot zyada nervous aur terrified feel kar rahi hoon,FEAR_DISTRESS_PANIC,hinglish,short,False,caller
SAATHI_02682,main visually impaired hoon mujhe kuch dikh nahi raha,CHILD_ELDERLY_DISABILITY_VULNERABILITY,hinglish,conversational,False,caller
SAATHI_02683,iron rod se mara hai usne leg par chal nahi pa rahi aur fir...,PHYSICAL_VIOLENCE_INJURY,hinglish,incomplete_hesitant,False,caller
SAATHI_02684,सामूहिक दबाव डालकर हमें अपनी जमीन छोड़ने पर मजबूर किया जा रहा है,SOCIAL_COMMUNITY_PRESSURE,hi,short,False,caller
SAATHI_02685,पति शराब पीकर आता है,DOMESTIC_FAMILY_VIOLENCE,hi,short,False,caller
SAATHI_02686,I need legal guidance from an attorney regarding my matrimonial rights,REQUEST_COUNSELLING_LEGAL_MEDICAL,en,short,False,caller
SAATHI_02687,Subjected to systemic caste-based slurs,DISCRIMINATION_CASTE_VULNERABILITY,en,short,False,caller
SAATHI_02688,"Nobody cares whether I live or die, zero friends or support, I am urgently asking for intervention.",ISOLATION_NO_SUPPORT,en,compound_dialogue,False,caller
SAATHI_02689,He is armed,IMMEDIATE_PHYSICAL_DANGER,en,short,False,caller
SAATHI_02690,Subjected to systemic caste-based slurs and unlawful termination from work,DISCRIMINATION_CASTE_VULNERABILITY,en,spelling_variation,False,caller
SAATHI_02691,samajik dabav itna hai ki koi help ke liye aage nahi aa raha,SOCIAL_COMMUNITY_PRESSURE,hinglish,spelling_variation,False,caller
SAATHI_02692,कृपया ध्यान दें... घर में सिर्फ छोटे अनाथ बच्चे हैं उनकी सुरक्षा का भारी खतरा है,CHILD_ELDERLY_DISABILITY_VULNERABILITY,hi,spelling_variation,False,caller
SAATHI_02693,He is compelling me under duress to perform unlawful activities,COERCION_BLACKMAIL,en,short,False,caller
SAATHI_02694,Suffering physical violence rooted in deep-seated caste hostility,DISCRIMINATION_CASTE_VULNERABILITY,en,short,False,caller
SAATHI_02695,My in-laws are demanding five lakh rupees and beating me mercilessly,DOMESTIC_FAMILY_VIOLENCE,en,standard,False,caller
SAATHI_02696,80 years old elderly mother hai jo walk nahi kar sakti,CHILD_ELDERLY_DISABILITY_VULNERABILITY,hinglish,short,False,caller
SAATHI_02697,सामंतवादी लोग हमारी फसल खराब कर रहे हैं क्योंकि हम पिछड़े वर्ग से हैं,DISCRIMINATION_CASTE_VULNERABILITY,hi,standard,False,caller
SAATHI_02698,inappropriate body touch kiya aur chup rehne ko bola,SEXUAL_VIOLENCE_HARASSMENT,hinglish,spelling_variation,False,caller
SAATHI_02699,"The police patrol car has arrived on the scene and officers are with me, I am urgently asking for intervention.",CURRENT_SAFETY_REASSURANCE,en,compound_dialogue,True,caller
SAATHI_02700,Seeking professional counseling for prolonged emotional distress,REQUEST_COUNSELLING_LEGAL_MEDICAL,en,standard,False,caller
SAATHI_02701,school mein traffic awareness,NEUTRAL_NO_INDICATOR,hinglish,short,True,caller
SAATHI_02702,मुझे खुद को खत्म करने के विचार आ रहे हैं लगातार,SELF_HARM_CONCERN,hi,standard,False,caller
SAATHI_02703,मुझे लग रहा है कि कोई था पर पक्का नहीं कह सकती,UNCERTAINTY_UNCLEAR_INFO,hi,standard,False,caller
SAATHI_02704,backward class se belong karne par physical assault kiya gaya,DISCRIMINATION_CASTE_VULNERABILITY,hinglish,standard,False,caller
SAATHI_02705,sir... police protection needed right away please dispatch,REQUEST_POLICE_EMERGENCY_HELP,hinglish,conversational,False,caller
SAATHI_02706,ना रहने का ठिकाना है ना खाने को कुछ है भटक रही हूं,NO_SAFE_PLACE_HOMELESSNESS,hi,short,False,caller
SAATHI_02707,मुझे यकीन नहीं है कि वो मेरा ही पीछा कर रहा था या किसी,UNCERTAINTY_UNCLEAR_INFO,hi,short,False,caller
SAATHI_02708,"room mein lock karke chala gaya hai bahar se taala hai, please kuch jaldi kijiye.",ISOLATION_NO_SUPPORT,hinglish,compound_dialogue,False,caller
SAATHI_02709,unresponsive state mein hai need critical medical team immediately,MEDICAL_EMERGENCY,hinglish,standard,False,caller
SAATHI_02710,turant police ki gaadi bhejiye yahan bada jhagda chal raha please...,REQUEST_POLICE_EMERGENCY_HELP,hinglish,incomplete_hesitant,False,caller
SAATHI_02711,"The house was quiet for an hour, but sudden chaotic shouting just erupted, I am urgently asking for intervention.",CONTRADICTORY_CHANGING_SITUATION,en,compound_dialogue,False,caller
SAATHI_02712,"I am friendless, helpless, and completely secluded from society",ISOLATION_NO_SUPPORT,en,spelling_variation,False,caller
SAATHI_02713,"She swallowed rat poison and is foaming at the mouth, rush medical team",MEDICAL_EMERGENCY,en,standard,False,caller
SAATHI_02714,कृपया ध्यान दें... अब स्थिति सामान्य है उसने माफी मांग ली और चला गया,CURRENT_SAFETY_REASSURANCE,hi,spelling_variation,True,caller
SAATHI_02715,psychological guidance and rehabilitation support chahiye,REQUEST_COUNSELLING_LEGAL_MEDICAL,hinglish,standard,False,caller
SAATHI_02716,domestic violence act ke under rights ki information chahiye,REQUEST_COUNSELLING_LEGAL_MEDICAL,hinglish,standard,False,caller
SAATHI_02717,please... he is tracking my daily routine and following my cab,STALKING_FOLLOWING,hinglish,conversational,False,caller
SAATHI_02718,कृपया ध्यान दें... मैं छत पर खड़ी हूं और कूदने का मन कर रहा है,SELF_HARM_CONCERN,hi,spelling_variation,False,caller
SAATHI_02719,"The anxiety and fear are making me dizzy and weak, I am urgently asking for intervention.",FEAR_DISTRESS_PANIC,en,compound_dialogue,False,caller
SAATHI_02720,laath ghoonso se peeta hai usne zameen par gira kar jaldi...,PHYSICAL_VIOLENCE_INJURY,hinglish,incomplete_hesitant,False,caller
SAATHI_02721,turant police ki gaadi bhejiye yahan bada jhagda chal raha,REQUEST_POLICE_EMERGENCY_HELP,hinglish,standard,False,caller
SAATHI_02722,I have no support system whatsoever in this remote district,ISOLATION_NO_SUPPORT,en,standard,False,caller
SAATHI_02723,अभी मेरे बिल्कुल सामने खड़ा है वो मुझे चोट पहुंचाएगा,IMMEDIATE_PHYSICAL_DANGER,hi,standard,False,caller
SAATHI_02724,sir... wo darwaze ke bahar khada hai aur todne ki koshish kar raha,IMMEDIATE_PHYSICAL_DANGER,hinglish,conversational,False,caller
SAATHI_02725,कृपया ध्यान दें... वो अपनी ही बातों से पलट रहा है कभी हां कभी ना बोलता है,CONTRADICTORY_CHANGING_SITUATION,hi,spelling_variation,False,caller
SAATHI_02726,please koi safe shelter home ya protection home bataiye,NO_SAFE_PLACE_HOMELESSNESS,hinglish,spelling_variation,False,caller
SAATHI_02727,main room mein locked hoon wo darwaza kick kar raha hai,IMMEDIATE_PHYSICAL_DANGER,hinglish,short,False,caller
SAATHI_02728,हमारी जाति का नाम लेकर बेइज्जत किया,DISCRIMINATION_CASTE_VULNERABILITY,hi,short,False,caller
SAATHI_02729,hukka pani band karne ka farman sunaya gaya hai biradari dwara,SOCIAL_COMMUNITY_PRESSURE,hinglish,conversational,False,caller
SAATHI_02730,"I have no home, no roof, and no safe refuge to sleep tonight",NO_SAFE_PLACE_HOMELESSNESS,en,standard,False,caller
SAATHI_02731,"बहुत रोना आ रहा है डर के मारे पसीने छूट रहे हैं, मुझे बहुत चिंता हो रही है।",FEAR_DISTRESS_PANIC,hi,compound_dialogue,False,caller
SAATHI_02732,arre... warning de raha hai ki tu pachtayegi bohot,THREAT_INTIMIDATION,hinglish,conversational,False,caller
SAATHI_02733,listen... legal expert se call par consultation karwaiye,REQUEST_COUNSELLING_LEGAL_MEDICAL,hinglish,conversational,False,caller
SAATHI_02734,infant child with me feeding nahi kar pa rahi dar se,CHILD_ELDERLY_DISABILITY_VULNERABILITY,hinglish,spelling_variation,False,caller
SAATHI_02735,"Hello... Nobody cares whether I live or die, zero friends or support",ISOLATION_NO_SUPPORT,en,conversational,False,caller
SAATHI_02736,"Sudden seizure and loss of consciousness requiring immediate ICU care, I am urgently asking for intervention.",MEDICAL_EMERGENCY,en,compound_dialogue,False,caller
SAATHI_02737,"free legal aid kahan se milegi guidance dijiye, please kuch jaldi kijiye.",REQUEST_COUNSELLING_LEGAL_MEDICAL,hinglish,compound_dialogue,False,caller
SAATHI_02738,"घबराहट के मारे चक्कर आ रहे हैं मुझे, मुझे बहुत चिंता हो रही है।",FEAR_DISTRESS_PANIC,hi,compound_dialogue,False,caller
SAATHI_02739,Emergency police dispatch requested for life safety jaldi...,REQUEST_POLICE_EMERGENCY_HELP,en,incomplete_hesitant,False,caller
SAATHI_02740,shadi ke baad se roz domestic violence jhel rahi hoon please...,DOMESTIC_FAMILY_VIOLENCE,hinglish,incomplete_hesitant,False,caller
SAATHI_02741,"Nowhere safe to go, sitting on a bench in the cold with my bags",NO_SAFE_PLACE_HOMELESSNESS,en,spelling_variation,False,caller
SAATHI_02742,मैं दृष्टिहीन हूं और मुझे कुछ दिखाई नहीं दे रहा कोई सहारा नहीं है,CHILD_ELDERLY_DISABILITY_VULNERABILITY,hi,conversational,False,caller
SAATHI_02743,Hello... He has broken the window and is climbing inside the house right now,IMMEDIATE_PHYSICAL_DANGER,en,conversational,False,caller
SAATHI_02744,send police intervention team immediately without delay,REQUEST_POLICE_EMERGENCY_HELP,hinglish,spelling_variation,False,caller
SAATHI_02745,"Send an ambulance immediately, severe uncontrollable bleeding from head",MEDICAL_EMERGENCY,en,standard,False,caller
SAATHI_02746,लगातार ब्लैकमेल के जाल में फंसा कर रखा है मुझे pata nahi...,COERCION_BLACKMAIL,hi,incomplete_hesitant,False,caller
SAATHI_02747,सात महीने का गर्भ है और मेरे ऊपर हाथ उठाया गया है jaldi...,CHILD_ELDERLY_DISABILITY_VULNERABILITY,hi,incomplete_hesitant,False,caller
SAATHI_02748,पति ने रात के बारह बजे घर से निकाल दिया सड़क पर बैठी हूं pata nahi...,NO_SAFE_PLACE_HOMELESSNESS,hi,incomplete_hesitant,False,caller
SAATHI_02749,Help me... I feel so vulnerable and deeply terrified inside,FEAR_DISTRESS_PANIC,en,conversational,False,caller
SAATHI_02750,"अब जिंदगी में कुछ नहीं बचा मैं खुद को नुकसान पहुंचा लूंगी, मुझे बहुत चिंता हो रही है।",SELF_HARM_CONCERN,hi,compound_dialogue,False,caller
SAATHI_02751,mohalle mein wedding reception chal raha hai music baj raha hai jaldi...,NEUTRAL_NO_INDICATOR,hinglish,incomplete_hesitant,True,caller
SAATHI_02752,"Targeted with untouchability practices and public caste humiliation, I am urgently asking for intervention.",DISCRIMINATION_CASTE_VULNERABILITY,en,compound_dialogue,False,caller
SAATHI_02753,"मैंने नींद की बहुत सारी गोलियां हाथ में ली हुई हैं, मुझे बहुत चिंता हो रही है।",SELF_HARM_CONCERN,hi,compound_dialogue,False,caller
SAATHI_02754,"darr ke mare main roye ja rahi hoon control nahi ho raha, please kuch jaldi kijiye.",FEAR_DISTRESS_PANIC,hinglish,compound_dialogue,False,caller
SAATHI_02755,वो मेरे पड़ोसियों से मेरे बारे में पूछताछ कर रहा था,STALKING_FOLLOWING,hi,short,False,caller
SAATHI_02756,"Please listen... He attacked me with a blunt iron rod, my arm is badly fractured",PHYSICAL_VIOLENCE_INJURY,en,conversational,False,caller
SAATHI_02757,"dhamki mil rahi hai ki bacho ko nuksan pahuchayega, please kuch jaldi kijiye.",THREAT_INTIMIDATION,hinglish,compound_dialogue,False,caller
SAATHI_02758,बाहर जाने पर पाबंदी है घर में अकेली बंद रहती हूं aur fir...,ISOLATION_NO_SUPPORT,hi,incomplete_hesitant,False,caller
SAATHI_02759,Send immediate police reinforcements before someone gets killed please...,REQUEST_POLICE_EMERGENCY_HELP,en,incomplete_hesitant,False,caller
SAATHI_02760,My spouse assaults me in front of our minor children regularly,DOMESTIC_FAMILY_VIOLENCE,en,short,False,caller
SAATHI_02761,कृपया ध्यान दें... वो मेरी पर्सनल ऑडियो रिकॉर्डिंग वायरल करने की धमकी दे रहा है,COERCION_BLACKMAIL,hi,spelling_variation,False,caller
SAATHI_02762,कृपया ध्यान दें... कल रात उसने मुझे बंदूक दिखाकर धमकाया,THREAT_INTIMIDATION,hi,spelling_variation,False,caller
SAATHI_02763,"Please help me, I am fighting severe urges to commit suicide, I am urgently asking for intervention.",SELF_HARM_CONCERN,en,compound_dialogue,False,caller
SAATHI_02764,कल रात उसने मुझे बंदूक दिखाकर धमकाया,THREAT_INTIMIDATION,hi,short,False,caller
SAATHI_02765,bohot confused hoon mind blank ho gaya hai...,UNCERTAINTY_UNCLEAR_INFO,hinglish,incomplete_hesitant,False,caller
SAATHI_02766,मेरा अब जीने का बिल्कुल मन नहीं कर रहा सब खत्म करना चाहती हूं,SELF_HARM_CONCERN,hi,standard,False,caller
SAATHI_02767,कल रात उसने मुझे बेल्ट से पीटा था पूरे शरीर पर चोट है,PHYSICAL_VIOLENCE_INJURY,hi,incomplete_hesitant,False,caller
SAATHI_02768,उसने कहा कि वो पुलिस बुलाएगा फिर खुद ही भागने की बात करने लगा,CONTRADICTORY_CHANGING_SITUATION,hi,standard,False,caller
SAATHI_02769,सब कुछ धुंधला लग रहा है याददाश्त साथ नहीं दे रही,UNCERTAINTY_UNCLEAR_INFO,hi,standard,False,caller
SAATHI_02770,zehar peene ka khayal aa raha hai baar baar suno na...,SELF_HARM_CONCERN,hinglish,incomplete_hesitant,False,caller
SAATHI_02771,The cops department is conducting a women safety awareness rally,NEUTRAL_NO_INDICATOR,en,spelling_variation,True,caller
SAATHI_02772,"unwanted surveillance aur following chal rahi hai mere against, please kuch jaldi kijiye.",STALKING_FOLLOWING,hinglish,compound_dialogue,False,caller
SAATHI_02773,"He threatened to destroy my life and harm my reputation, I am urgently asking for intervention.",THREAT_INTIMIDATION,en,compound_dialogue,False,caller
SAATHI_02774,Requesting immediate police assistance at landmark building,REQUEST_POLICE_EMERGENCY_HELP,en,short,False,caller
SAATHI_02775,madam... sir par chot aayi hai khoon beh raha hai bohot,PHYSICAL_VIOLENCE_INJURY,hinglish,conversational,False,caller
SAATHI_02776,"We were just joking and laughing among friends, no dispute took place please...",NEUTRAL_NO_INDICATOR,en,incomplete_hesitant,True,caller
SAATHI_02777,पति शराब पीकर आता है,DOMESTIC_FAMILY_VIOLENCE,hi,short,False,caller
SAATHI_02778,"He touched me in an obscene manner and threatened retaliation, I am urgently asking for intervention.",SEXUAL_VIOLENCE_HARASSMENT,en,compound_dialogue,False,caller
SAATHI_02779,turant police ki gaadi bhejiye yahan bada jhagda chal raha,REQUEST_POLICE_EMERGENCY_HELP,hinglish,standard,False,caller
SAATHI_02780,"I was subjected to sexual molestation in a closed room, I am urgently asking for intervention.",SEXUAL_VIOLENCE_HARASSMENT,en,compound_dialogue,False,caller
SAATHI_02781,"My family members have arrived to take care of me, I am out of harm's way please...",CURRENT_SAFETY_REASSURANCE,en,incomplete_hesitant,True,caller
SAATHI_02782,"Pure panic has taken over, I don't know what to do...",FEAR_DISTRESS_PANIC,en,incomplete_hesitant,False,caller
SAATHI_02783,उसने मेरे साथ जबरदस्ती करने की कोशिश की और कपड़े फाड़ दिए suno na...,SEXUAL_VIOLENCE_HARASSMENT,hi,incomplete_hesitant,False,caller
SAATHI_02784,"I am locked inside a secure room and the attacker has departed, I am urgently asking for intervention.",CURRENT_SAFETY_REASSURANCE,en,compound_dialogue,True,caller
SAATHI_02785,I am having strong urges to cut myself and bleed out please...,SELF_HARM_CONCERN,en,incomplete_hesitant,False,caller
SAATHI_02786,shadi ke baad se roz domestic violence jhel rahi hoon suno na...,DOMESTIC_FAMILY_VIOLENCE,hinglish,incomplete_hesitant,False,caller
SAATHI_02787,secretly recorded videos ko use karke extortion kar raha hai,COERCION_BLACKMAIL,hinglish,standard,False,caller
SAATHI_02788,मुझे अकेले रहने में बहुत खौफ लग रहा है pata nahi...,FEAR_DISTRESS_PANIC,hi,incomplete_hesitant,False,caller
SAATHI_02789,वार्निंग दे रहा है कि कोई तेरी मदद नहीं कर पाएगा,THREAT_INTIMIDATION,hi,short,False,caller
SAATHI_02790,तुरंत पुलिस की गाड़ी भेजिए यहां बहुत बड़ा झगड़ा हो रहा है jaldi...,REQUEST_POLICE_EMERGENCY_HELP,hi,incomplete_hesitant,False,caller
SAATHI_02791,तलाक और बच्चे की कस्टडी के कानूनी नियम समझना चाहती हूं,REQUEST_COUNSELLING_LEGAL_MEDICAL,hi,incomplete_hesitant,False,caller
SAATHI_02792,सरकारी वकील की सुविधा कैसे प्राप्त करें?,REQUEST_COUNSELLING_LEGAL_MEDICAL,hi,standard,False,caller
SAATHI_02793,office mein senior ne physical favors demand kiye,SEXUAL_VIOLENCE_HARASSMENT,hinglish,standard,False,caller
SAATHI_02794,"No prominent landmarks around here, just an unfamiliar alley, I am urgently asking for intervention.",UNCERTAINTY_UNCLEAR_INFO,en,compound_dialogue,False,caller
SAATHI_02795,अभी मेरे बिल्कुल सामने खड़ा है वो मुझे चोट पहुंचाएगा...,IMMEDIATE_PHYSICAL_DANGER,hi,incomplete_hesitant,False,caller
SAATHI_02796,Initial calm conversation suddenly flipped into a hostile hostage scenario,CONTRADICTORY_CHANGING_SITUATION,en,standard,False,caller
SAATHI_02797,I have suicidal thoughts and I feel like harming myself,SELF_HARM_CONCERN,en,spelling_variation,False,caller
SAATHI_02798,वो मुझे जबरन अपने साथ ले जाने की कोशिश कर रहा था,SEXUAL_VIOLENCE_HARASSMENT,hi,standard,False,caller
SAATHI_02799,He follows me into convenience stores and stands right behind me jaldi...,STALKING_FOLLOWING,en,incomplete_hesitant,False,caller
SAATHI_02800,community members threatening honor retaliation against us,SOCIAL_COMMUNITY_PRESSURE,hinglish,incomplete_hesitant,False,caller
SAATHI_02801,I am completely in panic mode and cannot breathe properly,FEAR_DISTRESS_PANIC,en,spelling_variation,False,caller
SAATHI_02802,Continuous criminal blackmail and extortion over private media,COERCION_BLACKMAIL,en,spelling_variation,False,caller
SAATHI_02803,mujhe lawyer se legal advice chahiye court case ke liye,REQUEST_COUNSELLING_LEGAL_MEDICAL,hinglish,spelling_variation,False,caller
SAATHI_02804,high fever convulsions seizures aa rahe hain medical help needed,MEDICAL_EMERGENCY,hinglish,short,False,caller
SAATHI_02805,mohalle wale ghar par patharbaazi kar rahe hain bahar nahi nikalne dete please...,SOCIAL_COMMUNITY_PRESSURE,hinglish,incomplete_hesitant,False,caller
SAATHI_02806,ab wo andar aa gaya hai mujhe maarne dauda hai,IMMEDIATE_PHYSICAL_DANGER,hinglish,short,False,caller
SAATHI_02807,कृपया ध्यान दें... वो मेरी प्राइवेट फोटो वायरल करने की धमकी देकर ब्लैकमेल कर रहा है,COERCION_BLACKMAIL,hi,spelling_variation,False,caller
SAATHI_02808,"saas taunt karti hai aur bhooka rakhti hai kamre mein, please kuch jaldi kijiye.",DOMESTIC_FAMILY_VIOLENCE,hinglish,compound_dialogue,False,caller
SAATHI_02809,कृपया ध्यान दें... मेरे बच्चे बहुत रो रहे हैं भूख से बिलख रहे हैं,CHILD_ELDERLY_DISABILITY_VULNERABILITY,hi,spelling_variation,False,caller
SAATHI_02810,listen... elderly bedridden father hain aur attack ho raha hai ghar par,CHILD_ELDERLY_DISABILITY_VULNERABILITY,hinglish,conversational,False,caller
SAATHI_02811,galat tarike se touch kiya jabardasti chedchad ki,SEXUAL_VIOLENCE_HARASSMENT,hinglish,short,False,caller
SAATHI_02812,An angry crowd of locals has gathered outside demanding we withdraw,SOCIAL_COMMUNITY_PRESSURE,en,short,False,caller
SAATHI_02813,He threatnd to attack me on my way home,THREAT_INTIMIDATION,en,spelling_variation,False,caller
SAATHI_02814,Officer... He lingers outside my apartment gate for hours watching my window,STALKING_FOLLOWING,en,conversational,False,caller
SAATHI_02815,"government scholarship and welfare schemes ki basic info chahiye, please kuch jaldi kijiye.",NEUTRAL_NO_INDICATOR,hinglish,compound_dialogue,True,caller
SAATHI_02816,send police intervention team immediately without delay,REQUEST_POLICE_EMERGENCY_HELP,hinglish,spelling_variation,False,caller
SAATHI_02817,मेरे सिर पर कोई छत नहीं है मैं कहां जाऊं रात काटने के लिए please...,NO_SAFE_PLACE_HOMELESSNESS,hi,incomplete_hesitant,False,caller
SAATHI_02818,तुरंत गाड़ी भेजो वो लाठी लेकर मुझ पर हमला करने आ रहा है,IMMEDIATE_PHYSICAL_DANGER,hi,short,False,caller
SAATHI_02819,मनोचिकित्सक से संपर्क करने का तरीका बताइए,REQUEST_COUNSELLING_LEGAL_MEDICAL,hi,standard,False,caller
SAATHI_02820,We were discussing a crime fiction novel in our university book club,NEUTRAL_NO_INDICATOR,en,short,True,caller
SAATHI_02821,हमारे स्कूल में सड़क सुरक्षा,NEUTRAL_NO_INDICATOR,hi,short,True,caller
SAATHI_02822,"Please send armed police units right away, situation is violent",REQUEST_POLICE_EMERGENCY_HELP,en,short,False,caller
SAATHI_02823,सामंतवादी लोग हमारी फसल खराब कर रहे हैं क्योंकि हम पिछड़े वर्ग से हैं suno na...,DISCRIMINATION_CASTE_VULNERABILITY,hi,incomplete_hesitant,False,caller
SAATHI_02824,severe burn injuries skin peel ho gayi hai crying in agony,MEDICAL_EMERGENCY,hinglish,short,False,caller
SAATHI_02825,exact location nahi pata road ka naam yaad nahi aa raha,UNCERTAINTY_UNCLEAR_INFO,hinglish,spelling_variation,False,caller
SAATHI_02826,suniye... khap panchayat illegal order pass karke hume isolate kar rahi,SOCIAL_COMMUNITY_PRESSURE,hinglish,conversational,False,caller
SAATHI_02827,ghar mein sirf minor children hain severe safety vulnerability,CHILD_ELDERLY_DISABILITY_VULNERABILITY,hinglish,spelling_variation,False,caller
SAATHI_02828,sir... gaon ki panchayat ne social boycott kar diya hai family ka,SOCIAL_COMMUNITY_PRESSURE,hinglish,conversational,False,caller
SAATHI_02829,"अब जिंदगी में कुछ नहीं बचा मैं खुद को नुकसान पहुंचा लूंगी, मुझे बहुत चिंता हो रही है।",SELF_HARM_CONCERN,hi,compound_dialogue,False,caller
SAATHI_02830,"She swallowed rat poison and is foaming at the mouth, rush medical team please...",MEDICAL_EMERGENCY,en,incomplete_hesitant,False,caller
SAATHI_02831,"Our college is hosting a martial arts and self-defense sports competition, I am urgently asking for intervention.",NEUTRAL_NO_INDICATOR,en,compound_dialogue,True,caller
SAATHI_02832,I am locked in the bathroom while he is kicking the door outside,IMMEDIATE_PHYSICAL_DANGER,en,spelling_variation,False,caller
SAATHI_02833,arre... zindagi se thak chuki hoon apni jaan de dungi,SELF_HARM_CONCERN,hinglish,conversational,False,caller
SAATHI_02834,homeless ho chuki hoon nowhere to sleep tonight,NO_SAFE_PLACE_HOMELESSNESS,hinglish,short,False,caller
SAATHI_02835,mera yahan koi nahi hai bilkul akeli hoon no relatives,ISOLATION_NO_SUPPORT,hinglish,standard,False,caller
SAATHI_02836,Ma'am... I am shaking with extreme fear and having a panic attack,FEAR_DISTRESS_PANIC,en,conversational,False,caller
SAATHI_02837,"I am overwhelmed with panic, please stay on the line",FEAR_DISTRESS_PANIC,en,short,False,caller
SAATHI_02838,Ending my own life feels like the only escape from this torment,SELF_HARM_CONCERN,en,spelling_variation,False,caller
SAATHI_02839,अगर मेरी तकलीफ खत्म नहीं हुई तो मैं अपनी जान ले लूंगी jaldi...,SELF_HARM_CONCERN,hi,incomplete_hesitant,False,caller
SAATHI_02840,backward class se belong karne par physical assault kiya gaya,DISCRIMINATION_CASTE_VULNERABILITY,hinglish,standard,False,caller
SAATHI_02841,legal counseling and documentation help provide hoti hai kya,REQUEST_COUNSELLING_LEGAL_MEDICAL,hinglish,spelling_variation,False,caller
SAATHI_02842,kabhi bolta hai care karta hai fir achanak violent ho jata hai,CONTRADICTORY_CHANGING_SITUATION,hinglish,spelling_variation,False,caller
SAATHI_02843,My daughter has severe mobility disabilities and cannot run away,CHILD_ELDERLY_DISABILITY_VULNERABILITY,en,standard,False,caller
SAATHI_02844,domestic violence act ke under rights ki information chahiye jaldi...,REQUEST_COUNSELLING_LEGAL_MEDICAL,hinglish,incomplete_hesitant,False,caller
SAATHI_02845,सर... मैं पूरी तरह से टूट चुकी हूं बहुत डर गई हूं,FEAR_DISTRESS_PANIC,hi,conversational,False,caller
SAATHI_02846,प्लीज... मुफ्त विधिक सहायता (लीगल एड) कहां से मिलेगी?,REQUEST_COUNSELLING_LEGAL_MEDICAL,hi,conversational,False,caller
SAATHI_02847,शादी के बाद से रोज घर में मारपीट और गाली-गलौज होती है aur fir...,DOMESTIC_FAMILY_VIOLENCE,hi,incomplete_hesitant,False,caller
SAATHI_02848,Alert 112 control room and deploy the nearest response unit,REQUEST_POLICE_EMERGENCY_HELP,en,conversational,False,caller
SAATHI_02849,Hello... He locked me inside the apartment from the outside with no phone,ISOLATION_NO_SUPPORT,en,conversational,False,caller
SAATHI_02850,attacker bhag gaya hai ab koi threat nahi hai yahan,CURRENT_SAFETY_REASSURANCE,hinglish,short,True,caller
SAATHI_02851,"Dispatch a police patrol car to my location immediately, emergency pata nahi...",REQUEST_POLICE_EMERGENCY_HELP,en,incomplete_hesitant,False,caller
SAATHI_02852,कहता है अगर थाने गई तो ज़िंदा नहीं छोडूंगा,THREAT_INTIMIDATION,hi,standard,False,caller
SAATHI_02853,Frail elderly grandmother being neglected and abused by caretakers,CHILD_ELDERLY_DISABILITY_VULNERABILITY,en,spelling_variation,False,caller
SAATHI_02854,प्लीज... ससुर और ननद ताने मारते हैं और मुझे घर से निकालना चाहते हैं,DOMESTIC_FAMILY_VIOLENCE,hi,conversational,False,caller
SAATHI_02855,time ka idea nahi hai maybe 1 hour pehle ya 2 hours,UNCERTAINTY_UNCLEAR_INFO,hinglish,spelling_variation,False,caller
SAATHI_02856,I am locked in the bathroom while he is kicking the door outside,IMMEDIATE_PHYSICAL_DANGER,en,short,False,caller
SAATHI_02857,भीड़ हमारे घर के सामने इकट्ठा होकर नारे लगा रही है और धमका रही है,SOCIAL_COMMUNITY_PRESSURE,hi,incomplete_hesitant,False,caller
SAATHI_02858,Need legal counsel regarding child maintenance,REQUEST_COUNSELLING_LEGAL_MEDICAL,en,short,False,caller
SAATHI_02859,कृपया ध्यान दें... पूरा मोहल्ला हमारे खिलाफ हो गया है कोई दुकान वाला सामान नहीं दे रहा,SOCIAL_COMMUNITY_PRESSURE,hi,spelling_variation,False,caller
SAATHI_02860,मैं अपने पड़ोसियों के घर आ गई हूं यहां सब ठीक है,CURRENT_SAFETY_REASSURANCE,hi,incomplete_hesitant,True,caller
SAATHI_02861,Ma'am... Persistent stalking behavior that makes me afraid to leave my house,STALKING_FOLLOWING,en,conversational,False,caller
SAATHI_02862,"My mind is in a fog, I cannot recall the exact timeline",UNCERTAINTY_UNCLEAR_INFO,en,standard,False,caller
SAATHI_02863,pata nahi kon tha face covered tha identity unknown,UNCERTAINTY_UNCLEAR_INFO,hinglish,short,False,caller
SAATHI_02864,"हुक्का-पानी बंद करने का ऐलान कर दिया गया है बिरादरी द्वारा, मुझे बहुत चिंता हो रही है।",SOCIAL_COMMUNITY_PRESSURE,hi,compound_dialogue,False,caller
SAATHI_02865,"I am eight months pregnant and suffering complications from stress, I am urgently asking for intervention.",CHILD_ELDERLY_DISABILITY_VULNERABILITY,en,compound_dialogue,False,caller
SAATHI_02866,I am standing on the terrace edge thinking about jumping,SELF_HARM_CONCERN,en,standard,False,caller
SAATHI_02867,chest pain bohot severe hai heart attack jaise symptoms,MEDICAL_EMERGENCY,hinglish,conversational,False,caller
SAATHI_02868,एक अज्ञात आदमी कई दिनों से मेरे कदमों का पीछा कर रहा है,STALKING_FOLLOWING,hi,standard,False,caller
SAATHI_02869,कहता है अगर थाने गई तो ज़िंदा नहीं छोडूंगा jaldi...,THREAT_INTIMIDATION,hi,incomplete_hesitant,False,caller
SAATHI_02870,Our relatives are boycotting us due to patriarchal community dictates,SOCIAL_COMMUNITY_PRESSURE,en,spelling_variation,False,caller
SAATHI_02871,"At first it seemed he had left, but now shadows appeared at the window again",CONTRADICTORY_CHANGING_SITUATION,en,standard,False,caller
SAATHI_02872,doctor hospital mein old wound ki routine dressing kar rahe hain,NEUTRAL_NO_INDICATOR,hinglish,short,True,caller
SAATHI_02873,"The threat has subsided, thank you, no further danger present",CURRENT_SAFETY_REASSURANCE,en,short,True,caller
SAATHI_02874,madam... mohalla committee boycott karke torture kar rahi hai,SOCIAL_COMMUNITY_PRESSURE,hinglish,conversational,False,caller
SAATHI_02875,hum dost log prank kar rahe the serious kuch nahi hai,NEUTRAL_NO_INDICATOR,hinglish,incomplete_hesitant,True,caller
SAATHI_02876,maybe kuch bola usne but voice clear nahi suni,UNCERTAINTY_UNCLEAR_INFO,hinglish,standard,False,caller
SAATHI_02877,पति ने कहा कि तेरे बाप से 5 लाख ला नहीं तो मार डालूंगा please...,DOMESTIC_FAMILY_VIOLENCE,hi,incomplete_hesitant,False,caller
SAATHI_02878,मैं खुद को खत्म कर लेना चाहती हूं प्लीज,SELF_HARM_CONCERN,hi,standard,False,caller
SAATHI_02879,I am locked in the bathroom while he is kicking the door outside,IMMEDIATE_PHYSICAL_DANGER,en,spelling_variation,False,caller
SAATHI_02880,heart patient old grandmother hai unki tabiyat critical hai,CHILD_ELDERLY_DISABILITY_VULNERABILITY,hinglish,standard,False,caller
SAATHI_02881,मैं छत पर खड़ी हूं,SELF_HARM_CONCERN,hi,short,False,caller
SAATHI_02882,majboor kar raha hai ki main uski galat shartein manoon,COERCION_BLACKMAIL,hinglish,short,False,caller
SAATHI_02883,pehle laga chala gaya but ab shadow window par fir dikhi,CONTRADICTORY_CHANGING_SITUATION,hinglish,standard,False,caller
SAATHI_02884,"Nowhere safe to go, sitting on a bench in the cold with my bags",NO_SAFE_PLACE_HOMELESSNESS,en,spelling_variation,False,caller
SAATHI_02885,A man has been stalking,STALKING_FOLLOWING,en,short,False,caller
SAATHI_02886,slap kiya bohot zor se kaan se aawaz aana band ho gayi,PHYSICAL_VIOLENCE_INJURY,hinglish,short,False,caller
SAATHI_02887,"उसने मेरी स्कूटी में जीपीएस ट्रैकर लगा दिया है शायद, मुझे बहुत चिंता हो रही है।",STALKING_FOLLOWING,hi,compound_dialogue,False,caller
SAATHI_02888,सुनिए... सड़क के किनारे फुटपाथ पर बैठी हूं बहुत असुरक्षित महसूस हो रहा,NO_SAFE_PLACE_HOMELESSNESS,hi,conversational,False,caller
SAATHI_02889,"Severe head injury, pupil dilated, no verbal response from patient",MEDICAL_EMERGENCY,en,standard,False,caller
SAATHI_02890,blackmail karke keh raha hai relatives ko photo bhej dunga,COERCION_BLACKMAIL,hinglish,conversational,False,caller
SAATHI_02891,poison consume kar liya hai mouth se foam nikal raha hai ambulance jaldi,MEDICAL_EMERGENCY,hinglish,standard,False,caller
SAATHI_02892,ab jeene ka bilkul man nahi kar raha i want to end it all,SELF_HARM_CONCERN,hinglish,standard,False,caller
SAATHI_02893,वो मुझे जबरन अपने साथ ले जाने की कोशिश कर रहा था,SEXUAL_VIOLENCE_HARASSMENT,hi,incomplete_hesitant,False,caller
SAATHI_02894,He slashed my arm with a sharp blade causing a deep bleeding cut,PHYSICAL_VIOLENCE_INJURY,en,spelling_variation,False,caller
SAATHI_02895,I am calling to inquire about the working hours of your grievance cell,NEUTRAL_NO_INDICATOR,en,standard,True,caller
SAATHI_02896,मेरे पास मदद मांगने के लिए एक भी इंसान नहीं है,ISOLATION_NO_SUPPORT,hi,short,False,caller
SAATHI_02897,"He locked me inside the apartment from the outside with no phone, I am urgently asking for intervention.",ISOLATION_NO_SUPPORT,en,compound_dialogue,False,caller
SAATHI_02898,उसके पास हथियार है,IMMEDIATE_PHYSICAL_DANGER,hi,short,False,caller
SAATHI_02899,"itna pain hai ki khud ko finish kar lene ka mann kar raha, please kuch jaldi kijiye.",SELF_HARM_CONCERN,hinglish,compound_dialogue,False,caller
SAATHI_02900,मेरी चैट लीक करने की धमकी देकर गलत काम करने के लिए मजबूर कर रहा,COERCION_BLACKMAIL,hi,short,False,caller
SAATHI_02901,मैडम... वो गाड़ी लेकर चला गया है अब सब नॉर्मल है,CURRENT_SAFETY_REASSURANCE,hi,conversational,True,caller
SAATHI_02902,"usne bola agar police ke paas gayi toh jaan se maar dega, please kuch jaldi kijiye.",THREAT_INTIMIDATION,hinglish,compound_dialogue,False,caller
SAATHI_02903,My 85-year-old bedridden mother is with me and cannot walk or escape,CHILD_ELDERLY_DISABILITY_VULNERABILITY,en,spelling_variation,False,caller
SAATHI_02904,I am completely isolated and cut off from the outside world,ISOLATION_NO_SUPPORT,en,standard,False,caller
SAATHI_02905,"I am so frightened that I cannot think clearly right now, I am urgently asking for intervention.",FEAR_DISTRESS_PANIC,en,compound_dialogue,False,caller
SAATHI_02906,domestic violence act ke under rights ki information chahiye,REQUEST_COUNSELLING_LEGAL_MEDICAL,hinglish,standard,False,caller
SAATHI_02907,Need legal counsel regarding child maintenance and custody statutes,REQUEST_COUNSELLING_LEGAL_MEDICAL,en,spelling_variation,False,caller
SAATHI_02908,main room mein locked hoon wo darwaza kick kar raha hai,IMMEDIATE_PHYSICAL_DANGER,hinglish,spelling_variation,False,caller
SAATHI_02909,"Please provide information on how to obtain an official MLC medical report, I am urgently asking for intervention.",REQUEST_COUNSELLING_LEGAL_MEDICAL,en,compound_dialogue,False,caller
SAATHI_02910,I am having strong urges to cut myself and bleed out,SELF_HARM_CONCERN,en,standard,False,caller
SAATHI_02911,vague information hai mere paas confirm nahi bol sakti,UNCERTAINTY_UNCLEAR_INFO,hinglish,standard,False,caller
SAATHI_02912,मुझे ठीक से नहीं पता मैं कहां हूं सड़क का नाम याद नहीं आ रहा,UNCERTAINTY_UNCLEAR_INFO,hi,short,False,caller
SAATHI_02913,i am doubtful confirm nahi bata sakti,UNCERTAINTY_UNCLEAR_INFO,hinglish,conversational,False,caller
SAATHI_02914,ससुराल में मेरा फोन छीन लिया गया है ताकि किसी को ना बता सकूं,DOMESTIC_FAMILY_VIOLENCE,hi,short,False,caller
SAATHI_02915,"Alert 112 control room and deploy the nearest response unit, I am urgently asking for intervention.",REQUEST_POLICE_EMERGENCY_HELP,en,compound_dialogue,False,caller
SAATHI_02916,office mein senior ne physical favors demand kiye,SEXUAL_VIOLENCE_HARASSMENT,hinglish,standard,False,caller
SAATHI_02917,"मुफ्त विधिक सहायता (लीगल एड) कहां से मिलेगी?, मुझे बहुत चिंता हो रही है।",REQUEST_COUNSELLING_LEGAL_MEDICAL,hi,compound_dialogue,False,caller
SAATHI_02918,कृपया ध्यान दें... यौन उत्पीड़न किया गया है मेरे साथ ऑफिस में,SEXUAL_VIOLENCE_HARASSMENT,hi,spelling_variation,False,caller
SAATHI_02919,मेरी बात सुनिए... कहता है अगर पैसे नहीं दिए तो वीडियो सोशल मीडिया पर डाल दूंगा,COERCION_BLACKMAIL,hi,conversational,False,caller
SAATHI_02920,Requesting immediate cops assistance at landmark building,REQUEST_POLICE_EMERGENCY_HELP,en,spelling_variation,False,caller
SAATHI_02921,घरेलू प्रताड़ना इतनी बढ़ गई है कि जीना दूभर हो गया है suno na...,DOMESTIC_FAMILY_VIOLENCE,hi,incomplete_hesitant,False,caller
SAATHI_02922,"He is actively stalking me in person and recording videos of me, I am urgently asking for intervention.",STALKING_FOLLOWING,en,compound_dialogue,False,caller
SAATHI_02923,घर छोड़ना पड़ा जान बचाने के लिए पर अब कोई ठिकाना नहीं,NO_SAFE_PLACE_HOMELESSNESS,hi,short,False,caller
SAATHI_02924,Urgent police intervention needed to apprehend the armed trespasser jaldi...,REQUEST_POLICE_EMERGENCY_HELP,en,incomplete_hesitant,False,caller
SAATHI_02925,"I am terrified, my hands are trembling uncontrollably",FEAR_DISTRESS_PANIC,en,standard,False,caller
SAATHI_02926,time ka idea nahi hai maybe 1 hour pehle ya 2 hours,UNCERTAINTY_UNCLEAR_INFO,hinglish,short,False,caller
SAATHI_02927,The situation keeps alternating between tense silence and explosive fury,CONTRADICTORY_CHANGING_SITUATION,en,spelling_variation,False,caller
SAATHI_02928,उसने कहा अंजाम बहुत बुरा होगा समझ लो,THREAT_INTIMIDATION,hi,short,False,caller
SAATHI_02929,A stranger has been trailing behind my car for the past forty minutes,STALKING_FOLLOWING,en,short,False,caller
SAATHI_02930,biradari se nikalne ki threat de rahe hain sab log milkar,SOCIAL_COMMUNITY_PRESSURE,hinglish,standard,False,caller
SAATHI_02931,Looking for free legal aid services and representation in family court,REQUEST_COUNSELLING_LEGAL_MEDICAL,en,spelling_variation,False,caller
SAATHI_02932,He threatened to attack me on my way home,THREAT_INTIMIDATION,en,short,False,caller
SAATHI_02933,कोई दोस्त नहीं कोई सहारा नहीं किससे मदद मांगू समझ नहीं आ रहा,ISOLATION_NO_SUPPORT,hi,standard,False,caller
SAATHI_02934,"One minute the confrontation de-escalates, the next minute weapons come out",CONTRADICTORY_CHANGING_SITUATION,en,short,False,caller
SAATHI_02935,I am entirely on my own with zero emotional or financial support,ISOLATION_NO_SUPPORT,en,standard,False,caller
SAATHI_02936,"The situation has de-escalated, he left the premises",CURRENT_SAFETY_REASSURANCE,en,short,True,caller
SAATHI_02937,"मुझसे जबरदस्ती पैसे ऐंठ रहा है ब्लैकमेलिंग करके, मुझे बहुत चिंता हो रही है।",COERCION_BLACKMAIL,hi,compound_dialogue,False,caller
SAATHI_02938,"कल की खबर में देखा था कि पुलिस ने अपराधियों को पकड़ लिया, मुझे बहुत चिंता हो रही है।",NEUTRAL_NO_INDICATOR,hi,compound_dialogue,True,caller
SAATHI_02939,An angry crowd of locals has gathered outside demanding we withdraw,SOCIAL_COMMUNITY_PRESSURE,en,spelling_variation,False,caller
SAATHI_02940,He threatened to throw acid on me over a domestic dispute,DOMESTIC_FAMILY_VIOLENCE,en,standard,False,caller
SAATHI_02941,"wo darwaze ke bahar khada hai aur todne ki koshish kar raha, please kuch jaldi kijiye.",IMMEDIATE_PHYSICAL_DANGER,hinglish,compound_dialogue,False,caller
SAATHI_02942,Need urgent placement in a government shelter home or protective facility,NO_SAFE_PLACE_HOMELESSNESS,en,standard,False,caller
SAATHI_02943,कहा जा रहा है कि अगर पुलिस में गए तो कुल से बेदखल कर देंगे jaldi...,SOCIAL_COMMUNITY_PRESSURE,hi,incomplete_hesitant,False,caller
SAATHI_02944,He spiked my drink and tried to take sexual advantage of me,SEXUAL_VIOLENCE_HARASSMENT,en,standard,False,caller
SAATHI_02945,akeli band hoon ghar mein koi dekhne wala nahi jaldi...,ISOLATION_NO_SUPPORT,hinglish,incomplete_hesitant,False,caller
SAATHI_02946,हमारे पड़ोस में शादी का फंक्शन चल रहा है और डीजे बज रहा है suno na...,NEUTRAL_NO_INDICATOR,hi,incomplete_hesitant,True,caller
SAATHI_02947,husband ne mara aur bola ghar se nikal ja,DOMESTIC_FAMILY_VIOLENCE,hinglish,standard,False,caller
SAATHI_02948,not sure whether he was following me or just passing by,UNCERTAINTY_UNCLEAR_INFO,hinglish,short,False,caller
SAATHI_02949,कृपया ध्यान दें... जातिवादी सोच के तहत हमारे पूरे समुदाय को निशाना बनाया जा रहा है,DISCRIMINATION_CASTE_VULNERABILITY,hi,spelling_variation,False,caller
SAATHI_02950,madam... therapist se connect kijiye anxiety aur depression deal karne ke liye,REQUEST_COUNSELLING_LEGAL_MEDICAL,hinglish,conversational,False,caller
SAATHI_02951,"bahar nikalne nahi dete phone bhi restricted hai, please kuch jaldi kijiye.",ISOLATION_NO_SUPPORT,hinglish,compound_dialogue,False,caller
SAATHI_02952,थाने से फोर्स भेजिए यहां हथियार लेकर लोग खड़े हैं,REQUEST_POLICE_EMERGENCY_HELP,hi,conversational,False,caller
SAATHI_02953,He recorded me without my knowledge and is now blackmailing me for cash,COERCION_BLACKMAIL,en,spelling_variation,False,caller
SAATHI_02954,मेरी बच्ची दिव्यांग है व्हीलचेयर पर है हम भाग भी नहीं सकते,CHILD_ELDERLY_DISABILITY_VULNERABILITY,hi,standard,False,caller
SAATHI_02955,Ma'am... He is pounding on my door right now trying to break it down,IMMEDIATE_PHYSICAL_DANGER,en,conversational,False,caller
SAATHI_02956,He assaulted me physically and I am bleeding heavily from my head,PHYSICAL_VIOLENCE_INJURY,en,spelling_variation,False,caller
SAATHI_02957,कृपया ध्यान दें... सिर फट गया है बहुत ज्यादा ब्लीडिंग हो रही है बेहोश हो रहे हैं,MEDICAL_EMERGENCY,hi,spelling_variation,False,caller
SAATHI_02958,सर... मुझे शक है पर निश्चित तौर पर कुछ नहीं कह सकती,UNCERTAINTY_UNCLEAR_INFO,hi,conversational,False,caller
SAATHI_02959,Continuous unlawful surveillance,STALKING_FOLLOWING,en,short,False,caller
SAATHI_02960,अरे... मेरी बुजुर्ग दादी बिस्तर पर हैं और गुंडे घर में तोड़फोड़ कर रहे हैं,CHILD_ELDERLY_DISABILITY_VULNERABILITY,hi,conversational,False,caller
SAATHI_02961,Hello... He sent someone to deliver an open death threat,THREAT_INTIMIDATION,en,conversational,False,caller
SAATHI_02962,"i am doubtful confirm nahi bata sakti, please kuch jaldi kijiye.",UNCERTAINTY_UNCLEAR_INFO,hinglish,compound_dialogue,False,caller
SAATHI_02963,husband drink karke aata hai aur belt se marta hai,DOMESTIC_FAMILY_VIOLENCE,hinglish,short,False,caller
SAATHI_02964,advanced pregnancy stage mein physically assaulted,CHILD_ELDERLY_DISABILITY_VULNERABILITY,hinglish,standard,False,caller
SAATHI_02965,"I am facing severe domestic violence and physical assault from my spouse, I am urgently asking for intervention.",DOMESTIC_FAMILY_VIOLENCE,en,compound_dialogue,False,caller
SAATHI_02966,Could I schedule a session with a trauma therapist to cope with anxiety?,REQUEST_COUNSELLING_LEGAL_MEDICAL,en,standard,False,caller
SAATHI_02967,madam... autistic child hai panic attack ho raha hai continuous crying,CHILD_ELDERLY_DISABILITY_VULNERABILITY,hinglish,conversational,False,caller
SAATHI_02968,शादी के बाद से रोज घर में मारपीट और गाली-गलौज होती है,DOMESTIC_FAMILY_VIOLENCE,hi,standard,False,caller
SAATHI_02969,ab jeene ka bilkul man nahi kar raha i want to end it all,SELF_HARM_CONCERN,hinglish,incomplete_hesitant,False,caller
SAATHI_02970,हमलावर भाग गया है अब यहां कोई खतरा नहीं है,CURRENT_SAFETY_REASSURANCE,hi,short,True,caller
SAATHI_02971,please... sitting at public park shivering no safe sanctuary available,NO_SAFE_PLACE_HOMELESSNESS,hinglish,conversational,False,caller
SAATHI_02972,"My husband threw boiling water near my feet during an argument, I am urgently asking for intervention.",DOMESTIC_FAMILY_VIOLENCE,en,compound_dialogue,False,caller
SAATHI_02973,"My mind is in a fog, I cannot recall the exact timeline suno na...",UNCERTAINTY_UNCLEAR_INFO,en,incomplete_hesitant,False,caller
SAATHI_02974,कृपया ध्यान दें... पीसीआर वैन को कॉल करिए मेरी लोकेशन पर पुलिस की सख्त जरूरत है,REQUEST_POLICE_EMERGENCY_HELP,hi,spelling_variation,False,caller
SAATHI_02975,भीड़ हमारे घर के सामने इकट्ठा होकर नारे लगा रही है और धमका रही है,SOCIAL_COMMUNITY_PRESSURE,hi,standard,False,caller
SAATHI_02976,थाने से फोर्स भेजिए यहां हथियार लेकर लोग खड़े हैं,REQUEST_POLICE_EMERGENCY_HELP,hi,conversational,False,caller
SAATHI_02977,"Send an emergency team right now, the door lock is giving way please...",IMMEDIATE_PHYSICAL_DANGER,en,incomplete_hesitant,False,caller
SAATHI_02978,कृपया ध्यान दें... उसने मुझे थप्पड़ मारे और गला दबाने की कोशिश की,PHYSICAL_VIOLENCE_INJURY,hi,spelling_variation,False,caller
SAATHI_02979,उसने मुझे जमीन पर पटक कर लात-घूंसों से मारा pata nahi...,PHYSICAL_VIOLENCE_INJURY,hi,incomplete_hesitant,False,caller
SAATHI_02980,He assaulted me physically and I am bleeding heavily from my head,PHYSICAL_VIOLENCE_INJURY,en,spelling_variation,False,caller
SAATHI_02981,"I don't know the exact street address, everything is disorienting",UNCERTAINTY_UNCLEAR_INFO,en,short,False,caller
SAATHI_02982,"Everything is calm now, the dispute has settled",CURRENT_SAFETY_REASSURANCE,en,short,True,caller
SAATHI_02983,"untouchability practice karke humiliating treatment de rahe hain, please kuch jaldi kijiye.",DISCRIMINATION_CASTE_VULNERABILITY,hinglish,compound_dialogue,False,caller
SAATHI_02984,जहर खा लिया है मुंह से झाग निकल रहा है जल्दी एम्बुलेंस भेजो,MEDICAL_EMERGENCY,hi,short,False,caller
SAATHI_02985,husband drink karke aata hai aur belt se marta hai,DOMESTIC_FAMILY_VIOLENCE,hinglish,spelling_variation,False,caller
SAATHI_02986,I am standing on the terrace edge thinking about jumping,SELF_HARM_CONCERN,en,standard,False,caller
SAATHI_02987,जाति के आधार पर मुझे किराए का कमरा देने से मना कर दिया गया,DISCRIMINATION_CASTE_VULNERABILITY,hi,short,False,caller
SAATHI_02988,Community leaders are threatening our children if we do not comply,SOCIAL_COMMUNITY_PRESSURE,en,short,False,caller
SAATHI_02989,blackmail kar raha hai continuous money extortion chal raha,COERCION_BLACKMAIL,hinglish,spelling_variation,False,caller
SAATHI_02990,mera yahan koi nahi hai bilkul akeli hoon no relatives please...,ISOLATION_NO_SUPPORT,hinglish,incomplete_hesitant,False,caller
SAATHI_02991,bahut zyada nervous aur terrified feel kar rahi hoon,FEAR_DISTRESS_PANIC,hinglish,spelling_variation,False,caller
SAATHI_02992,He confiscated my documents and trapped me in total isolation,ISOLATION_NO_SUPPORT,en,incomplete_hesitant,False,caller
SAATHI_02993,Hello... I am trembling in horror at what might happen,FEAR_DISTRESS_PANIC,en,conversational,False,caller
SAATHI_02994,Hello... I just dialed to verify if this toll-free helpline number is active,NEUTRAL_NO_INDICATOR,en,conversational,True,caller
SAATHI_02995,"I am confined to this room and prohibited from speaking to anyone, I am urgently asking for intervention.",ISOLATION_NO_SUPPORT,en,compound_dialogue,False,caller
SAATHI_02996,bohot confused hoon mind blank ho gaya hai,UNCERTAINTY_UNCLEAR_INFO,hinglish,standard,False,caller
SAATHI_02997,कृपया ध्यान दें... मुझे लात मारी पेट में बहुत भयानक दर्द हो रहा है,PHYSICAL_VIOLENCE_INJURY,hi,spelling_variation,False,caller
SAATHI_02998,I am eight months pregnant and suffering complications from stress,CHILD_ELDERLY_DISABILITY_VULNERABILITY,en,conversational,False,caller
SAATHI_02999,tv serial mein thriller climax scene dekh rahe the hum log,NEUTRAL_NO_INDICATOR,hinglish,spelling_variation,True,caller
SAATHI_03000,मैडम... पहले लगा कि समझौता हो गया पर अब फिर से गाली-गलौज शुरू हो गई,CONTRADICTORY_CHANGING_SITUATION,hi,conversational,False,caller
SAATHI_03001,मुझे किसी अच्छे वकील से कानूनी सलाह चाहिए केस करने के लिए,REQUEST_COUNSELLING_LEGAL_MEDICAL,hi,short,False,caller
SAATHI_03002,he broke the window glass and trying to enter inside,IMMEDIATE_PHYSICAL_DANGER,hinglish,standard,False,caller
SAATHI_03003,"untouchability practice karke humiliating treatment de rahe hain, please kuch jaldi kijiye.",DISCRIMINATION_CASTE_VULNERABILITY,hinglish,compound_dialogue,False,caller
SAATHI_03004,darwaza tootne wala hai please save me right now,IMMEDIATE_PHYSICAL_DANGER,hinglish,short,False,caller
SAATHI_03005,"domestic abuse itna zyada hai ki main endure nahi kar sakti, please kuch jaldi kijiye.",DOMESTIC_FAMILY_VIOLENCE,hinglish,compound_dialogue,False,caller
SAATHI_03006,wo mere padosiyon se pooch raha tha mere baare mein stalker,STALKING_FOLLOWING,hinglish,short,False,caller
SAATHI_03007,"no landmark visible nearby just empty road, please kuch jaldi kijiye.",UNCERTAINTY_UNCLEAR_INFO,hinglish,compound_dialogue,False,caller
SAATHI_03008,Requesting legal advisor consultation regarding divorce petition please...,REQUEST_COUNSELLING_LEGAL_MEDICAL,en,incomplete_hesitant,False,caller
SAATHI_03009,sasural wale roz torture karte hain phone cheen liya jaldi...,DOMESTIC_FAMILY_VIOLENCE,hinglish,incomplete_hesitant,False,caller
SAATHI_03010,kuch galat hone ka bohot darr lag raha hai mujhe,FEAR_DISTRESS_PANIC,hinglish,incomplete_hesitant,False,caller
SAATHI_03011,हमें बचाने के लिए फौरन पुलिस बल की तैनाती की जाए,REQUEST_POLICE_EMERGENCY_HELP,hi,short,False,caller
SAATHI_03012,कहता है अगर थाने गई तो ज़िंदा नहीं छोडूंगा pata nahi...,THREAT_INTIMIDATION,hi,incomplete_hesitant,False,caller
SAATHI_03013,Pregnant patient in severe hemorrhagic shock and extreme labor pain,MEDICAL_EMERGENCY,en,conversational,False,caller
SAATHI_03014,मेरे पास रहने की कोई जगह नहीं है ठंड में रेलवे स्टेशन पर हूं,NO_SAFE_PLACE_HOMELESSNESS,hi,short,False,caller
SAATHI_03015,कृपया ध्यान दें... कभी कहता है प्यार करता है और कभी जान से मारने पर उतारू हो जाता है,CONTRADICTORY_CHANGING_SITUATION,hi,spelling_variation,False,caller
SAATHI_03016,Could I schedule a session with a trauma therapist to cope with anxiety? please...,REQUEST_COUNSELLING_LEGAL_MEDICAL,en,incomplete_hesitant,False,caller
SAATHI_03017,"room mein lock karke chala gaya hai bahar se taala hai, please kuch jaldi kijiye.",ISOLATION_NO_SUPPORT,hinglish,compound_dialogue,False,caller
SAATHI_03018,We have been ostracized and shops are barred from selling us groceries,SOCIAL_COMMUNITY_PRESSURE,en,conversational,False,caller
SAATHI_03019,high fever convulsions seizures aa rahe hain medical help needed,MEDICAL_EMERGENCY,hinglish,spelling_variation,False,caller
SAATHI_03020,"I think I heard something suspicious, but I cannot be certain pata nahi...",UNCERTAINTY_UNCLEAR_INFO,en,incomplete_hesitant,False,caller
SAATHI_03021,no friends no family members kis se help maangu jaldi...,ISOLATION_NO_SUPPORT,hinglish,incomplete_hesitant,False,caller
SAATHI_03022,"lathi leke do log mere ghar ke bahar khade hain ghus rahe hain, please kuch jaldi kijiye.",IMMEDIATE_PHYSICAL_DANGER,hinglish,compound_dialogue,False,caller
SAATHI_03023,"डिप्रेशन से निपटने के लिए मुझे किसी थेरेपिस्ट से बात करनी है, मुझे बहुत चिंता हो रही है।",REQUEST_COUNSELLING_LEGAL_MEDICAL,hi,compound_dialogue,False,caller
SAATHI_03024,Please listen... Social harassment where neighbors spit and insult us when we step outside,SOCIAL_COMMUNITY_PRESSURE,en,conversational,False,caller
SAATHI_03025,"I don't know the exact street address, everything is disorienting",UNCERTAINTY_UNCLEAR_INFO,en,spelling_variation,False,caller
SAATHI_03026,I need legal guidance from an attorney regarding my matrimonial rights,REQUEST_COUNSELLING_LEGAL_MEDICAL,en,spelling_variation,False,caller
SAATHI_03027,वो मुझे किसी अवैध काम में शामिल होने के लिए ब्लैकमेल कर रहा है,COERCION_BLACKMAIL,hi,short,False,caller
SAATHI_03028,He follows me into convenience stores and stands right behind me,STALKING_FOLLOWING,en,standard,False,caller
SAATHI_03029,प्लीज... मैं सुन और बोल नहीं सकती मुझे लिखित में मदद चाहिए,CHILD_ELDERLY_DISABILITY_VULNERABILITY,hi,conversational,False,caller
SAATHI_03030,कृपया ध्यान दें... मैं बाथरूम में बंद हूं वो बाहर कुल्हाड़ी लेकर खड़ा है,IMMEDIATE_PHYSICAL_DANGER,hi,spelling_variation,False,caller
SAATHI_03031,"I have visible contusions and open wounds from physical battering, I am urgently asking for intervention.",PHYSICAL_VIOLENCE_INJURY,en,compound_dialogue,False,caller
SAATHI_03032,"How can I apply for state legal services authority legal counsel?, I am urgently asking for intervention.",REQUEST_COUNSELLING_LEGAL_MEDICAL,en,compound_dialogue,False,caller
SAATHI_03033,Targeted with untouchability practices and public caste humiliation,DISCRIMINATION_CASTE_VULNERABILITY,en,conversational,False,caller
SAATHI_03034,I have suicidal thoughts and I feel like harming myself,SELF_HARM_CONCERN,en,spelling_variation,False,caller
SAATHI_03035,pehle he said police bulaega then khud bhaagne laga jaldi...,CONTRADICTORY_CHANGING_SITUATION,hinglish,incomplete_hesitant,False,caller
SAATHI_03036,He warned me that nobody will be able to protect me from him,THREAT_INTIMIDATION,en,spelling_variation,False,caller
SAATHI_03037,I have a physical locomotor disability and cannot defend myself,CHILD_ELDERLY_DISABILITY_VULNERABILITY,en,conversational,False,caller
SAATHI_03038,पेट में तेज दर्द है और खून की उल्टियां हो रही हैं,MEDICAL_EMERGENCY,hi,standard,False,caller
SAATHI_03039,अरे... खिड़की का कांच तोड़ दिया है उसने वो अंदर आ रहा है,IMMEDIATE_PHYSICAL_DANGER,hi,conversational,False,caller
SAATHI_03040,कृपया ध्यान दें... मेरे साथ अस्सी साल की बुजुर्ग मां हैं जो चल-फिर नहीं सकतीं,CHILD_ELDERLY_DISABILITY_VULNERABILITY,hi,spelling_variation,False,caller
SAATHI_03041,मैं अलमारी के पीछे छुपी हूं वो ढूंढ रहा है मुझे suno na...,IMMEDIATE_PHYSICAL_DANGER,hi,incomplete_hesitant,False,caller
SAATHI_03042,कृपया ध्यान दें... मेरी चैट लीक करने की धमकी देकर गलत काम करने के लिए मजबूर कर रहा,COERCION_BLACKMAIL,hi,spelling_variation,False,caller
SAATHI_03043,"Please instruct the local police station to dispatch an emergency squad, I am urgently asking for intervention.",REQUEST_POLICE_EMERGENCY_HELP,en,compound_dialogue,False,caller
SAATHI_03044,Ma'am... Sitting at the desolate bus depot feeling extremely unsafe and exposed,NO_SAFE_PLACE_HOMELESSNESS,en,conversational,False,caller
SAATHI_03045,chhat pe khadi hoon neeche koodne ka dil kar raha hai,SELF_HARM_CONCERN,hinglish,spelling_variation,False,caller
SAATHI_03046,arre... mujhe bohot darr lag raha hai hath pair kaamp rahe hain,FEAR_DISTRESS_PANIC,hinglish,conversational,False,caller
SAATHI_03047,"धर्मशाला वालों ने भी मना कर दिया अब कहां जाऊं इस वक्त, मुझे बहुत चिंता हो रही है।",NO_SAFE_PLACE_HOMELESSNESS,hi,compound_dialogue,False,caller
SAATHI_03048,"Hello... He attacked me with a blunt iron rod, my arm is badly fractured",PHYSICAL_VIOLENCE_INJURY,en,conversational,False,caller
SAATHI_03049,प्लीज... साइकोलॉजिकल काउंसलिंग सेशन चाहिए बहुत तनाव में हूं,REQUEST_COUNSELLING_LEGAL_MEDICAL,hi,conversational,False,caller
SAATHI_03050,समय का अंदाजा नहीं है शायद एक घंटा पहले या दो घंटे पहले,UNCERTAINTY_UNCLEAR_INFO,hi,short,False,caller
SAATHI_03051,"मोहल्ले की सभा में हमें बदनाम और प्रताड़ित किया गया, मुझे बहुत चिंता हो रही है।",SOCIAL_COMMUNITY_PRESSURE,hi,compound_dialogue,False,caller
SAATHI_03052,poora mohalla boycott kar chuka hai grocery shop wale saman nahi dete,SOCIAL_COMMUNITY_PRESSURE,hinglish,spelling_variation,False,caller
SAATHI_03053,Initial calm conversation suddenly flipped into a hostile hostage scenario please...,CONTRADICTORY_CHANGING_SITUATION,en,incomplete_hesitant,False,caller
SAATHI_03054,I have an infant newborn in my arms and we were thrown out onto the street,CHILD_ELDERLY_DISABILITY_VULNERABILITY,en,standard,False,caller
SAATHI_03055,The police department is conducting a women safety awareness rally,NEUTRAL_NO_INDICATOR,en,short,True,caller
SAATHI_03056,parents expire ho chuke hain koi apna nahi bacha,ISOLATION_NO_SUPPORT,hinglish,short,False,caller
SAATHI_03057,"darr se room ka gate kholne ki himmat nahi ho rahi, please kuch jaldi kijiye.",FEAR_DISTRESS_PANIC,hinglish,compound_dialogue,False,caller
SAATHI_03058,Land grabbing attempt coupled with caste discrimination and threats jaldi...,DISCRIMINATION_CASTE_VULNERABILITY,en,incomplete_hesitant,False,caller
SAATHI_03059,My husband comes home intoxicated,DOMESTIC_FAMILY_VIOLENCE,en,short,False,caller
SAATHI_03060,Severe social stigmatization and mob intimidation in our village,SOCIAL_COMMUNITY_PRESSURE,en,standard,False,caller
SAATHI_03061,I have safely reached the local police station and I am secure now suno na...,CURRENT_SAFETY_REASSURANCE,en,incomplete_hesitant,True,caller
SAATHI_03062,मेरे पति रोज मारते हैं और मायके वालों से बात नहीं करने देते suno na...,DOMESTIC_FAMILY_VIOLENCE,hi,incomplete_hesitant,False,caller
SAATHI_03063,"अभी तक सब शांत था पर अचानक फिर से चिल्लाने की आवाजें आ रही हैं, मुझे बहुत चिंता हो रही है।",CONTRADICTORY_CHANGING_SITUATION,hi,compound_dialogue,False,caller
SAATHI_03064,inappropriate places par touch kiya bina consent ke,SEXUAL_VIOLENCE_HARASSMENT,hinglish,spelling_variation,False,caller
SAATHI_03065,koi ek person bhi nahi jisko call karke bula sakoon,ISOLATION_NO_SUPPORT,hinglish,standard,False,caller
SAATHI_03066,Elderly disabled grandfather is unconscious on the floor,CHILD_ELDERLY_DISABILITY_VULNERABILITY,en,standard,False,caller
SAATHI_03067,"गांव की पंचायत ने हमारे परिवार का सामाजिक बहिष्कार कर दिया है, मुझे बहुत चिंता हो रही है।",SOCIAL_COMMUNITY_PRESSURE,hi,compound_dialogue,False,caller
SAATHI_03068,"Sudden seizure and loss of consciousness requiring immediate ICU care, I am urgently asking for intervention.",MEDICAL_EMERGENCY,en,compound_dialogue,False,caller
SAATHI_03069,padosi ke ghar shift ho gayi hoon everything is fine now,CURRENT_SAFETY_REASSURANCE,hinglish,standard,True,caller
SAATHI_03070,He threatnd to distribute forged defamatory pictures to my employers,COERCION_BLACKMAIL,en,spelling_variation,False,caller
SAATHI_03071,कृपया ध्यान दें... मजबूर किया जा रहा है कि मैं अपने केस को वापस ले लूं,COERCION_BLACKMAIL,hi,spelling_variation,False,caller
SAATHI_03072,धर्मशाला वालों ने भी मना कर दिया अब कहां जाऊं इस वक्त,NO_SAFE_PLACE_HOMELESSNESS,hi,conversational,False,caller
SAATHI_03073,"unconscious on the floor pulse bohot weak hai, please kuch jaldi kijiye.",MEDICAL_EMERGENCY,hinglish,compound_dialogue,False,caller
SAATHI_03074,Small toddlers crying hysterically while attackers bang on the gate,CHILD_ELDERLY_DISABILITY_VULNERABILITY,en,standard,False,caller
SAATHI_03075,He punched me repeatedly in the face and fractured my jaw please...,PHYSICAL_VIOLENCE_INJURY,en,incomplete_hesitant,False,caller
SAATHI_03076,no roof over head kahan jaaun for night shelter pata nahi...,NO_SAFE_PLACE_HOMELESSNESS,hinglish,incomplete_hesitant,False,caller
SAATHI_03077,सुनिए... शायद वो कोई सफेद गाड़ी थी या काली ठीक से नहीं देखा,UNCERTAINTY_UNCLEAR_INFO,hi,conversational,False,caller
SAATHI_03078,Officers have secured the premises and everyone is safe,CURRENT_SAFETY_REASSURANCE,en,conversational,True,caller
SAATHI_03079,pcr van bhej do meri location par urgent police assistance needed,REQUEST_POLICE_EMERGENCY_HELP,hinglish,short,False,caller
SAATHI_03080,koi support system nahi hai mere paas I am all by myself,ISOLATION_NO_SUPPORT,hinglish,spelling_variation,False,caller
SAATHI_03081,पहले लगा कि समझौता हो गया पर अब फिर से गाली-गलौज शुरू हो गई,CONTRADICTORY_CHANGING_SITUATION,hi,conversational,False,caller
SAATHI_03082,स्टॉकिंग हो रही है मेरे साथ रोज रास्ते में रोकता है,STALKING_FOLLOWING,hi,short,False,caller
SAATHI_03083,"he threatened me saying zinda nahi chodega, please kuch jaldi kijiye.",THREAT_INTIMIDATION,hinglish,compound_dialogue,False,caller
SAATHI_03084,I noticed the same man following on foot whenever I walk my dog pata nahi...,STALKING_FOLLOWING,en,incomplete_hesitant,False,caller
SAATHI_03085,कृपया ध्यान दें... घर छोड़ना पड़ा जान बचाने के लिए पर अब कोई ठिकाना नहीं,NO_SAFE_PLACE_HOMELESSNESS,hi,spelling_variation,False,caller
SAATHI_03086,लगातार ब्लैकमेल के जाल में फंसा कर रखा है मुझे pata nahi...,COERCION_BLACKMAIL,hi,incomplete_hesitant,False,caller
SAATHI_03087,dalit hone ki wajah se mandir mein enter karne par maara aur fir...,DISCRIMINATION_CASTE_VULNERABILITY,hinglish,incomplete_hesitant,False,caller
SAATHI_03088,कृपया ध्यान दें... वो मेरे पड़ोसियों से मेरे बारे में पूछताछ कर रहा था,STALKING_FOLLOWING,hi,spelling_variation,False,caller
SAATHI_03089,"मुझे बहुत डर लग रहा है हाथ पैर कांप रहे हैं, मुझे बहुत चिंता हो रही है।",FEAR_DISTRESS_PANIC,hi,compound_dialogue,False,caller
SAATHI_03090,agar aisi hi life rahi toh main zinda nahi rahungi suicide kar lungi,SELF_HARM_CONCERN,hinglish,standard,False,caller
SAATHI_03091,I am calling to inquire about the working hours of your grievance cell,NEUTRAL_NO_INDICATOR,en,incomplete_hesitant,True,caller
SAATHI_03092,Escaped violent situation but now stranded without any safe place,NO_SAFE_PLACE_HOMELESSNESS,en,spelling_variation,False,caller
SAATHI_03093,please 112 ko alert kijiye need immediate police escort,REQUEST_POLICE_EMERGENCY_HELP,hinglish,standard,False,caller
SAATHI_03094,उसने मेरे प्राइवेट पार्ट्स पर हाथ लगाया बदतमीजी की,SEXUAL_VIOLENCE_HARASSMENT,hi,short,False,caller
SAATHI_03095,Our relatives are boycotting us due to patriarchal community dictates,SOCIAL_COMMUNITY_PRESSURE,en,short,False,caller
SAATHI_03096,"suicidal thoughts aa rahe hain continue mujhse tolerate nahi ho raha, please kuch jaldi kijiye.",SELF_HARM_CONCERN,hinglish,compound_dialogue,False,caller
SAATHI_03097,"police pcr van has arrived they are standing outside, please kuch jaldi kijiye.",CURRENT_SAFETY_REASSURANCE,hinglish,compound_dialogue,True,caller
SAATHI_03098,disability ki wajah se main physically resist nahi kar pa raha,CHILD_ELDERLY_DISABILITY_VULNERABILITY,hinglish,conversational,False,caller
SAATHI_03099,My in-laws starve me and lock me in a room without food or water suno na...,DOMESTIC_FAMILY_VIOLENCE,en,incomplete_hesitant,False,caller
SAATHI_03100,"Minor orphaned children left completely unattended in an unsafe area, I am urgently asking for intervention.",CHILD_ELDERLY_DISABILITY_VULNERABILITY,en,compound_dialogue,False,caller
SAATHI_03101,"Forced out of my residence without any money or temporary shelter, I am urgently asking for intervention.",NO_SAFE_PLACE_HOMELESSNESS,en,compound_dialogue,False,caller
SAATHI_03102,कृपया ध्यान दें... हमारी जाति का नाम लेकर बेइज्जत किया और काम से निकाल दिया,DISCRIMINATION_CASTE_VULNERABILITY,hi,spelling_variation,False,caller
SAATHI_03103,ऑफिस के बाहर खड़े होकर मेरा इंतजार करता है और घूरता रहता है,STALKING_FOLLOWING,hi,standard,False,caller
SAATHI_03104,कृपया ध्यान दें... कभी हाथ जोड़ता है फिर अचानक कॉलर पकड़ लेता है,CONTRADICTORY_CHANGING_SITUATION,hi,spelling_variation,False,caller
SAATHI_03105,"Destitute and homeless in need of immediate emergency housing support, I am urgently asking for intervention.",NO_SAFE_PLACE_HOMELESSNESS,en,compound_dialogue,False,caller
SAATHI_03106,bike se follow karta hai roz office se aate waqt,STALKING_FOLLOWING,hinglish,short,False,caller
SAATHI_03107,kabhi sorry bolta hai fir next second throat choke karta hai,CONTRADICTORY_CHANGING_SITUATION,hinglish,short,False,caller
SAATHI_03108,police department awareness program run kar raha hai safety par,NEUTRAL_NO_INDICATOR,hinglish,short,True,caller
SAATHI_03109,"मेरे शरीर पर चोट के निशान हैं मुझे बहुत दर्द हो रहा है, मुझे बहुत चिंता हो रही है।",PHYSICAL_VIOLENCE_INJURY,hi,compound_dialogue,False,caller
SAATHI_03110,madam... free legal aid kahan se milegi guidance dijiye,REQUEST_COUNSELLING_LEGAL_MEDICAL,hinglish,conversational,False,caller
SAATHI_03111,blade se hath kaatne ka soch rahi hoon,SELF_HARM_CONCERN,hinglish,spelling_variation,False,caller
SAATHI_03112,मेरी गोद में तीन महीने का छोटा बच्चा है और हमें बाहर निकाल दिया please...,CHILD_ELDERLY_DISABILITY_VULNERABILITY,hi,incomplete_hesitant,False,caller
SAATHI_03113,"I want to murder myself, the agony is completely unbearable",SELF_HARM_CONCERN,en,spelling_variation,False,caller
SAATHI_03114,My husband confiscated my phone,DOMESTIC_FAMILY_VIOLENCE,en,short,False,caller
SAATHI_03115,"वो पेट्रोल की बोतल लेकर दरवाजे पर आ गया है, मुझे बहुत चिंता हो रही है।",IMMEDIATE_PHYSICAL_DANGER,hi,compound_dialogue,False,caller
SAATHI_03116,सामंतवादी लोग हमारी फसल खराब कर रहे हैं क्योंकि हम पिछड़े वर्ग से हैं,DISCRIMINATION_CASTE_VULNERABILITY,hi,standard,False,caller
SAATHI_03117,अब स्थिति सामान्य है उसने माफी मांग ली,CURRENT_SAFETY_REASSURANCE,hi,short,True,caller
SAATHI_03118,He threatened to destroy my life and harm my reputation,THREAT_INTIMIDATION,en,conversational,False,caller
SAATHI_03119,"पुलिस की पीसीआर वैन आ गई है और वो मेरे साथ हैं, मुझे बहुत चिंता हो रही है।",CURRENT_SAFETY_REASSURANCE,hi,compound_dialogue,True,caller
SAATHI_03120,मेरे पास कोई सपोर्ट सिस्टम नहीं है मैं बिल्कुल तन्हा हूं please...,ISOLATION_NO_SUPPORT,hi,incomplete_hesitant,False,caller
SAATHI_03121,"सिर पर डंडा मारा है खून लगातार बह रहा है, मुझे बहुत चिंता हो रही है।",PHYSICAL_VIOLENCE_INJURY,hi,compound_dialogue,False,caller
SAATHI_03122,कृपया ध्यान दें... मुझे समझ नहीं आ रहा वो दोस्त है या दुश्मन अजीब बर्ताव कर रहा,CONTRADICTORY_CHANGING_SITUATION,hi,spelling_variation,False,caller
SAATHI_03123,My in-laws are demanding five lakh rupees and beating me mercilessly suno na...,DOMESTIC_FAMILY_VIOLENCE,en,incomplete_hesitant,False,caller
SAATHI_03124,पीसीआर वैन को कॉल करिए मेरी लोकेशन पर पुलिस की सख्त जरूरत है,REQUEST_POLICE_EMERGENCY_HELP,hi,short,False,caller
SAATHI_03125,मैडम... साइकोलॉजिकल काउंसलिंग सेशन चाहिए बहुत तनाव में हूं,REQUEST_COUNSELLING_LEGAL_MEDICAL,hi,conversational,False,caller
SAATHI_03126,"roz call karke dhamki deta hai bahar nikal, please kuch jaldi kijiye.",THREAT_INTIMIDATION,hinglish,compound_dialogue,False,caller
SAATHI_03127,"I don't see any reason to live anymore, I want to end my life suno na...",SELF_HARM_CONCERN,en,incomplete_hesitant,False,caller
SAATHI_03128,"Ma'am... Shelterless at 2 AM, suspicious individuals circling around me",NO_SAFE_PLACE_HOMELESSNESS,en,conversational,False,caller
SAATHI_03129,pehle dhamki di fir rone laga apology mangne laga,CONTRADICTORY_CHANGING_SITUATION,hinglish,standard,False,caller
SAATHI_03130,"निचली जाति का कहकर स्कूल में मेरे बच्चे को अलग बिठाया गया, मुझे बहुत चिंता हो रही है।",DISCRIMINATION_CASTE_VULNERABILITY,hi,compound_dialogue,False,caller
SAATHI_03131,पीछा करके उसने मुझे अकेला पाकर बात करने के लिए रोका,STALKING_FOLLOWING,hi,conversational,False,caller
SAATHI_03132,I bought rat poison and I am staring at it right now,SELF_HARM_CONCERN,en,spelling_variation,False,caller
SAATHI_03133,Grievous open fracture with heavy arterial bleeding at the scene,MEDICAL_EMERGENCY,en,short,False,caller
SAATHI_03134,har jagah follow karta hai mujhe safe feel nahi ho raha aur fir...,STALKING_FOLLOWING,hinglish,incomplete_hesitant,False,caller
SAATHI_03135,He forced himself on top of me despite my continuous screaming,SEXUAL_VIOLENCE_HARASSMENT,en,standard,False,caller
SAATHI_03136,ghabra gayi hoon samajh nahi aa raha kya karoon,FEAR_DISTRESS_PANIC,hinglish,spelling_variation,False,caller
SAATHI_03137,drama rehearsal chal raha tha theater performance ke liye,NEUTRAL_NO_INDICATOR,hinglish,spelling_variation,True,caller
SAATHI_03138,meri daughter disabled hai wheelchair par hum bhaag nahi sakte,CHILD_ELDERLY_DISABILITY_VULNERABILITY,hinglish,standard,False,caller
SAATHI_03139,Looking for free legal aid services,REQUEST_COUNSELLING_LEGAL_MEDICAL,en,short,False,caller
SAATHI_03140,husband ne aadhi raat ko ghar se nikal diya road par hoon aur fir...,NO_SAFE_PLACE_HOMELESSNESS,hinglish,incomplete_hesitant,False,caller
SAATHI_03141,"Our college is hosting a martial arts and self-defense sports competition, I am urgently asking for intervention.",NEUTRAL_NO_INDICATOR,en,compound_dialogue,True,caller
SAATHI_03142,कृपया ध्यान दें... मुझे किसी अच्छे वकील से कानूनी सलाह चाहिए केस करने के लिए,REQUEST_COUNSELLING_LEGAL_MEDICAL,hi,spelling_variation,False,caller
SAATHI_03143,Ma'am... Blackmail coercion threatening to ruin my marriage and future,COERCION_BLACKMAIL,en,conversational,False,caller
SAATHI_03144,Third-degree burns across chest,MEDICAL_EMERGENCY,en,short,False,caller
SAATHI_03145,वो गंदी-गंदी बातें बोलकर मुझे छूने की कोशिश करता है pata nahi...,SEXUAL_VIOLENCE_HARASSMENT,hi,incomplete_hesitant,False,caller
SAATHI_03146,मेरी बात सुनिए... घबराहट के मारे चक्कर आ रहे हैं मुझे,FEAR_DISTRESS_PANIC,hi,conversational,False,caller
SAATHI_03147,जातिवादी सोच के तहत हमारे पूरे समुदाय को निशाना बनाया जा रहा है,DISCRIMINATION_CASTE_VULNERABILITY,hi,short,False,caller
SAATHI_03148,I have an infant newborn in my arms and we were thrown out onto the street please...,CHILD_ELDERLY_DISABILITY_VULNERABILITY,en,incomplete_hesitant,False,caller
SAATHI_03149,"Massive laceration, pressure bandage soaked in blood, patient fainting",MEDICAL_EMERGENCY,en,spelling_variation,False,caller
SAATHI_03150,I want information about filing under the Domestic Violence Act aur fir...,REQUEST_COUNSELLING_LEGAL_MEDICAL,en,incomplete_hesitant,False,caller
